Date,Delay_Days,Geopolitical_Risk_Index,Shipping_Cost,Shipping_Mode,Trade_Route,Brent_Oil_Price
2024-04-05,0,0.81,1611.81,Sea,Pacific,91.17
2024-04-05,0,0.49,2962.86,Sea,Suez,91.17
2024-04-05,0,0.7,5920.25,Sea,Suez,91.17
2024-04-05,17,0.59,4254.83,Sea,Suez,91.17
2024-04-05,0,0.52,112.48,Sea,Atlantic,91.17
2024-04-05,0,0.26,630.0,Sea,Suez,91.17
2024-04-05,0,0.3,3778.45,Sea,Commodity,91.17
2024-04-05,0,0.78,2898.73,Sea,Suez,91.17
2024-04-05,0,0.14,3309.42,Sea,Commodity,91.17
2024-04-05,0,0.12,4366.32,Sea,Suez,91.17
2024-04-05,0,0.33,5244.86,Air,Pacific,91.17
2024-04-05,0,0.53,4433.94,Sea,Suez,91.17
2024-04-05,0,0.33,4452.84,Sea,Suez,91.17
2024-04-05,0,0.43,6738.16,Sea,Pacific,91.17
2024-04-05,0,0.79,8399.58,Sea,Pacific,91.17
2024-04-05,5,0.24,4609.64,Sea,Atlantic,91.17
2024-04-05,0,0.14,48642.66,Air,Pacific,91.17
2025-01-28,0,0.46,13699.18,Air,Suez,77.49
2025-01-28,0,0.19,3264.76,Sea,Pacific,77.49
2025-01-28,0,0.49,6834.63,Sea,Pacific,77.49
2025-01-28,0,0.81,4410.07,Sea,Atlantic,77.49
2025-01-28,0,0.21,35025.26,Air,Commodity,77.49
2025-01-28,0,0.65,6166.05,Sea,Atlantic,77.49
2025-01-28,0,0.57,73967.41,Air,Pacific,77.49
2025-01-28,0,0.55,34824.62,Air,Atlantic,77.49
2025-01-28,0,0.58,4196.48,Sea,Commodity,77.49
2025-01-28,0,0.72,7492.32,Sea,Commodity,77.49
2025-01-28,0,0.16,3528.14,Air,Suez,77.49
2025-01-28,0,0.49,2500.97,Sea,Suez,77.49
2025-01-28,0,0.58,996.98,Sea,Intra-Asia,77.49
2025-02-04,0,0.88,5448.24,Sea,Commodity,76.2
2025-02-04,2,0.32,1175.39,Sea,Pacific,76.2
2025-02-04,0,0.23,707.87,Sea,Suez,76.2
2025-02-04,0,0.24,1481.18,Sea,Atlantic,76.2
2025-02-04,12,0.72,19713.26,Sea,Suez,76.2
2025-02-04,0,0.84,48525.4,Air,Commodity,76.2
2025-02-04,0,0.69,3728.14,Sea,Pacific,76.2
2025-02-04,0,0.18,2280.35,Sea,Commodity,76.2
2025-02-04,4,0.83,2802.1,Sea,Commodity,76.2
2025-02-04,0,0.25,480.0,Sea,Suez,76.2
2025-02-04,0,0.74,601.17,Sea,Suez,76.2
2025-02-04,0,0.32,1399.2,Sea,Atlantic,76.2
2025-02-04,0,0.71,2244.38,Sea,Atlantic,76.2
2025-02-04,0,0.82,78618.54,Air,Pacific,76.2
2025-02-04,0,0.45,66176.55,Air,Intra-Asia,76.2
2025-02-04,0,0.44,4367.52,Sea,Suez,76.2
2025-02-04,0,0.22,2995.1,Sea,Suez,76.2
2025-02-04,0,0.59,5470.39,Sea,Atlantic,76.2
2025-02-04,0,0.29,9400.88,Air,Pacific,76.2
2025-02-04,0,0.81,3352.12,Sea,Pacific,76.2
2025-02-04,0,0.39,2627.1,Sea,Pacific,76.2
2025-02-04,2,0.7,4795.61,Sea,Atlantic,76.2
2025-05-20,0,0.55,1215.98,Sea,Atlantic,65.38
2025-05-20,0,0.49,2208.18,Sea,Commodity,65.38
2025-05-20,0,0.14,3858.33,Sea,Atlantic,65.38
2025-05-20,0,0.76,6429.28,Sea,Suez,65.38
2025-05-20,0,0.31,6291.28,Sea,Intra-Asia,65.38
2025-05-20,0,0.55,5504.05,Sea,Commodity,65.38
2025-05-20,11,0.66,5043.74,Sea,Suez,65.38
2025-05-20,0,0.43,1808.23,Sea,Pacific,65.38
2025-05-20,0,0.21,5428.06,Sea,Intra-Asia,65.38
2025-05-20,0,0.81,1636.24,Sea,Atlantic,65.38
2025-05-20,0,0.49,5867.62,Sea,Commodity,65.38
2025-05-20,0,0.73,7156.14,Sea,Commodity,65.38
2025-05-20,0,0.61,6753.95,Sea,Suez,65.38
2025-05-20,0,0.48,1995.04,Sea,Intra-Asia,65.38
2025-05-20,0,0.53,6151.36,Sea,Atlantic,65.38
2025-05-20,0,0.2,3594.6,Sea,Pacific,65.38
2025-05-20,0,0.86,2117.61,Sea,Intra-Asia,65.38
2025-05-20,1,0.55,23341.45,Air,Suez,65.38
2025-11-20,0,0.83,6060.05,Sea,Intra-Asia,63.38
2025-11-20,0,0.76,3593.92,Sea,Commodity,63.38
2025-11-20,0,0.83,1583.87,Sea,Suez,63.38
2025-11-20,0,0.31,1805.84,Sea,Suez,63.38
2025-11-20,0,0.38,18937.05,Air,Intra-Asia,63.38
2025-11-20,0,0.67,4702.72,Sea,Pacific,63.38
2025-11-20,12,0.48,879.71,Sea,Suez,63.38
2025-11-20,0,0.87,4390.76,Sea,Suez,63.38
2025-11-20,0,0.71,1152.54,Sea,Suez,63.38
2025-11-20,0,0.86,85348.89,Air,Atlantic,63.38
2025-11-20,0,0.18,5806.78,Sea,Suez,63.38
2025-11-20,0,0.37,5072.43,Sea,Atlantic,63.38
2025-11-20,0,0.14,2707.5,Sea,Atlantic,63.38
2025-11-20,0,0.74,7491.57,Sea,Commodity,63.38
2024-06-25,3,0.74,12325.2,Sea,Atlantic,85.01
2024-06-25,17,0.66,1245.66,Sea,Suez,85.01
2024-06-25,0,0.11,1234.32,Sea,Intra-Asia,85.01
2024-06-25,0,0.51,2912.03,Sea,Suez,85.01
2024-06-25,0,0.63,2502.86,Sea,Commodity,85.01
2024-06-25,0,0.53,750.47,Sea,Atlantic,85.01
2024-06-25,1,0.19,2553.74,Sea,Atlantic,85.01
2024-06-25,0,0.23,7164.14,Air,Suez,85.01
2024-06-25,0,0.56,4105.92,Sea,Commodity,85.01
2024-06-25,0,0.5,4397.25,Sea,Suez,85.01
2024-06-25,10,0.48,8552.03,Sea,Suez,85.01
2024-06-25,0,0.33,4464.81,Sea,Atlantic,85.01
2024-06-25,0,0.57,7125.44,Sea,Pacific,85.01
2025-04-14,8,0.64,9950.21,Sea,Suez,64.88
2025-04-14,0,0.47,1614.06,Sea,Suez,64.88
2025-04-14,4,0.84,7851.1,Sea,Commodity,64.88
2025-04-14,0,0.43,2541.11,Sea,Atlantic,64.88
2025-04-14,0,0.61,6567.99,Sea,Suez,64.88
2025-04-14,0,0.62,4976.64,Sea,Suez,64.88
2025-04-14,0,0.47,3490.51,Sea,Pacific,64.88
2025-04-14,0,0.76,4854.96,Sea,Pacific,64.88
2025-04-14,2,0.24,2213.09,Sea,Commodity,64.88
2025-04-14,1,0.17,1886.74,Sea,Intra-Asia,64.88
2025-04-14,0,0.59,403.86,Sea,Pacific,64.88
2025-04-14,0,0.54,4983.44,Sea,Suez,64.88
2025-04-14,0,0.31,1091.23,Sea,Pacific,64.88
2025-04-14,1,0.49,5370.7,Sea,Pacific,64.88
2025-04-14,0,0.74,677.73,Sea,Suez,64.88
2025-04-14,0,0.1,1770.45,Sea,Atlantic,64.88
2025-04-14,0,0.66,72976.09,Air,Commodity,64.88
2025-04-14,0,0.3,5077.8,Sea,Suez,64.88
2025-04-30,0,0.74,7899.6,Sea,Intra-Asia,63.12
2025-04-30,2,0.28,4777.34,Sea,Atlantic,63.12
2025-04-30,0,0.25,4647.5,Air,Suez,63.12
2025-04-30,0,0.77,5928.61,Sea,Suez,63.12
2025-04-30,0,0.27,2070.1,Sea,Pacific,63.12
2025-04-30,0,0.49,48965.12,Air,Intra-Asia,63.12
2025-04-30,0,0.29,130.29,Sea,Intra-Asia,63.12
2025-04-30,0,0.24,6075.38,Sea,Intra-Asia,63.12
2025-04-30,0,0.73,7231.4,Sea,Suez,63.12
2025-04-30,0,0.56,2267.69,Sea,Atlantic,63.12
2025-04-30,0,0.5,5359.5,Sea,Suez,63.12
2025-04-30,0,0.16,2479.5,Sea,Suez,63.12
2025-03-11,0,0.11,2501.39,Sea,Atlantic,69.56
2025-03-11,0,0.23,1973.54,Sea,Suez,69.56
2025-03-11,0,0.11,5414.58,Sea,Pacific,69.56
2025-03-11,0,0.59,7340.23,Sea,Intra-Asia,69.56
2025-03-11,0,0.7,85664.7,Air,Intra-Asia,69.56
2025-03-11,0,0.46,1292.1,Sea,Commodity,69.56
2025-03-11,0,0.14,3666.24,Sea,Atlantic,69.56
2025-03-11,0,0.41,21054.82,Air,Commodity,69.56
2025-03-11,0,0.78,8603.63,Sea,Atlantic,69.56
2024-11-25,0,0.31,2209.97,Sea,Intra-Asia,73.01
2024-11-25,0,0.25,49520.62,Air,Commodity,73.01
2024-11-25,0,0.86,7566.48,Sea,Suez,73.01
2024-11-25,0,0.73,6464.14,Sea,Intra-Asia,73.01
2024-11-25,0,0.12,2296.0,Sea,Atlantic,73.01
2024-11-25,18,0.77,2911.3,Sea,Suez,73.01
2024-11-25,0,0.89,131.36,Sea,Intra-Asia,73.01
2024-11-25,0,0.59,5426.67,Sea,Atlantic,73.01
2024-11-25,0,0.42,16088.6,Air,Intra-Asia,73.01
2024-11-25,2,0.52,1398.63,Sea,Intra-Asia,73.01
2024-11-25,5,0.48,2563.29,Sea,Pacific,73.01
2024-11-25,0,0.38,12410.79,Air,Commodity,73.01
2024-11-25,13,0.31,5699.02,Sea,Suez,73.01
2025-09-03,7,0.77,690.3,Sea,Intra-Asia,67.6
2025-09-03,0,0.44,4470.48,Sea,Pacific,67.6
2025-09-03,0,0.42,3496.75,Sea,Atlantic,67.6
2025-09-03,0,0.39,5960.32,Sea,Pacific,67.6
2025-09-03,19,0.14,108992.66,Air,Suez,67.6
2025-09-03,13,0.17,9300.1,Sea,Suez,67.6
2025-09-03,0,0.21,59355.94,Air,Intra-Asia,67.6
2025-09-03,0,0.29,22292.49,Air,Commodity,67.6
2025-09-03,0,0.8,5819.4,Sea,Commodity,67.6
2025-09-03,0,0.79,5296.61,Sea,Suez,67.6
2025-09-03,0,0.17,17850.69,Air,Commodity,67.6
2025-09-03,0,0.35,931.5,Sea,Suez,67.6
2025-09-03,0,0.22,44178.64,Air,Pacific,67.6
2025-03-04,0,0.7,30742.8,Air,Atlantic,71.04
2025-03-04,0,0.28,61339.52,Air,Intra-Asia,71.04
2025-03-04,0,0.58,1110.74,Sea,Suez,71.04
2025-03-04,0,0.29,5756.62,Sea,Atlantic,71.04
2025-03-04,0,0.63,3397.73,Sea,Suez,71.04
2025-03-04,0,0.33,27892.1,Air,Suez,71.04
2025-03-04,0,0.5,1747.5,Sea,Suez,71.04
2025-03-04,0,0.42,5063.72,Sea,Atlantic,71.04
2025-03-04,0,0.5,3381.0,Sea,Suez,71.04
2025-03-04,5,0.62,4931.69,Sea,Commodity,71.04
2025-03-04,0,0.57,2615.62,Sea,Intra-Asia,71.04
2025-03-04,8,0.71,7009.63,Sea,Suez,71.04
2025-03-04,14,0.64,1819.74,Sea,Suez,71.04
2025-03-04,18,0.74,1251.41,Sea,Suez,71.04
2025-03-04,0,0.45,7186.93,Sea,Suez,71.04
2025-03-04,0,0.88,435.22,Sea,Suez,71.04
2025-03-04,1,0.33,6112.41,Sea,Pacific,71.04
2025-07-24,0,0.22,3631.33,Sea,Pacific,69.18
2025-07-24,0,0.14,4164.42,Sea,Suez,69.18
2025-07-24,0,0.17,1497.6,Sea,Atlantic,69.18
2025-07-24,0,0.36,4517.24,Sea,Suez,69.18
2025-07-24,13,0.21,8348.99,Sea,Suez,69.18
2025-07-24,0,0.36,6170.32,Sea,Pacific,69.18
2025-07-24,14,0.29,145538.33,Air,Suez,69.18
2025-07-24,0,0.45,4176.72,Sea,Commodity,69.18
2025-07-24,4,0.27,7081.27,Sea,Pacific,69.18
2025-07-24,0,0.17,2479.82,Sea,Suez,69.18
2025-07-24,0,0.52,2710.92,Sea,Commodity,69.18
2025-07-24,0,0.57,751.24,Sea,Commodity,69.18
2025-07-24,0,0.27,17748.89,Air,Suez,69.18
2025-07-24,17,0.85,6355.12,Sea,Suez,69.18
2025-07-24,0,0.22,1922.72,Sea,Commodity,69.18
2025-07-24,0,0.54,2184.49,Sea,Suez,69.18
2025-08-29,0,0.54,19557.23,Air,Intra-Asia,68.12
2025-08-29,20,0.23,7754.9,Sea,Suez,68.12
2025-08-29,0,0.37,4951.18,Sea,Atlantic,68.12
2025-08-29,0,0.28,4688.64,Sea,Intra-Asia,68.12
2025-08-29,0,0.41,5718.26,Sea,Suez,68.12
2025-08-29,0,0.27,3918.59,Sea,Suez,68.12
2025-08-29,0,0.45,1302.1,Sea,Atlantic,68.12
2025-08-29,0,0.2,18136.8,Air,Suez,68.12
2025-08-29,0,0.13,4188.34,Sea,Pacific,68.12
2025-08-29,0,0.24,4522.28,Sea,Suez,68.12
2025-08-29,0,0.68,5156.76,Sea,Suez,68.12
2025-08-29,0,0.72,6385.5,Sea,Suez,68.12
2025-08-29,0,0.85,2353.2,Sea,Suez,68.12
2025-08-29,0,0.88,7994.7,Sea,Atlantic,68.12
2025-08-29,0,0.85,3402.15,Sea,Suez,68.12
2025-08-29,0,0.39,6322.42,Sea,Suez,68.12
2025-08-22,16,0.43,27993.12,Air,Suez,67.73
2025-08-22,0,0.19,4861.15,Sea,Pacific,67.73
2025-08-22,0,0.11,35586.05,Air,Intra-Asia,67.73
2025-08-22,0,0.47,10987.51,Air,Suez,67.73
2025-08-22,0,0.21,4027.48,Sea,Commodity,67.73
2025-08-22,0,0.54,4793.25,Sea,Intra-Asia,67.73
2025-08-22,0,0.58,4871.14,Sea,Commodity,67.73
2025-08-22,0,0.87,99219.4,Air,Pacific,67.73
2025-08-22,0,0.58,3156.21,Sea,Commodity,67.73
2025-08-22,0,0.47,52221.01,Air,Suez,67.73
2025-08-22,0,0.25,473.75,Sea,Pacific,67.73
2025-08-22,0,0.48,5054.94,Air,Suez,67.73
2025-08-22,0,0.21,720.55,Sea,Suez,67.73
2025-08-22,0,0.54,59442.46,Air,Pacific,67.73
2025-08-22,0,0.73,309.67,Sea,Suez,67.73
2025-08-22,0,0.83,55981.53,Air,Suez,67.73
2025-08-22,0,0.42,6603.71,Sea,Atlantic,67.73
2025-08-22,0,0.82,7191.73,Sea,Atlantic,67.73
2025-08-22,0,0.71,6868.22,Sea,Suez,67.73
2025-08-22,10,0.87,176515.3,Air,Suez,67.73
2025-08-22,0,0.6,7868.0,Sea,Atlantic,67.73
2025-08-26,7,0.36,8594.11,Sea,Suez,67.22
2025-08-26,8,0.68,4443.26,Sea,Intra-Asia,67.22
2025-08-26,0,0.82,2566.2,Sea,Pacific,67.22
2025-08-26,0,0.17,3254.36,Sea,Atlantic,67.22
2025-08-26,0,0.46,73884.03,Air,Suez,67.22
2025-08-26,12,0.84,2428.8,Sea,Suez,67.22
2025-08-26,13,0.46,5191.76,Sea,Suez,67.22
2025-08-26,0,0.6,6787.2,Sea,Commodity,67.22
2025-08-26,0,0.69,20151.56,Air,Pacific,67.22
2025-08-26,0,0.27,4949.19,Sea,Commodity,67.22
2025-08-26,0,0.37,5220.39,Sea,Atlantic,67.22
2025-08-26,0,0.68,6856.92,Sea,Suez,67.22
2025-08-26,0,0.42,5688.52,Sea,Atlantic,67.22
2025-08-26,0,0.45,2449.05,Sea,Pacific,67.22
2025-04-03,0,0.22,19438.87,Air,Suez,70.14
2025-04-03,0,0.67,51683.99,Air,Pacific,70.14
2025-04-03,15,0.41,145080.53,Air,Suez,70.14
2025-04-03,0,0.77,7001.23,Sea,Suez,70.14
2025-04-03,0,0.26,6155.1,Sea,Pacific,70.14
2025-04-03,0,0.65,76302.6,Air,Intra-Asia,70.14
2025-04-03,0,0.31,4176.28,Sea,Atlantic,70.14
2025-04-03,0,0.4,4935.0,Sea,Pacific,70.14
2025-04-03,0,0.29,2380.7,Sea,Atlantic,70.14
2025-04-03,0,0.86,6380.73,Sea,Suez,70.14
2025-04-03,0,0.84,7092.28,Sea,Pacific,70.14
2024-12-11,0,0.54,10485.86,Air,Atlantic,73.52
2024-12-11,0,0.46,4062.45,Sea,Intra-Asia,73.52
2024-12-11,0,0.24,2876.18,Sea,Commodity,73.52
2024-12-11,0,0.57,5070.31,Sea,Atlantic,73.52
2024-12-11,0,0.44,6680.16,Sea,Pacific,73.52
2024-12-11,0,0.16,732.54,Sea,Suez,73.52
2024-12-11,0,0.29,4745.91,Sea,Commodity,73.52
2024-12-11,0,0.23,4851.12,Sea,Commodity,73.52
2024-12-11,2,0.23,31533.35,Air,Intra-Asia,73.52
2024-12-11,0,0.38,1759.5,Sea,Commodity,73.52
2024-12-11,0,0.29,152.87,Sea,Suez,73.52
2024-12-11,0,0.11,1464.09,Sea,Suez,73.52
2024-12-11,0,0.56,1236.3,Sea,Suez,73.52
2024-12-11,0,0.81,671.51,Sea,Pacific,73.52
2024-12-11,0,0.69,5030.28,Sea,Atlantic,73.52
2024-12-11,0,0.14,53514.45,Air,Commodity,73.52
2024-12-11,12,0.24,9381.34,Sea,Suez,73.52
2024-12-11,0,0.57,6845.98,Sea,Pacific,73.52
2024-12-11,0,0.61,7135.52,Sea,Atlantic,73.52
2024-12-11,0,0.61,415.38,Sea,Intra-Asia,73.52
2024-07-08,0,0.46,648.97,Sea,Commodity,85.75
2024-07-08,4,0.62,3166.78,Sea,Intra-Asia,85.75
2024-07-08,0,0.12,55421.52,Air,Atlantic,85.75
2024-07-08,0,0.31,3485.91,Sea,Suez,85.75
2024-07-08,0,0.86,45093.84,Air,Intra-Asia,85.75
2024-07-08,0,0.7,1742.5,Sea,Atlantic,85.75
2024-07-08,0,0.8,4392.0,Sea,Suez,85.75
2024-07-08,0,0.27,61922.03,Air,Intra-Asia,85.75
2024-01-05,0,0.27,5576.57,Sea,Suez,78.76
2024-01-05,0,0.88,31557.68,Air,Commodity,78.76
2024-01-05,0,0.24,234.98,Sea,Intra-Asia,78.76
2024-01-05,0,0.22,187.27,Sea,Suez,78.76
2024-01-05,0,0.28,1598.72,Sea,Atlantic,78.76
2024-01-05,0,0.9,3624.25,Sea,Pacific,78.76
2024-01-05,9,0.83,11334.29,Sea,Suez,78.76
2024-01-05,0,0.24,40108.42,Air,Intra-Asia,78.76
2024-01-05,13,0.19,2827.44,Sea,Suez,78.76
2024-01-05,0,0.51,6121.54,Sea,Pacific,78.76
2024-01-05,0,0.67,5558.59,Sea,Pacific,78.76
2025-04-25,0,0.53,5407.78,Sea,Suez,66.87
2025-04-25,0,0.45,3302.38,Sea,Suez,66.87
2025-04-25,0,0.62,2158.65,Sea,Commodity,66.87
2025-04-25,0,0.45,3740.28,Sea,Suez,66.87
2025-04-25,0,0.6,4307.2,Sea,Suez,66.87
2025-04-25,0,0.21,4024.46,Sea,Atlantic,66.87
2025-04-25,0,0.84,386.4,Sea,Suez,66.87
2025-04-25,0,0.32,14309.46,Air,Suez,66.87
2025-04-25,0,0.33,700.25,Sea,Commodity,66.87
2025-04-25,0,0.63,7993.52,Sea,Suez,66.87
2025-04-25,0,0.26,24372.81,Air,Commodity,66.87
2025-04-25,0,0.69,160.55,Sea,Atlantic,66.87
2025-04-25,0,0.57,595.03,Sea,Atlantic,66.87
2025-04-25,0,0.13,3745.38,Sea,Suez,66.87
2024-03-06,0,0.9,7839.4,Sea,Atlantic,82.96
2024-03-06,4,0.57,102113.62,Air,Atlantic,82.96
2024-03-06,0,0.1,1489.95,Sea,Pacific,82.96
2024-03-06,0,0.88,1218.24,Sea,Intra-Asia,82.96
2024-03-06,0,0.39,5108.25,Sea,Suez,82.96
2024-03-06,0,0.34,5394.84,Sea,Intra-Asia,82.96
2024-03-06,0,0.38,4716.84,Sea,Atlantic,82.96
2024-03-06,0,0.72,5123.02,Sea,Commodity,82.96
2024-03-06,0,0.61,1788.71,Sea,Intra-Asia,82.96
2024-03-06,0,0.84,7195.32,Sea,Suez,82.96
2024-03-06,0,0.1,4662.9,Sea,Suez,82.96
2024-08-14,0,0.8,1462.5,Sea,Suez,79.76
2024-08-14,0,0.77,116.82,Sea,Suez,79.76
2024-08-14,16,0.81,3143.62,Sea,Suez,79.76
2024-08-14,0,0.66,6344.52,Sea,Commodity,79.76
2024-08-14,0,0.55,7689.55,Air,Suez,79.76
2024-08-14,0,0.75,7351.75,Sea,Atlantic,79.76
2024-08-14,0,0.11,1983.57,Sea,Commodity,79.76
2024-08-14,0,0.1,2511.3,Sea,Intra-Asia,79.76
2024-08-14,0,0.64,2514.12,Sea,Pacific,79.76
2024-08-14,0,0.72,4504.68,Sea,Suez,79.76
2024-08-14,0,0.51,2998.86,Sea,Suez,79.76
2024-08-14,4,0.16,2719.97,Sea,Intra-Asia,79.76
2025-09-29,0,0.38,376.05,Sea,Atlantic,67.97
2025-09-29,0,0.29,4516.29,Sea,Commodity,67.97
2025-09-29,0,0.13,57532.25,Air,Suez,67.97
2025-09-29,0,0.3,1214.2,Sea,Atlantic,67.97
2025-09-29,0,0.12,60.48,Sea,Suez,67.97
2025-09-29,0,0.66,2839.43,Sea,Commodity,67.97
2025-09-29,0,0.33,6521.66,Sea,Intra-Asia,67.97
2025-09-29,0,0.56,35075.04,Air,Atlantic,67.97
2025-09-29,0,0.49,7058.88,Sea,Suez,67.97
2025-09-29,0,0.39,6199.4,Sea,Commodity,67.97
2024-03-20,0,0.54,3615.15,Sea,Intra-Asia,85.95
2024-03-20,0,0.42,22875.49,Air,Pacific,85.95
2024-03-20,4,0.27,3969.57,Sea,Intra-Asia,85.95
2024-03-20,0,0.2,5142.6,Sea,Atlantic,85.95
2024-03-20,0,0.75,4799.38,Sea,Intra-Asia,85.95
2024-03-20,0,0.18,4973.7,Sea,Suez,85.95
2024-03-20,0,0.14,11561.88,Air,Pacific,85.95
2024-03-20,0,0.58,2994.89,Sea,Suez,85.95
2024-03-20,0,0.23,4442.14,Sea,Atlantic,85.95
2024-03-20,2,0.42,1234.76,Sea,Commodity,85.95
2024-03-20,0,0.14,1691.76,Sea,Atlantic,85.95
2024-03-20,0,0.44,3355.92,Sea,Atlantic,85.95
2024-12-18,0,0.18,1340.48,Sea,Suez,73.39
2024-12-18,0,0.42,1192.09,Sea,Pacific,73.39
2024-12-18,2,0.38,63218.63,Air,Atlantic,73.39
2024-12-18,2,0.74,197.14,Sea,Pacific,73.39
2024-12-18,0,0.74,7187.94,Sea,Suez,73.39
2024-12-18,13,0.31,3023.49,Sea,Suez,73.39
2024-12-18,11,0.18,7560.5,Sea,Suez,73.39
2024-12-18,0,0.53,2873.34,Sea,Commodity,73.39
2024-12-18,0,0.6,4447.2,Sea,Suez,73.39
2024-12-18,0,0.57,4037.25,Sea,Suez,73.39
2024-12-18,0,0.11,643.8,Sea,Intra-Asia,73.39
2024-12-18,0,0.62,6726.24,Sea,Suez,73.39
2024-12-18,0,0.35,6744.6,Sea,Suez,73.39
2024-01-12,0,0.62,2542.59,Sea,Atlantic,78.29
2024-01-12,0,0.17,1848.01,Sea,Commodity,78.29
2024-01-12,0,0.59,1522.42,Sea,Suez,78.29
2024-01-12,0,0.12,10736.88,Air,Commodity,78.29
2024-01-12,0,0.65,3762.82,Sea,Atlantic,78.29
2024-01-12,0,0.36,459.68,Sea,Pacific,78.29
2024-01-12,0,0.56,1645.8,Sea,Suez,78.29
2024-01-12,0,0.35,5134.73,Sea,Intra-Asia,78.29
2024-01-12,0,0.46,5556.03,Sea,Pacific,78.29
2024-01-12,0,0.7,7564.15,Sea,Intra-Asia,78.29
2024-01-12,0,0.38,5237.79,Sea,Atlantic,78.29
2024-01-12,0,0.66,4209.76,Sea,Intra-Asia,78.29
2024-01-12,0,0.3,5649.15,Sea,Atlantic,78.29
2024-01-12,0,0.23,5726.27,Sea,Intra-Asia,78.29
2024-01-12,0,0.11,4957.82,Sea,Suez,78.29
2024-01-12,0,0.62,4306.77,Sea,Suez,78.29
2024-01-12,0,0.21,6894.58,Air,Suez,78.29
2024-01-12,0,0.76,8208.64,Sea,Suez,78.29
2024-01-12,0,0.5,2695.5,Sea,Pacific,78.29
2024-01-12,0,0.16,1679.68,Sea,Commodity,78.29
2024-01-12,0,0.16,3069.94,Sea,Atlantic,78.29
2024-01-12,0,0.74,1018.77,Sea,Pacific,78.29
2025-11-26,0,0.15,202.4,Sea,Pacific,63.13
2025-11-26,3,0.37,4288.17,Sea,Intra-Asia,63.13
2025-11-26,0,0.89,6922.13,Sea,Atlantic,63.13
2025-11-26,0,0.14,3687.33,Sea,Commodity,63.13
2025-11-26,0,0.31,2453.63,Sea,Suez,63.13
2025-11-26,4,0.34,4974.01,Sea,Intra-Asia,63.13
2025-11-26,0,0.39,5292.43,Sea,Commodity,63.13
2025-11-26,0,0.62,7635.87,Sea,Intra-Asia,63.13
2025-11-26,0,0.19,32142.49,Air,Suez,63.13
2025-11-26,0,0.65,1663.2,Sea,Atlantic,63.13
2025-11-26,0,0.8,6631.2,Sea,Commodity,63.13
2025-11-26,0,0.86,1171.8,Sea,Suez,63.13
2025-11-26,0,0.21,4960.39,Sea,Intra-Asia,63.13
2025-11-26,0,0.34,2730.92,Sea,Atlantic,63.13
2025-11-26,0,0.14,4098.87,Sea,Intra-Asia,63.13
2025-11-26,0,0.66,5311.17,Sea,Intra-Asia,63.13
2024-09-04,5,0.8,7182.45,Sea,Atlantic,72.7
2024-09-04,0,0.58,4913.8,Sea,Pacific,72.7
2024-09-04,0,0.36,1723.8,Sea,Pacific,72.7
2024-09-04,0,0.86,9189.33,Sea,Atlantic,72.7
2024-09-04,0,0.46,4275.61,Sea,Intra-Asia,72.7
2024-09-04,0,0.73,6831.77,Sea,Intra-Asia,72.7
2024-09-04,0,0.22,3840.56,Sea,Commodity,72.7
2024-09-04,0,0.31,226.63,Sea,Pacific,72.7
2024-09-04,0,0.32,397.98,Sea,Intra-Asia,72.7
2024-09-04,0,0.88,7370.54,Sea,Pacific,72.7
2024-09-04,0,0.51,5855.02,Sea,Intra-Asia,72.7
2024-09-04,0,0.58,453.46,Sea,Pacific,72.7
2024-09-04,0,0.79,6919.24,Sea,Commodity,72.7
2024-09-04,0,0.62,4203.9,Sea,Pacific,72.7
2024-09-04,0,0.48,4958.0,Sea,Atlantic,72.7
2024-09-04,0,0.86,78433.41,Air,Suez,72.7
2024-09-04,0,0.33,39742.4,Air,Atlantic,72.7
2024-11-07,0,0.23,1195.56,Sea,Intra-Asia,75.63
2024-11-07,0,0.17,59459.4,Air,Suez,75.63
2024-11-07,0,0.57,372.87,Sea,Pacific,75.63
2024-11-07,0,0.23,7130.31,Air,Suez,75.63
2024-11-07,0,0.72,3703.16,Sea,Pacific,75.63
2024-11-07,0,0.4,57696.1,Air,Commodity,75.63
2024-11-07,0,0.15,4160.7,Sea,Atlantic,75.63
2024-11-07,0,0.22,1512.19,Sea,Suez,75.63
2024-11-07,0,0.64,8167.2,Sea,Pacific,75.63
2024-11-07,0,0.26,4628.61,Sea,Commodity,75.63
2024-11-07,0,0.34,2349.02,Sea,Suez,75.63
2024-11-07,0,0.89,7706.48,Sea,Suez,75.63
2024-11-07,0,0.2,32597.4,Air,Suez,75.63
2024-11-07,0,0.36,1426.64,Sea,Commodity,75.63
2024-11-07,0,0.38,475.41,Sea,Pacific,75.63
2024-11-07,1,0.16,1742.32,Sea,Suez,75.63
2024-11-07,0,0.26,6056.82,Sea,Commodity,75.63
2024-11-07,0,0.15,23725.07,Air,Suez,75.63
2024-07-17,0,0.12,2828.56,Sea,Pacific,85.08
2024-07-17,0,0.2,4939.8,Sea,Intra-Asia,85.08
2024-07-17,0,0.33,26897.26,Air,Intra-Asia,85.08
2024-07-17,0,0.36,31991.96,Air,Commodity,85.08
2024-07-17,0,0.52,77330.0,Air,Pacific,85.08
2024-07-17,0,0.37,6371.19,Sea,Suez,85.08
2024-07-17,0,0.31,477.5,Sea,Atlantic,85.08
2024-07-17,0,0.32,5734.74,Sea,Commodity,85.08
2024-07-17,0,0.17,2251.66,Sea,Suez,85.08
2024-07-17,0,0.53,4058.33,Sea,Pacific,85.08
2024-07-17,0,0.57,1072.31,Sea,Intra-Asia,85.08
2024-07-17,0,0.71,40845.92,Air,Atlantic,85.08
2024-07-17,0,0.42,2920.94,Sea,Pacific,85.08
2024-07-17,0,0.19,56352.45,Air,Commodity,85.08
2024-07-17,0,0.82,161.07,Sea,Suez,85.08
2024-07-17,0,0.58,31605.53,Air,Commodity,85.08
2024-07-17,0,0.24,2141.48,Sea,Suez,85.08
2024-07-17,0,0.58,2343.14,Sea,Commodity,85.08
2024-07-17,4,0.81,80519.03,Air,Atlantic,85.08
2024-07-17,0,0.79,1911.72,Sea,Pacific,85.08
2024-07-17,0,0.32,2872.32,Sea,Suez,85.08
2024-09-30,0,0.72,3179.42,Sea,Suez,71.77
2024-09-30,0,0.66,7173.69,Sea,Intra-Asia,71.77
2024-09-30,0,0.18,1109.79,Sea,Commodity,71.77
2024-09-30,0,0.61,231.84,Sea,Atlantic,71.77
2024-09-30,0,0.69,1913.08,Sea,Suez,71.77
2024-09-30,0,0.17,4508.01,Sea,Commodity,71.77
2024-09-30,0,0.84,5515.4,Sea,Suez,71.77
2024-09-30,0,0.67,709.75,Sea,Atlantic,71.77
2024-09-30,1,0.89,8030.61,Sea,Pacific,71.77
2024-09-30,0,0.45,1579.77,Sea,Commodity,71.77
2024-09-30,13,0.43,8944.94,Sea,Suez,71.77
2024-09-30,0,0.67,2884.09,Sea,Atlantic,71.77
2024-09-30,0,0.64,730.62,Sea,Intra-Asia,71.77
2024-09-30,0,0.54,3952.41,Sea,Commodity,71.77
2024-10-07,0,0.87,45480.27,Air,Suez,80.93
2024-10-07,0,0.14,3751.74,Sea,Suez,80.93
2024-10-07,0,0.75,3283.0,Sea,Suez,80.93
2024-10-07,0,0.82,8796.06,Sea,Atlantic,80.93
2024-10-07,0,0.6,7109.6,Sea,Pacific,80.93
2024-10-07,0,0.3,4634.5,Sea,Suez,80.93
2024-10-07,0,0.45,1835.7,Sea,Intra-Asia,80.93
2024-10-07,0,0.29,5054.22,Sea,Commodity,80.93
2024-10-07,0,0.69,7636.26,Sea,Commodity,80.93
2024-10-07,10,0.41,823.44,Sea,Suez,80.93
2024-10-07,0,0.79,3908.47,Sea,Pacific,80.93
2024-10-07,4,0.46,45074.8,Air,Atlantic,80.93
2024-10-07,0,0.49,4042.37,Sea,Intra-Asia,80.93
2024-10-07,0,0.51,3751.59,Sea,Pacific,80.93
2024-10-07,0,0.89,5206.95,Sea,Suez,80.93
2024-10-07,0,0.44,55519.2,Air,Atlantic,80.93
2024-10-07,0,0.31,598.67,Sea,Suez,80.93
2024-10-22,0,0.6,228.8,Sea,Intra-Asia,76.04
2024-10-22,0,0.12,27023.92,Air,Pacific,76.04
2024-10-22,0,0.54,1878.8,Sea,Suez,76.04
2024-10-22,0,0.73,3394.26,Sea,Suez,76.04
2024-10-22,0,0.77,4624.12,Sea,Atlantic,76.04
2024-10-22,0,0.67,5308.93,Sea,Intra-Asia,76.04
2024-10-22,0,0.12,184.24,Sea,Suez,76.04
2024-10-22,0,0.24,1975.32,Sea,Commodity,76.04
2024-10-22,0,0.22,5172.19,Sea,Pacific,76.04
2025-08-05,1,0.67,5542.73,Sea,Pacific,67.64
2025-08-05,0,0.14,102.6,Sea,Atlantic,67.64
2025-08-05,9,0.48,8795.94,Sea,Suez,67.64
2025-08-05,0,0.76,36232.24,Air,Commodity,67.64
2025-08-05,0,0.25,6414.38,Air,Atlantic,67.64
2025-08-05,16,0.16,6673.25,Sea,Suez,67.64
2025-08-05,0,0.13,52628.62,Air,Atlantic,67.64
2025-08-05,0,0.47,3145.07,Air,Suez,67.64
2025-08-05,0,0.8,7109.1,Sea,Intra-Asia,67.64
2025-08-05,0,0.15,5496.42,Sea,Suez,67.64
2025-08-05,0,0.47,3369.97,Sea,Pacific,67.64
2025-08-05,0,0.44,4212.0,Sea,Suez,67.64
2025-02-05,0,0.39,4336.11,Sea,Suez,74.61
2025-02-05,0,0.38,5365.44,Sea,Intra-Asia,74.61
2025-02-05,0,0.74,5982.99,Sea,Intra-Asia,74.61
2025-02-05,0,0.89,58617.41,Air,Commodity,74.61
2025-02-05,0,0.29,1945.97,Sea,Suez,74.61
2025-02-05,0,0.77,48801.56,Air,Suez,74.61
2025-02-05,15,0.76,6686.59,Sea,Suez,74.61
2025-02-05,0,0.51,3297.09,Sea,Suez,74.61
2025-02-05,5,0.53,6283.48,Sea,Commodity,74.61
2025-02-05,0,0.76,18062.88,Air,Suez,74.61
2025-02-05,0,0.36,1969.28,Sea,Suez,74.61
2025-02-05,0,0.11,3544.23,Sea,Pacific,74.61
2025-02-05,0,0.48,27277.14,Air,Pacific,74.61
2025-02-05,0,0.41,13563.49,Air,Atlantic,74.61
2025-02-05,0,0.67,4610.03,Sea,Suez,74.61
2025-02-05,0,0.53,4306.95,Sea,Suez,74.61
2025-05-13,0,0.23,1954.47,Sea,Intra-Asia,66.63
2025-05-13,0,0.53,27811.58,Air,Pacific,66.63
2025-05-13,0,0.12,5050.08,Sea,Pacific,66.63
2025-05-13,0,0.89,3378.38,Air,Pacific,66.63
2025-05-13,14,0.35,106403.23,Air,Suez,66.63
2025-05-13,0,0.24,5234.66,Sea,Commodity,66.63
2025-05-13,0,0.22,1298.08,Sea,Suez,66.63
2025-07-18,0,0.9,1662.5,Sea,Pacific,69.28
2025-07-18,0,0.2,5251.2,Sea,Intra-Asia,69.28
2025-07-18,0,0.13,3570.8,Sea,Suez,69.28
2025-07-18,0,0.26,3821.58,Sea,Intra-Asia,69.28
2025-07-18,0,0.54,75162.78,Air,Atlantic,69.28
2025-07-18,0,0.21,4933.77,Sea,Pacific,69.28
2025-07-18,0,0.9,2822.45,Sea,Commodity,69.28
2025-07-18,0,0.62,7538.67,Sea,Pacific,69.28
2024-09-24,0,0.86,772.83,Sea,Suez,75.17
2024-09-24,0,0.44,5238.72,Sea,Suez,75.17
2024-09-24,0,0.44,1306.08,Sea,Atlantic,75.17
2024-09-24,12,0.34,1546.9,Sea,Suez,75.17
2024-09-24,17,0.27,6106.68,Sea,Suez,75.17
2024-09-24,0,0.53,7445.74,Sea,Suez,75.17
2024-09-24,0,0.49,1810.35,Sea,Commodity,75.17
2024-09-24,0,0.86,4145.01,Sea,Commodity,75.17
2024-09-24,0,0.32,65601.36,Air,Commodity,75.17
2024-09-24,0,0.3,3415.75,Sea,Suez,75.17
2024-09-24,0,0.41,5645.64,Sea,Suez,75.17
2024-09-24,0,0.84,5614.76,Sea,Commodity,75.17
2024-09-24,0,0.27,2938.14,Sea,Commodity,75.17
2024-09-24,0,0.78,4804.22,Sea,Intra-Asia,75.17
2024-09-24,0,0.38,6666.78,Sea,Pacific,75.17
2024-09-24,0,0.85,499.5,Sea,Intra-Asia,75.17
2024-09-24,0,0.5,3261.0,Sea,Suez,75.17
2024-03-13,0,0.17,1064.12,Sea,Intra-Asia,84.03
2024-03-13,0,0.43,5872.3,Sea,Pacific,84.03
2024-03-13,5,0.51,2866.89,Sea,Atlantic,84.03
2024-03-13,0,0.32,70225.98,Air,Pacific,84.03
2024-03-13,0,0.55,5870.62,Sea,Suez,84.03
2024-03-13,0,0.24,38498.9,Air,Suez,84.03
2024-03-13,0,0.73,7737.43,Sea,Suez,84.03
2024-03-13,0,0.16,3364.58,Sea,Atlantic,84.03
2024-03-13,0,0.17,4849.65,Sea,Suez,84.03
2024-03-13,0,0.88,70312.0,Air,Pacific,84.03
2024-03-13,0,0.76,1782.0,Sea,Commodity,84.03
2024-03-13,0,0.11,22973.12,Air,Atlantic,84.03
2024-03-13,0,0.45,6374.93,Sea,Atlantic,84.03
2024-03-13,0,0.56,5229.9,Sea,Intra-Asia,84.03
2024-03-13,0,0.29,6441.61,Sea,Pacific,84.03
2024-03-13,0,0.6,1876.0,Sea,Commodity,84.03
2024-03-13,11,0.26,7916.83,Sea,Suez,84.03
2024-03-13,0,0.88,6785.86,Sea,Suez,84.03
2024-03-13,0,0.19,490.88,Sea,Suez,84.03
2024-03-13,0,0.31,1808.46,Sea,Pacific,84.03
2024-03-13,0,0.19,1388.13,Sea,Commodity,84.03
2024-03-13,0,0.47,4695.18,Sea,Commodity,84.03
2025-02-24,0,0.78,226.06,Sea,Intra-Asia,74.78
2025-02-24,0,0.79,4854.48,Sea,Suez,74.78
2025-02-24,15,0.18,3853.41,Sea,Suez,74.78
2025-02-24,0,0.2,5645.4,Sea,Atlantic,74.78
2025-02-24,0,0.17,36132.52,Air,Commodity,74.78
2025-02-24,13,0.57,6998.43,Sea,Suez,74.78
2025-02-24,0,0.32,1651.98,Sea,Pacific,74.78
2025-02-24,0,0.86,8410.92,Sea,Commodity,74.78
2025-02-24,0,0.38,271.17,Sea,Pacific,74.78
2025-02-24,0,0.49,4123.57,Sea,Suez,74.78
2024-12-24,0,0.19,1292.34,Sea,Suez,73.58
2024-12-24,0,0.47,5050.92,Sea,Suez,73.58
2024-12-24,0,0.61,770.38,Sea,Pacific,73.58
2024-12-24,0,0.61,4414.62,Sea,Suez,73.58
2024-12-24,0,0.22,4188.26,Sea,Pacific,73.58
2024-12-24,0,0.4,1298.5,Sea,Suez,73.58
2024-12-24,0,0.23,5421.84,Sea,Pacific,73.58
2024-12-24,0,0.6,3001.6,Sea,Suez,73.58
2024-12-24,0,0.74,8468.58,Sea,Commodity,73.58
2024-12-24,0,0.79,7914.49,Sea,Suez,73.58
2024-12-24,0,0.24,3622.66,Sea,Suez,73.58
2024-12-24,0,0.16,2363.5,Sea,Suez,73.58
2024-12-24,0,0.9,7744.4,Sea,Pacific,73.58
2024-12-24,0,0.84,5086.68,Sea,Pacific,73.58
2024-12-24,3,0.39,1425.8,Sea,Intra-Asia,73.58
2024-12-24,0,0.31,239.08,Sea,Suez,73.58
2024-04-22,0,0.62,4081.59,Sea,Pacific,87.0
2024-04-22,0,0.35,3161.03,Sea,Intra-Asia,87.0
2024-04-22,0,0.88,9035.28,Sea,Intra-Asia,87.0
2024-04-22,0,0.5,2105.25,Sea,Suez,87.0
2024-04-22,0,0.49,2789.28,Sea,Suez,87.0
2024-04-22,0,0.59,7518.31,Sea,Commodity,87.0
2024-04-22,0,0.3,5190.9,Sea,Pacific,87.0
2024-04-22,0,0.53,6334.2,Sea,Suez,87.0
2024-04-22,13,0.39,3292.62,Sea,Suez,87.0
2024-04-22,0,0.81,5506.02,Sea,Suez,87.0
2024-04-22,0,0.29,2146.56,Sea,Suez,87.0
2025-11-14,0,0.83,6926.55,Sea,Atlantic,64.39
2025-11-14,0,0.27,24726.9,Air,Suez,64.39
2025-11-14,0,0.21,5615.61,Sea,Suez,64.39
2025-11-14,0,0.12,2692.48,Sea,Pacific,64.39
2025-11-14,0,0.37,5736.19,Sea,Atlantic,64.39
2025-11-14,0,0.8,69953.4,Air,Suez,64.39
2025-11-14,11,0.89,1298.82,Sea,Suez,64.39
2025-11-14,0,0.83,3064.34,Sea,Pacific,64.39
2025-11-14,0,0.46,1208.88,Sea,Atlantic,64.39
2025-11-14,0,0.14,21023.31,Air,Intra-Asia,64.39
2025-11-14,3,0.34,6341.89,Sea,Commodity,64.39
2025-11-14,0,0.7,3531.75,Sea,Intra-Asia,64.39
2025-11-14,0,0.2,5957.4,Sea,Suez,64.39
2025-11-14,0,0.49,572.16,Sea,Commodity,64.39
2025-11-14,3,0.36,4761.77,Sea,Commodity,64.39
2025-11-14,0,0.5,7218.75,Air,Intra-Asia,64.39
2025-11-14,0,0.22,63228.33,Air,Intra-Asia,64.39
2025-07-03,0,0.42,5807.8,Sea,Suez,68.8
2025-07-03,0,0.73,7468.41,Sea,Atlantic,68.8
2025-07-03,0,0.47,1958.04,Sea,Pacific,68.8
2025-07-03,0,0.81,3835.39,Sea,Pacific,68.8
2025-07-03,0,0.29,4776.23,Sea,Commodity,68.8
2025-07-03,0,0.59,2556.72,Sea,Atlantic,68.8
2025-07-03,16,0.84,2849.79,Sea,Suez,68.8
2025-07-03,0,0.76,44421.52,Air,Suez,68.8
2025-07-03,0,0.78,2040.77,Sea,Suez,68.8
2025-07-03,0,0.7,6096.2,Air,Pacific,68.8
2025-07-03,0,0.4,4384.8,Sea,Intra-Asia,68.8
2025-07-03,0,0.75,4781.88,Sea,Suez,68.8
2025-07-03,0,0.15,4700.62,Sea,Commodity,68.8
2025-07-03,0,0.76,3988.16,Sea,Intra-Asia,68.8
2025-07-03,0,0.83,79231.68,Air,Intra-Asia,68.8
2025-03-27,0,0.45,1587.75,Sea,Atlantic,74.03
2025-03-27,0,0.27,2382.52,Sea,Pacific,74.03
2025-03-27,7,0.34,119942.33,Air,Suez,74.03
2025-03-27,0,0.11,4660.34,Sea,Commodity,74.03
2025-03-27,0,0.39,804.81,Sea,Suez,74.03
2025-03-27,0,0.85,7244.6,Sea,Intra-Asia,74.03
2025-03-27,0,0.24,3018.78,Sea,Commodity,74.03
2025-03-27,0,0.29,3833.24,Sea,Intra-Asia,74.03
2025-03-27,0,0.7,60316.85,Air,Intra-Asia,74.03
2025-03-27,0,0.6,2356.8,Sea,Intra-Asia,74.03
2025-03-27,0,0.28,349.44,Sea,Suez,74.03
2025-03-27,0,0.24,2491.78,Sea,Suez,74.03
2025-03-27,0,0.79,592.49,Sea,Atlantic,74.03
2025-03-27,0,0.13,3931.27,Sea,Pacific,74.03
2024-01-23,0,0.61,6121.22,Sea,Suez,79.55
2024-01-23,0,0.21,35377.98,Air,Atlantic,79.55
2024-01-23,0,0.7,244.8,Sea,Commodity,79.55
2024-01-23,0,0.53,2153.47,Sea,Intra-Asia,79.55
2024-01-23,0,0.26,2777.67,Sea,Commodity,79.55
2024-01-23,0,0.81,3553.93,Sea,Suez,79.55
2024-01-23,0,0.62,70228.62,Air,Pacific,79.55
2024-01-23,4,0.23,1345.55,Sea,Atlantic,79.55
2024-01-23,0,0.12,3955.84,Sea,Intra-Asia,79.55
2024-01-23,0,0.59,1260.87,Sea,Suez,79.55
2024-01-23,0,0.5,1740.0,Sea,Pacific,79.55
2024-01-23,0,0.45,3697.5,Sea,Atlantic,79.55
2024-01-23,0,0.34,44455.84,Air,Suez,79.55
2024-01-23,0,0.86,8930.79,Sea,Pacific,79.55
2024-01-23,0,0.51,40686.19,Air,Suez,79.55
2025-10-23,0,0.83,7506.66,Sea,Intra-Asia,65.99
2025-10-23,6,0.25,61392.38,Air,Intra-Asia,65.99
2025-10-23,0,0.72,2492.28,Sea,Intra-Asia,65.99
2025-10-23,13,0.38,2856.05,Sea,Suez,65.99
2025-10-23,0,0.51,2468.85,Sea,Atlantic,65.99
2025-10-23,0,0.41,4404.84,Sea,Pacific,65.99
2025-10-23,0,0.34,5503.38,Sea,Pacific,65.99
2025-10-23,0,0.76,75039.36,Air,Pacific,65.99
2025-10-23,0,0.88,2749.5,Sea,Atlantic,65.99
2025-10-23,0,0.37,3868.88,Sea,Intra-Asia,65.99
2025-10-23,0,0.73,7157.88,Sea,Intra-Asia,65.99
2025-10-23,0,0.55,5904.73,Sea,Atlantic,65.99
2025-10-23,0,0.67,668.83,Sea,Commodity,65.99
2025-10-23,0,0.48,6340.32,Sea,Commodity,65.99
2025-10-23,0,0.67,2633.59,Sea,Commodity,65.99
2025-10-23,0,0.76,5978.72,Sea,Intra-Asia,65.99
2025-10-23,0,0.19,3045.8,Sea,Suez,65.99
2025-10-23,0,0.25,3775.0,Sea,Suez,65.99
2025-10-23,0,0.45,3306.72,Sea,Atlantic,65.99
2025-10-23,0,0.14,38679.63,Air,Atlantic,65.99
2025-07-09,0,0.15,3170.55,Sea,Commodity,70.19
2025-07-09,0,0.19,4199.51,Sea,Suez,70.19
2025-07-09,0,0.13,3562.89,Sea,Suez,70.19
2025-07-09,4,0.41,2275.31,Air,Intra-Asia,70.19
2025-07-09,0,0.3,5577.65,Sea,Pacific,70.19
2025-07-09,0,0.88,3863.4,Sea,Atlantic,70.19
2025-07-09,3,0.3,3788.79,Sea,Commodity,70.19
2025-07-09,0,0.47,4074.84,Air,Suez,70.19
2025-07-09,5,0.55,1132.98,Sea,Atlantic,70.19
2025-07-09,0,0.85,58994.65,Air,Atlantic,70.19
2025-07-09,0,0.43,5562.7,Sea,Pacific,70.19
2025-07-09,0,0.43,6894.74,Sea,Atlantic,70.19
2024-10-16,0,0.56,47807.76,Air,Suez,74.22
2024-10-16,0,0.52,6854.44,Sea,Suez,74.22
2024-10-16,0,0.32,57971.1,Air,Pacific,74.22
2024-10-16,16,0.44,7473.6,Sea,Suez,74.22
2024-10-16,0,0.29,447.63,Sea,Suez,74.22
2024-10-16,1,0.86,5885.97,Sea,Suez,74.22
2024-10-16,0,0.24,58461.04,Air,Suez,74.22
2024-10-16,0,0.24,572.88,Sea,Commodity,74.22
2024-10-16,0,0.8,7470.0,Sea,Commodity,74.22
2024-10-16,0,0.9,4785.15,Sea,Suez,74.22
2024-10-16,12,0.62,8687.74,Sea,Suez,74.22
2024-10-16,0,0.56,840.06,Sea,Atlantic,74.22
2024-10-16,0,0.85,4436.3,Sea,Pacific,74.22
2024-10-16,0,0.16,2210.96,Sea,Atlantic,74.22
2024-10-16,0,0.12,5353.04,Sea,Suez,74.22
2024-10-16,0,0.72,5658.8,Sea,Atlantic,74.22
2024-10-16,0,0.79,400.96,Sea,Suez,74.22
2024-12-27,0,0.32,5633.76,Sea,Suez,74.17
2024-12-27,0,0.39,514.3,Sea,Suez,74.17
2024-12-27,0,0.67,7281.2,Sea,Commodity,74.17
2024-12-27,0,0.36,6642.24,Sea,Pacific,74.17
2024-12-27,0,0.17,50044.99,Air,Suez,74.17
2024-12-27,0,0.15,5729.88,Sea,Intra-Asia,74.17
2024-12-27,0,0.24,3589.18,Sea,Suez,74.17
2024-12-27,0,0.27,3091.18,Sea,Commodity,74.17
2024-12-27,0,0.68,47659.92,Air,Suez,74.17
2024-12-27,0,0.38,1907.85,Sea,Intra-Asia,74.17
2024-12-27,0,0.64,2903.62,Sea,Commodity,74.17
2024-12-27,0,0.14,3357.3,Sea,Suez,74.17
2024-11-26,0,0.22,11178.86,Air,Pacific,72.81
2024-11-26,0,0.24,491.04,Sea,Suez,72.81
2024-11-26,0,0.31,34540.77,Air,Intra-Asia,72.81
2024-11-26,0,0.64,1325.12,Sea,Atlantic,72.81
2024-11-26,0,0.52,78316.48,Air,Atlantic,72.81
2024-11-26,0,0.18,1544.62,Sea,Pacific,72.81
2024-11-26,0,0.44,74859.84,Air,Suez,72.81
2024-11-26,0,0.87,3180.87,Sea,Pacific,72.81
2024-11-26,0,0.3,3614.0,Sea,Suez,72.81
2024-11-26,0,0.39,111.9,Sea,Intra-Asia,72.81
2024-11-26,0,0.29,3155.99,Sea,Suez,72.81
2024-11-26,0,0.34,3202.6,Sea,Pacific,72.81
2024-11-26,0,0.56,6527.82,Sea,Atlantic,72.81
2024-11-26,15,0.37,79479.19,Air,Suez,72.81
2024-11-26,0,0.58,3098.38,Sea,Intra-Asia,72.81
2024-11-26,0,0.4,6720.7,Sea,Intra-Asia,72.81
2024-11-26,0,0.75,3655.75,Sea,Intra-Asia,72.81
2024-03-14,0,0.55,1147.0,Sea,Atlantic,85.42
2024-03-14,0,0.29,4530.48,Sea,Suez,85.42
2024-03-14,0,0.32,5428.5,Sea,Atlantic,85.42
2024-03-14,0,0.54,4104.87,Sea,Pacific,85.42
2024-03-14,0,0.71,7149.51,Sea,Suez,85.42
2024-03-14,0,0.5,15031.5,Air,Pacific,85.42
2024-03-14,0,0.35,28519.43,Air,Pacific,85.42
2024-03-14,0,0.75,6342.0,Sea,Pacific,85.42
2024-03-14,0,0.81,8989.36,Sea,Intra-Asia,85.42
2024-03-14,0,0.37,645.27,Sea,Atlantic,85.42
2024-03-14,0,0.33,863.17,Air,Intra-Asia,85.42
2024-03-14,0,0.54,5925.15,Sea,Suez,85.42
2024-03-14,0,0.9,8356.2,Sea,Atlantic,85.42
2024-03-14,0,0.39,6262.65,Sea,Commodity,85.42
2024-03-14,10,0.2,2225.28,Sea,Suez,85.42
2024-03-14,0,0.88,2787.1,Sea,Atlantic,85.42
2024-03-14,2,0.71,1324.22,Sea,Atlantic,85.42
2024-11-08,0,0.14,43720.71,Air,Commodity,73.87
2024-11-08,0,0.57,50799.7,Air,Commodity,73.87
2024-11-08,1,0.11,38650.76,Air,Suez,73.87
2024-11-08,0,0.7,83617.05,Air,Commodity,73.87
2024-11-08,0,0.3,5671.25,Sea,Suez,73.87
2024-11-08,0,0.6,2046.4,Sea,Commodity,73.87
2024-11-08,0,0.66,6526.29,Sea,Pacific,73.87
2024-11-08,0,0.48,47285.26,Air,Suez,73.87
2024-11-08,0,0.69,1473.68,Sea,Atlantic,73.87
2024-11-08,0,0.21,5201.18,Sea,Suez,73.87
2025-04-02,0,0.61,564.3,Sea,Atlantic,74.95
2025-04-02,0,0.75,4675.12,Sea,Atlantic,74.95
2025-04-02,0,0.28,3863.04,Sea,Intra-Asia,74.95
2025-04-02,3,0.77,1865.23,Sea,Pacific,74.95
2025-04-02,0,0.76,1416.8,Sea,Suez,74.95
2025-04-02,0,0.38,3746.7,Sea,Atlantic,74.95
2025-04-02,0,0.42,76100.64,Air,Intra-Asia,74.95
2025-04-02,0,0.28,35530.88,Air,Commodity,74.95
2025-04-02,0,0.77,6707.41,Sea,Commodity,74.95
2025-04-02,19,0.39,3947.6,Sea,Suez,74.95
2025-04-02,0,0.58,4071.66,Sea,Commodity,74.95
2025-04-02,19,0.77,96820.42,Air,Suez,74.95
2025-04-02,0,0.86,1080.66,Sea,Pacific,74.95
2025-04-02,14,0.53,9367.28,Sea,Suez,74.95
2025-04-02,0,0.11,1428.02,Sea,Intra-Asia,74.95
2025-04-02,0,0.42,681.6,Sea,Intra-Asia,74.95
2025-11-07,0,0.36,6706.16,Sea,Suez,63.63
2025-11-07,0,0.73,44653.89,Air,Commodity,63.63
2025-11-07,0,0.39,795.78,Sea,Intra-Asia,63.63
2025-11-07,0,0.2,39230.4,Air,Suez,63.63
2025-11-07,0,0.56,1496.04,Sea,Suez,63.63
2025-11-07,0,0.33,2482.45,Sea,Suez,63.63
2025-11-07,0,0.75,5559.75,Sea,Suez,63.63
2025-11-07,0,0.73,6916.54,Sea,Suez,63.63
2025-11-07,0,0.61,2010.89,Sea,Commodity,63.63
2025-11-07,0,0.14,13330.02,Air,Pacific,63.63
2025-11-07,0,0.62,1568.97,Sea,Suez,63.63
2025-11-07,0,0.83,1572.88,Sea,Atlantic,63.63
2025-11-07,0,0.32,1189.98,Sea,Suez,63.63
2025-11-07,0,0.71,5421.56,Sea,Pacific,63.63
2024-04-03,0,0.71,2527.38,Sea,Suez,89.35
2024-04-03,0,0.19,3157.66,Sea,Intra-Asia,89.35
2024-04-03,0,0.46,4091.65,Sea,Suez,89.35
2024-04-03,0,0.24,4443.54,Sea,Atlantic,89.35
2024-04-03,0,0.29,4033.83,Sea,Commodity,89.35
2024-04-03,0,0.42,3016.79,Sea,Suez,89.35
2024-04-03,0,0.36,5727.64,Sea,Commodity,89.35
2024-04-03,0,0.53,63895.1,Air,Intra-Asia,89.35
2024-04-03,0,0.51,2428.84,Sea,Suez,89.35
2024-04-03,0,0.15,53939.6,Air,Atlantic,89.35
2024-04-03,14,0.16,107735.23,Air,Suez,89.35
2024-04-03,0,0.56,3361.8,Sea,Suez,89.35
2024-04-03,0,0.1,133.65,Sea,Commodity,89.35
2024-04-03,0,0.3,3926.65,Sea,Commodity,89.35
2024-04-03,16,0.36,1929.02,Sea,Suez,89.35
2024-04-03,0,0.8,4966.2,Sea,Suez,89.35
2024-11-29,0,0.12,22293.04,Air,Intra-Asia,72.94
2024-11-29,0,0.72,3943.1,Sea,Pacific,72.94
2024-11-29,0,0.56,1350.96,Sea,Suez,72.94
2024-11-29,3,0.7,7137.32,Sea,Pacific,72.94
2024-11-29,0,0.27,432.44,Sea,Commodity,72.94
2024-11-29,0,0.51,1014.87,Sea,Pacific,72.94
2024-11-29,0,0.69,4950.85,Sea,Suez,72.94
2024-11-29,0,0.26,1341.9,Sea,Pacific,72.94
2024-11-29,0,0.58,7204.8,Sea,Intra-Asia,72.94
2024-11-29,0,0.55,1498.08,Sea,Pacific,72.94
2024-11-29,0,0.13,1330.57,Sea,Atlantic,72.94
2024-11-29,0,0.75,3365.25,Sea,Suez,72.94
2024-11-29,0,0.79,1178.71,Sea,Commodity,72.94
2024-11-29,0,0.24,2718.7,Sea,Commodity,72.94
2024-11-29,0,0.21,4351.76,Sea,Commodity,72.94
2024-11-29,0,0.45,9187.2,Air,Pacific,72.94
2025-01-31,0,0.72,42891.64,Air,Atlantic,76.76
2025-01-31,0,0.72,7266.14,Sea,Intra-Asia,76.76
2025-01-31,0,0.79,2317.16,Sea,Commodity,76.76
2025-01-31,0,0.68,52353.84,Air,Suez,76.76
2025-01-31,0,0.29,4405.99,Air,Atlantic,76.76
2025-01-31,5,0.3,6575.14,Sea,Atlantic,76.76
2025-01-31,0,0.3,2586.35,Sea,Suez,76.76
2025-01-31,0,0.32,3070.98,Air,Suez,76.76
2025-01-31,0,0.6,6226.4,Sea,Suez,76.76
2025-01-31,0,0.67,5896.77,Sea,Suez,76.76
2025-01-31,0,0.26,6042.96,Sea,Commodity,76.76
2025-01-31,0,0.83,3193.35,Sea,Suez,76.76
2025-09-18,0,0.53,4989.33,Sea,Suez,67.44
2025-09-18,0,0.59,1055.76,Sea,Commodity,67.44
2025-09-18,0,0.66,44371.8,Air,Commodity,67.44
2025-09-18,0,0.37,702.12,Sea,Pacific,67.44
2025-09-18,13,0.88,11809.41,Sea,Suez,67.44
2025-09-18,0,0.56,7339.8,Sea,Atlantic,67.44
2025-09-18,0,0.89,2969.19,Sea,Commodity,67.44
2025-09-18,0,0.19,25623.67,Air,Atlantic,67.44
2025-09-18,0,0.57,6190.51,Sea,Commodity,67.44
2025-09-18,0,0.34,3777.46,Sea,Suez,67.44
2025-09-18,0,0.83,4642.71,Sea,Atlantic,67.44
2025-09-18,0,0.58,2839.26,Sea,Atlantic,67.44
2025-09-18,0,0.34,2066.95,Sea,Suez,67.44
2025-09-18,0,0.2,2287.8,Sea,Suez,67.44
2025-09-18,0,0.27,60322.46,Air,Intra-Asia,67.44
2025-09-18,0,0.8,8129.7,Sea,Intra-Asia,67.44
2025-09-18,0,0.75,3498.25,Sea,Atlantic,67.44
2025-09-18,0,0.54,7587.58,Sea,Atlantic,67.44
2025-08-08,0,0.21,1487.09,Sea,Suez,66.59
2025-08-08,0,0.27,208.28,Sea,Suez,66.59
2025-08-08,0,0.36,548.76,Sea,Commodity,66.59
2025-08-08,0,0.85,2325.45,Sea,Suez,66.59
2025-08-08,0,0.7,2805.85,Sea,Suez,66.59
2025-08-08,0,0.19,2327.05,Sea,Atlantic,66.59
2025-08-08,0,0.63,3453.97,Sea,Suez,66.59
2025-08-08,0,0.31,851.5,Sea,Intra-Asia,66.59
2025-08-08,0,0.7,5663.55,Sea,Suez,66.59
2025-08-08,0,0.74,4203.84,Sea,Suez,66.59
2025-08-08,5,0.51,5639.86,Sea,Intra-Asia,66.59
2025-11-13,0,0.83,7432.55,Sea,Pacific,63.01
2025-11-13,0,0.53,5259.38,Air,Atlantic,63.01
2025-11-13,0,0.31,40708.25,Air,Suez,63.01
2025-11-13,0,0.83,5983.19,Sea,Intra-Asia,63.01
2025-11-13,0,0.14,5483.4,Sea,Pacific,63.01
2025-11-13,0,0.63,2294.22,Sea,Suez,63.01
2025-11-13,0,0.42,3403.03,Sea,Pacific,63.01
2025-11-13,0,0.72,3651.56,Sea,Suez,63.01
2025-11-13,0,0.15,239.2,Sea,Suez,63.01
2025-11-13,0,0.61,115.92,Sea,Atlantic,63.01
2025-11-13,0,0.44,50996.88,Air,Suez,63.01
2025-11-13,0,0.49,1557.8,Sea,Pacific,63.01
2025-11-13,0,0.19,1831.41,Sea,Pacific,63.01
2025-12-16,0,0.44,1134.0,Sea,Suez,58.92
2025-12-16,0,0.87,5545.49,Sea,Suez,58.92
2025-12-16,0,0.44,6551.28,Sea,Commodity,58.92
2025-12-16,0,0.25,3088.12,Sea,Suez,58.92
2025-12-16,5,0.45,660.33,Sea,Intra-Asia,58.92
2025-12-16,0,0.57,2647.02,Sea,Suez,58.92
2025-12-16,17,0.83,10048.9,Sea,Suez,58.92
2025-12-16,7,0.72,7039.19,Sea,Intra-Asia,58.92
2025-12-16,0,0.49,21470.9,Air,Commodity,58.92
2025-12-16,0,0.56,3207.36,Sea,Intra-Asia,58.92
2025-02-14,0,0.53,2063.2,Sea,Suez,74.74
2025-02-14,0,0.18,51147.69,Air,Commodity,74.74
2025-02-14,0,0.21,3872.0,Sea,Intra-Asia,74.74
2025-02-14,0,0.84,3442.64,Sea,Pacific,74.74
2025-02-14,0,0.4,394.8,Sea,Suez,74.74
2025-02-14,0,0.15,1806.65,Sea,Pacific,74.74
2025-02-14,0,0.67,6395.26,Sea,Atlantic,74.74
2025-02-14,0,0.46,4459.57,Sea,Intra-Asia,74.74
2025-02-14,0,0.34,4157.35,Sea,Intra-Asia,74.74
2025-02-14,0,0.37,5582.07,Sea,Commodity,74.74
2025-02-14,0,0.36,3601.96,Sea,Suez,74.74
2025-02-14,16,0.23,8814.67,Sea,Suez,74.74
2025-02-14,0,0.65,1437.97,Sea,Suez,74.74
2025-02-14,0,0.7,6316.35,Sea,Intra-Asia,74.74
2025-02-14,13,0.12,4714.75,Sea,Suez,74.74
2024-07-22,0,0.6,4125.6,Sea,Commodity,82.4
2024-07-22,0,0.44,800.64,Sea,Atlantic,82.4
2024-07-22,8,0.79,5676.08,Sea,Pacific,82.4
2024-07-22,3,0.62,5311.01,Sea,Pacific,82.4
2024-07-22,0,0.45,44923.17,Air,Commodity,82.4
2024-07-22,0,0.52,5535.08,Sea,Commodity,82.4
2024-07-22,0,0.9,2954.5,Sea,Commodity,82.4
2024-07-22,0,0.87,7485.61,Sea,Pacific,82.4
2024-07-22,0,0.58,2825.04,Sea,Suez,82.4
2024-07-22,0,0.32,2400.42,Sea,Atlantic,82.4
2024-07-22,0,0.79,4977.1,Sea,Commodity,82.4
2024-07-22,0,0.45,5582.5,Sea,Atlantic,82.4
2024-07-22,0,0.63,7498.81,Sea,Intra-Asia,82.4
2024-07-22,0,0.18,19346.69,Air,Commodity,82.4
2024-07-22,0,0.37,6275.97,Sea,Suez,82.4
2024-07-22,6,0.15,45858.78,Air,Pacific,82.4
2024-07-22,0,0.43,3376.23,Sea,Commodity,82.4
2024-07-22,0,0.18,2211.91,Sea,Intra-Asia,82.4
2024-07-22,0,0.24,915.12,Sea,Commodity,82.4
2025-10-20,0,0.7,18681.3,Air,Intra-Asia,61.01
2025-10-20,0,0.81,5655.35,Sea,Atlantic,61.01
2025-10-20,0,0.54,6792.17,Sea,Atlantic,61.01
2025-10-20,11,0.38,8533.92,Sea,Suez,61.01
2025-10-20,0,0.29,434.73,Sea,Intra-Asia,61.01
2025-10-20,0,0.39,1561.67,Sea,Suez,61.01
2025-10-20,0,0.3,4318.6,Sea,Suez,61.01
2025-10-20,0,0.57,3055.22,Sea,Atlantic,61.01
2025-03-17,0,0.33,32932.13,Air,Atlantic,71.07
2025-03-17,8,0.33,61007.09,Air,Suez,71.07
2025-03-17,0,0.86,4784.85,Sea,Suez,71.07
2025-03-17,0,0.72,83995.34,Air,Atlantic,71.07
2025-03-17,0,0.46,3839.8,Sea,Commodity,71.07
2025-03-17,0,0.46,4310.65,Sea,Pacific,71.07
2025-03-17,0,0.29,3170.82,Sea,Suez,71.07
2025-03-17,0,0.73,24910.27,Air,Suez,71.07
2025-03-17,0,0.19,1147.16,Sea,Pacific,71.07
2025-12-23,0,0.89,7652.61,Sea,Pacific,62.38
2025-12-23,0,0.64,16136.78,Air,Suez,62.38
2025-12-23,0,0.24,4729.98,Sea,Atlantic,62.38
2025-12-23,0,0.32,333.96,Sea,Suez,62.38
2025-12-23,0,0.1,5069.35,Sea,Intra-Asia,62.38
2025-12-23,0,0.31,6419.66,Sea,Atlantic,62.38
2025-12-23,0,0.69,6051.89,Sea,Suez,62.38
2025-12-23,0,0.76,6951.12,Sea,Atlantic,62.38
2025-12-23,0,0.81,3692.4,Sea,Pacific,62.38
2025-12-23,0,0.51,35968.96,Air,Commodity,62.38
2025-01-10,0,0.14,5595.12,Sea,Suez,79.76
2025-01-10,0,0.6,7066.4,Air,Commodity,79.76
2025-01-10,0,0.5,1749.0,Sea,Suez,79.76
2025-01-10,0,0.82,2079.35,Sea,Commodity,79.76
2025-01-10,0,0.75,2400.12,Sea,Suez,79.76
2025-01-10,0,0.54,3430.35,Sea,Pacific,79.76
2025-01-10,17,0.75,2203.6,Sea,Suez,79.76
2025-01-10,0,0.87,90826.84,Air,Suez,79.76
2025-01-10,0,0.53,400.86,Sea,Intra-Asia,79.76
2025-01-10,0,0.72,291.54,Sea,Pacific,79.76
2025-01-10,0,0.47,5209.68,Sea,Commodity,79.76
2025-01-10,0,0.51,1910.9,Sea,Commodity,79.76
2025-01-10,0,0.41,5776.06,Sea,Commodity,79.76
2025-01-10,0,0.26,3548.79,Sea,Pacific,79.76
2025-03-26,0,0.7,727.6,Sea,Pacific,73.79
2025-03-26,0,0.24,43927.62,Air,Atlantic,73.79
2025-03-26,0,0.53,6907.95,Sea,Commodity,73.79
2025-03-26,0,0.14,3760.86,Sea,Pacific,73.79
2025-03-26,0,0.23,910.81,Sea,Atlantic,73.79
2025-03-26,0,0.21,34725.79,Air,Intra-Asia,73.79
2025-03-26,0,0.27,1240.15,Sea,Suez,73.79
2025-03-26,0,0.79,4203.82,Sea,Suez,73.79
2025-03-26,0,0.19,1428.0,Sea,Intra-Asia,73.79
2025-03-26,0,0.15,3037.72,Sea,Atlantic,73.79
2025-03-26,0,0.26,2975.49,Sea,Atlantic,73.79
2025-03-26,0,0.54,57130.15,Air,Pacific,73.79
2024-06-26,0,0.87,4796.55,Sea,Intra-Asia,85.25
2024-06-26,0,0.67,6637.41,Sea,Intra-Asia,85.25
2024-06-26,0,0.18,1341.66,Sea,Commodity,85.25
2024-06-26,0,0.46,1982.68,Sea,Suez,85.25
2024-06-26,0,0.49,3484.36,Sea,Atlantic,85.25
2024-06-26,0,0.16,4771.66,Sea,Commodity,85.25
2024-06-26,0,0.66,7577.9,Sea,Suez,85.25
2024-06-26,4,0.15,5547.65,Sea,Intra-Asia,85.25
2024-06-26,0,0.12,2546.32,Sea,Pacific,85.25
2024-06-26,0,0.85,7709.88,Sea,Atlantic,85.25
2025-08-20,0,0.44,3759.12,Sea,Commodity,66.84
2025-08-20,0,0.71,32005.22,Air,Atlantic,66.84
2025-08-20,0,0.47,5511.03,Sea,Commodity,66.84
2025-08-20,0,0.86,8604.36,Sea,Suez,66.84
2025-08-20,3,0.34,5377.89,Sea,Atlantic,66.84
2025-08-20,0,0.47,2605.57,Sea,Atlantic,66.84
2025-08-20,0,0.17,117.0,Sea,Atlantic,66.84
2025-08-20,0,0.81,71885.06,Air,Atlantic,66.84
2025-09-30,0,0.34,1606.66,Sea,Atlantic,67.02
2025-09-30,0,0.11,1760.46,Sea,Commodity,67.02
2025-09-30,0,0.43,511.22,Sea,Suez,67.02
2025-09-30,2,0.43,82652.1,Air,Atlantic,67.02
2025-09-30,0,0.9,7880.25,Sea,Suez,67.02
2025-09-30,0,0.35,2232.9,Sea,Intra-Asia,67.02
2025-09-30,1,0.56,6193.98,Sea,Suez,67.02
2025-09-30,0,0.12,1922.48,Sea,Intra-Asia,67.02
2025-09-30,0,0.31,4738.27,Sea,Pacific,67.02
2025-09-30,0,0.8,68814.9,Air,Pacific,67.02
2025-09-30,0,0.56,3804.84,Sea,Intra-Asia,67.02
2025-09-30,0,0.62,5646.51,Sea,Pacific,67.02
2025-09-30,0,0.12,4587.52,Sea,Suez,67.02
2025-09-30,0,0.69,31974.8,Air,Intra-Asia,67.02
2025-09-30,0,0.81,3264.34,Sea,Suez,67.02
2025-09-30,15,0.58,12615.98,Sea,Suez,67.02
2025-07-04,0,0.24,5695.94,Sea,Intra-Asia,68.29
2025-07-04,0,0.36,780.64,Sea,Atlantic,68.29
2025-07-04,0,0.56,2570.1,Sea,Intra-Asia,68.29
2025-07-04,0,0.17,1618.69,Sea,Suez,68.29
2025-07-04,0,0.88,4785.54,Sea,Commodity,68.29
2025-07-04,0,0.78,5422.77,Sea,Pacific,68.29
2025-07-04,0,0.6,7457.6,Sea,Pacific,68.29
2025-07-04,0,0.88,6032.92,Sea,Atlantic,68.29
2025-07-04,0,0.17,4352.4,Sea,Suez,68.29
2025-07-04,0,0.31,3819.96,Sea,Suez,68.29
2025-07-04,0,0.76,7722.0,Sea,Intra-Asia,68.29
2025-07-04,0,0.77,4359.51,Sea,Intra-Asia,68.29
2025-07-04,0,0.52,7530.08,Sea,Suez,68.29
2025-07-04,0,0.58,3463.36,Sea,Suez,68.29
2025-07-04,0,0.11,1955.27,Sea,Suez,68.29
2025-07-04,0,0.37,2887.96,Sea,Commodity,68.29
2025-07-04,0,0.54,5160.54,Sea,Suez,68.29
2025-07-04,0,0.29,1947.26,Sea,Pacific,68.29
2025-07-04,0,0.48,6517.18,Sea,Atlantic,68.29
2025-02-13,0,0.3,126.1,Sea,Pacific,75.02
2025-02-13,4,0.27,2430.08,Sea,Atlantic,75.02
2025-02-13,0,0.29,3710.04,Sea,Pacific,75.02
2025-02-13,0,0.42,5863.18,Sea,Commodity,75.02
2025-02-13,0,0.23,5069.44,Sea,Pacific,75.02
2025-02-13,0,0.47,6718.64,Sea,Suez,75.02
2025-02-13,0,0.43,63722.23,Air,Atlantic,75.02
2025-02-13,0,0.24,43620.72,Air,Commodity,75.02
2025-02-13,0,0.6,3887.2,Sea,Suez,75.02
2025-02-13,0,0.85,7977.2,Sea,Commodity,75.02
2025-07-14,0,0.23,979.08,Sea,Suez,69.21
2025-07-14,0,0.65,2281.12,Sea,Suez,69.21
2025-07-14,0,0.9,4807.95,Sea,Intra-Asia,69.21
2025-07-14,0,0.19,5738.18,Sea,Commodity,69.21
2025-07-14,0,0.2,1091.4,Sea,Atlantic,69.21
2025-07-14,0,0.71,2022.08,Sea,Atlantic,69.21
2025-07-14,0,0.64,1763.0,Sea,Suez,69.21
2025-07-14,0,0.39,2848.81,Sea,Commodity,69.21
2025-07-14,0,0.74,37543.11,Air,Intra-Asia,69.21
2025-07-14,0,0.21,1926.92,Sea,Commodity,69.21
2025-07-14,0,0.51,367.69,Sea,Suez,69.21
2025-07-14,0,0.89,23814.95,Air,Suez,69.21
2025-07-14,0,0.15,5636.72,Sea,Intra-Asia,69.21
2025-07-14,0,0.57,2324.38,Sea,Suez,69.21
2025-07-14,0,0.23,5926.14,Sea,Atlantic,69.21
2025-07-14,0,0.38,4024.08,Sea,Atlantic,69.21
2025-07-14,0,0.53,1722.78,Sea,Atlantic,69.21
2025-07-14,13,0.55,3186.19,Sea,Suez,69.21
2025-07-14,0,0.27,426.72,Sea,Commodity,69.21
2025-07-14,0,0.78,20157.61,Air,Intra-Asia,69.21
2025-05-01,0,0.16,27746.62,Air,Suez,62.13
2025-05-01,16,0.76,10741.63,Sea,Suez,62.13
2025-05-01,0,0.87,36018.07,Air,Pacific,62.13
2025-05-01,0,0.88,7349.86,Sea,Suez,62.13
2025-05-01,0,0.18,3537.05,Sea,Suez,62.13
2025-05-01,0,0.66,72595.83,Air,Pacific,62.13
2025-05-01,0,0.36,6264.16,Sea,Pacific,62.13
2025-05-01,0,0.26,5130.09,Sea,Suez,62.13
2025-05-01,0,0.19,9038.65,Air,Suez,62.13
2025-05-01,0,0.26,280.35,Sea,Intra-Asia,62.13
2025-05-01,0,0.28,40465.92,Air,Pacific,62.13
2025-05-01,0,0.83,7416.99,Sea,Commodity,62.13
2025-05-01,6,0.29,5016.88,Sea,Intra-Asia,62.13
2025-05-01,0,0.15,4761.0,Sea,Commodity,62.13
2025-05-01,0,0.43,6401.39,Sea,Intra-Asia,62.13
2025-05-01,0,0.62,2576.61,Sea,Suez,62.13
2025-05-01,0,0.67,7622.71,Sea,Atlantic,62.13
2025-05-01,0,0.84,7660.84,Sea,Suez,62.13
2025-05-01,0,0.41,485.04,Sea,Suez,62.13
2025-05-01,0,0.64,172.2,Sea,Intra-Asia,62.13
2025-05-01,0,0.18,5505.29,Sea,Commodity,62.13
2025-05-01,0,0.52,3331.08,Sea,Suez,62.13
2024-12-02,0,0.5,2999.25,Sea,Intra-Asia,71.83
2024-12-02,0,0.15,3939.9,Sea,Pacific,71.83
2024-12-02,0,0.58,7688.28,Sea,Atlantic,71.83
2024-12-02,0,0.12,68.32,Sea,Pacific,71.83
2024-12-02,0,0.34,5826.32,Sea,Suez,71.83
2024-12-02,0,0.32,2057.88,Sea,Intra-Asia,71.83
2024-12-02,0,0.25,3966.88,Air,Suez,71.83
2024-12-02,0,0.72,2432.08,Sea,Intra-Asia,71.83
2024-12-02,0,0.24,760.74,Sea,Intra-Asia,71.83
2024-12-02,0,0.79,2129.2,Sea,Suez,71.83
2024-12-02,0,0.17,2480.98,Sea,Commodity,71.83
2024-12-02,0,0.35,6615.68,Sea,Pacific,71.83
2024-12-02,0,0.58,4190.95,Sea,Suez,71.83
2024-12-02,10,0.14,4076.64,Sea,Suez,71.83
2024-12-02,0,0.34,7115.0,Sea,Atlantic,71.83
2024-12-02,0,0.23,3971.05,Sea,Commodity,71.83
2024-12-02,0,0.16,761.54,Sea,Commodity,71.83
2024-12-02,0,0.33,3014.45,Sea,Pacific,71.83
2024-12-02,0,0.37,1742.64,Sea,Intra-Asia,71.83
2024-12-02,0,0.54,1181.18,Sea,Commodity,71.83
2025-01-03,0,0.11,341.33,Sea,Suez,76.51
2025-01-03,0,0.87,8396.3,Sea,Suez,76.51
2025-01-03,0,0.35,59867.78,Air,Atlantic,76.51
2025-01-03,0,0.29,2619.35,Sea,Atlantic,76.51
2025-01-03,16,0.19,2857.44,Sea,Suez,76.51
2025-01-03,1,0.56,4688.11,Sea,Atlantic,76.51
2025-01-03,0,0.45,7027.57,Sea,Commodity,76.51
2025-01-03,0,0.61,3797.99,Sea,Atlantic,76.51
2025-01-03,0,0.44,6013.44,Sea,Commodity,76.51
2025-01-03,0,0.7,39466.35,Air,Commodity,76.51
2025-01-03,3,0.75,9178.4,Sea,Intra-Asia,76.51
2025-01-03,0,0.23,2312.4,Sea,Commodity,76.51
2025-01-03,0,0.17,50624.14,Air,Suez,76.51
2025-01-03,0,0.83,5754.44,Sea,Commodity,76.51
2025-01-03,0,0.26,2133.18,Sea,Suez,76.51
2025-01-03,0,0.44,3679.2,Sea,Commodity,76.51
2025-01-03,0,0.12,4007.92,Sea,Suez,76.51
2025-01-03,0,0.88,2104.66,Sea,Suez,76.51
2024-04-23,0,0.55,2166.9,Sea,Pacific,88.42
2024-04-23,0,0.15,4307.9,Sea,Intra-Asia,88.42
2024-04-23,0,0.27,1229.36,Sea,Commodity,88.42
2024-04-23,1,0.85,4791.4,Sea,Pacific,88.42
2024-04-23,0,0.79,652.46,Sea,Pacific,88.42
2024-04-23,0,0.37,5597.82,Sea,Atlantic,88.42
2024-04-23,0,0.28,2133.76,Sea,Pacific,88.42
2024-04-23,0,0.35,777.6,Sea,Suez,88.42
2024-04-23,0,0.72,2485.4,Sea,Suez,88.42
2024-04-23,0,0.67,6445.36,Sea,Pacific,88.42
2024-04-23,0,0.2,644.4,Sea,Suez,88.42
2024-04-23,0,0.72,8014.34,Sea,Suez,88.42
2024-04-23,0,0.28,4481.28,Sea,Pacific,88.42
2025-10-24,3,0.64,103555.91,Air,Atlantic,65.94
2025-10-24,0,0.36,4337.72,Sea,Atlantic,65.94
2025-10-24,0,0.66,3716.74,Sea,Suez,65.94
2025-10-24,0,0.46,10655.81,Air,Intra-Asia,65.94
2025-10-24,0,0.89,6978.83,Sea,Commodity,65.94
2025-10-24,0,0.2,4528.8,Sea,Pacific,65.94
2025-10-24,14,0.28,3739.65,Sea,Suez,65.94
2025-10-24,0,0.54,23792.23,Air,Suez,65.94
2025-10-24,0,0.77,4776.35,Sea,Intra-Asia,65.94
2025-10-24,0,0.11,5205.9,Sea,Suez,65.94
2025-10-24,0,0.29,3017.31,Sea,Pacific,65.94
2025-10-24,0,0.19,1022.99,Sea,Atlantic,65.94
2025-10-24,0,0.87,1250.1,Sea,Atlantic,65.94
2025-10-24,0,0.35,3783.38,Sea,Suez,65.94
2025-10-24,0,0.39,29158.03,Air,Commodity,65.94
2025-07-01,4,0.19,5192.15,Sea,Atlantic,67.11
2025-07-01,0,0.85,6453.73,Sea,Commodity,67.11
2025-07-01,7,0.18,10443.71,Air,Pacific,67.11
2025-07-01,0,0.36,706.52,Sea,Suez,67.11
2025-07-01,0,0.71,7077.69,Sea,Pacific,67.11
2025-07-01,0,0.75,6805.75,Sea,Suez,67.11
2025-07-01,0,0.83,23109.24,Air,Pacific,67.11
2025-07-01,0,0.84,51571.52,Air,Pacific,67.11
2025-07-01,0,0.69,2022.09,Sea,Commodity,67.11
2025-07-01,0,0.33,3891.58,Air,Suez,67.11
2025-07-01,0,0.29,4736.88,Sea,Intra-Asia,67.11
2025-07-01,0,0.48,3025.86,Sea,Suez,67.11
2025-07-01,6,0.73,7369.8,Sea,Intra-Asia,67.11
2025-07-01,0,0.14,200.64,Sea,Intra-Asia,67.11
2025-07-01,0,0.57,769.3,Sea,Atlantic,67.11
2024-12-23,0,0.46,3468.96,Air,Intra-Asia,72.63
2024-12-23,0,0.37,4511.41,Sea,Suez,72.63
2024-12-23,0,0.65,16952.1,Air,Commodity,72.63
2024-12-23,0,0.43,1389.96,Sea,Pacific,72.63
2024-12-23,0,0.11,1778.78,Sea,Atlantic,72.63
2024-12-23,0,0.29,4970.37,Sea,Suez,72.63
2024-12-23,0,0.22,1460.34,Sea,Commodity,72.63
2024-12-23,11,0.42,2299.26,Sea,Suez,72.63
2024-12-23,17,0.35,31024.63,Air,Suez,72.63
2024-12-23,0,0.58,2947.49,Sea,Atlantic,72.63
2024-12-23,0,0.6,3068.0,Sea,Atlantic,72.63
2024-12-23,0,0.18,2040.22,Sea,Intra-Asia,72.63
2025-06-10,0,0.18,1233.1,Sea,Suez,66.87
2025-06-10,0,0.62,3198.69,Sea,Atlantic,66.87
2025-06-10,0,0.46,5873.58,Sea,Intra-Asia,66.87
2025-06-10,0,0.17,20012.85,Air,Suez,66.87
2025-06-10,0,0.71,4081.77,Air,Atlantic,66.87
2025-06-10,0,0.82,6187.09,Sea,Intra-Asia,66.87
2025-06-10,0,0.75,4838.75,Sea,Suez,66.87
2025-06-10,0,0.68,7991.76,Sea,Commodity,66.87
2025-06-10,0,0.25,3570.0,Sea,Atlantic,66.87
2025-06-10,0,0.45,50736.95,Air,Atlantic,66.87
2025-06-10,0,0.6,4525.6,Sea,Suez,66.87
2025-06-10,0,0.76,7941.12,Sea,Atlantic,66.87
2025-06-10,0,0.42,6276.4,Sea,Pacific,66.87
2025-06-10,0,0.24,1325.56,Sea,Commodity,66.87
2025-06-10,0,0.25,4686.88,Sea,Suez,66.87
2025-06-10,0,0.3,5389.15,Sea,Suez,66.87
2025-01-02,0,0.72,6267.68,Sea,Atlantic,75.93
2025-01-02,0,0.15,8336.35,Air,Suez,75.93
2025-01-02,0,0.24,4662.4,Sea,Intra-Asia,75.93
2025-01-02,0,0.67,6340.99,Sea,Intra-Asia,75.93
2025-01-02,14,0.12,5783.68,Sea,Suez,75.93
2025-01-02,0,0.41,5794.39,Sea,Suez,75.93
2025-01-02,0,0.29,3059.24,Sea,Commodity,75.93
2025-01-02,15,0.44,5974.27,Sea,Suez,75.93
2025-01-02,0,0.58,7881.04,Sea,Commodity,75.93
2025-07-11,0,0.79,4435.62,Sea,Suez,70.36
2025-07-11,0,0.23,36517.47,Air,Suez,70.36
2025-07-11,0,0.23,1271.82,Sea,Commodity,70.36
2025-07-11,0,0.57,4602.45,Sea,Atlantic,70.36
2025-07-11,1,0.79,8084.53,Sea,Suez,70.36
2025-07-11,0,0.66,77541.09,Air,Intra-Asia,70.36
2025-07-11,0,0.68,5718.72,Sea,Suez,70.36
2025-07-11,0,0.86,5805.06,Sea,Intra-Asia,70.36
2025-07-11,0,0.38,6652.29,Sea,Atlantic,70.36
2025-07-11,0,0.48,7115.84,Sea,Pacific,70.36
2025-07-11,0,0.25,66199.38,Air,Suez,70.36
2025-07-11,0,0.82,6282.64,Sea,Intra-Asia,70.36
2025-07-11,0,0.13,2411.42,Sea,Intra-Asia,70.36
2025-07-11,0,0.2,4032.6,Sea,Commodity,70.36
2025-07-11,0,0.62,322.38,Sea,Commodity,70.36
2025-07-11,3,0.3,204.36,Sea,Intra-Asia,70.36
2025-07-11,3,0.34,1227.11,Sea,Atlantic,70.36
2024-07-16,0,0.83,4631.73,Sea,Suez,83.73
2024-07-16,0,0.17,3608.86,Sea,Suez,83.73
2024-07-16,0,0.17,2117.7,Sea,Suez,83.73
2024-07-16,0,0.35,4407.75,Sea,Suez,83.73
2024-07-16,0,0.19,4012.09,Sea,Intra-Asia,83.73
2024-07-16,0,0.87,38537.9,Air,Commodity,83.73
2024-07-16,0,0.44,1803.6,Sea,Suez,83.73
2024-07-16,0,0.43,6344.91,Sea,Commodity,83.73
2024-07-16,0,0.76,6722.32,Sea,Pacific,83.73
2024-07-16,0,0.43,5022.88,Sea,Commodity,83.73
2024-07-16,0,0.37,1816.62,Sea,Suez,83.73
2024-07-16,7,0.73,8961.06,Sea,Intra-Asia,83.73
2024-07-16,0,0.48,5925.92,Sea,Atlantic,83.73
2025-03-13,0,0.34,5650.78,Sea,Atlantic,69.88
2025-03-13,0,0.75,6217.75,Sea,Suez,69.88
2025-03-13,0,0.24,53366.5,Air,Pacific,69.88
2025-03-13,0,0.52,7592.4,Sea,Suez,69.88
2025-03-13,0,0.81,1178.31,Sea,Pacific,69.88
2025-03-13,0,0.11,23675.19,Air,Intra-Asia,69.88
2025-03-13,0,0.53,6153.66,Sea,Pacific,69.88
2025-03-13,0,0.87,175.78,Sea,Pacific,69.88
2025-03-13,0,0.65,7179.15,Sea,Commodity,69.88
2025-03-13,0,0.53,3796.7,Sea,Suez,69.88
2025-03-13,0,0.28,6118.4,Sea,Atlantic,69.88
2025-03-13,0,0.43,7259.39,Air,Commodity,69.88
2025-03-13,0,0.21,3979.09,Sea,Pacific,69.88
2025-03-13,9,0.48,3509.38,Sea,Suez,69.88
2025-03-13,0,0.77,104.43,Sea,Suez,69.88
2024-11-11,0,0.46,1568.04,Sea,Suez,71.83
2024-11-11,2,0.44,6096.82,Sea,Atlantic,71.83
2024-11-11,0,0.16,3946.9,Sea,Intra-Asia,71.83
2024-11-11,0,0.35,9600.53,Air,Suez,71.83
2024-11-11,0,0.25,4411.88,Sea,Intra-Asia,71.83
2024-11-11,0,0.72,72605.5,Air,Commodity,71.83
2024-11-11,0,0.36,4366.28,Sea,Suez,71.83
2024-11-11,0,0.2,65551.2,Air,Intra-Asia,71.83
2024-11-11,0,0.56,6966.18,Sea,Commodity,71.83
2024-11-11,8,0.89,13403.89,Sea,Suez,71.83
2024-11-11,1,0.8,322.74,Sea,Intra-Asia,71.83
2024-08-29,4,0.74,4572.55,Sea,Atlantic,79.94
2024-08-29,0,0.61,2290.22,Sea,Suez,79.94
2024-08-29,0,0.24,1531.4,Sea,Atlantic,79.94
2024-08-29,0,0.11,2319.35,Sea,Atlantic,79.94
2024-08-29,0,0.42,4877.7,Sea,Intra-Asia,79.94
2024-08-29,0,0.68,63820.68,Air,Suez,79.94
2024-08-29,0,0.81,28560.9,Air,Commodity,79.94
2024-08-29,0,0.89,1428.84,Sea,Atlantic,79.94
2024-08-29,0,0.48,4069.26,Sea,Pacific,79.94
2024-08-29,2,0.27,1282.44,Sea,Pacific,79.94
2024-08-29,0,0.47,3982.23,Sea,Commodity,79.94
2024-08-29,0,0.51,2956.58,Sea,Suez,79.94
2024-08-29,0,0.39,313.45,Sea,Atlantic,79.94
2024-08-29,0,0.53,2704.28,Sea,Atlantic,79.94
2024-08-29,0,0.12,1105.44,Sea,Atlantic,79.94
2025-09-16,0,0.55,3175.18,Sea,Atlantic,68.47
2025-09-16,0,0.22,3793.59,Sea,Suez,68.47
2025-09-16,0,0.7,2730.2,Sea,Intra-Asia,68.47
2025-09-16,0,0.18,4321.75,Sea,Suez,68.47
2025-09-16,2,0.9,1574.34,Sea,Intra-Asia,68.47
2025-09-16,0,0.5,2930.25,Sea,Suez,68.47
2025-09-16,0,0.22,15842.31,Air,Suez,68.47
2025-09-16,0,0.64,7881.84,Sea,Atlantic,68.47
2025-09-16,0,0.9,1858.2,Sea,Commodity,68.47
2025-09-16,0,0.73,15490.42,Air,Intra-Asia,68.47
2025-09-16,15,0.27,1957.82,Sea,Suez,68.47
2025-09-16,0,0.88,64873.16,Air,Commodity,68.47
2025-09-16,0,0.67,3501.15,Sea,Suez,68.47
2025-09-16,0,0.14,3331.08,Sea,Suez,68.47
2025-09-16,0,0.44,3295.44,Sea,Commodity,68.47
2025-01-27,0,0.89,1403.33,Sea,Suez,77.08
2025-01-27,0,0.55,5211.88,Sea,Atlantic,77.08
2025-01-27,0,0.56,3621.54,Sea,Commodity,77.08
2025-01-27,0,0.12,285.6,Sea,Commodity,77.08
2025-01-27,0,0.41,5902.96,Sea,Suez,77.08
2025-01-27,0,0.63,2748.18,Sea,Intra-Asia,77.08
2025-01-27,18,0.79,117053.11,Air,Suez,77.08
2025-01-27,0,0.75,8222.38,Sea,Intra-Asia,77.08
2025-01-27,0,0.53,7310.34,Sea,Atlantic,77.08
2025-01-27,0,0.39,3580.64,Sea,Suez,77.08
2025-01-27,0,0.32,6126.78,Sea,Intra-Asia,77.08
2025-01-09,0,0.6,67328.8,Air,Pacific,76.92
2025-01-09,0,0.31,3977.82,Sea,Suez,76.92
2025-01-09,0,0.64,2135.28,Sea,Atlantic,76.92
2025-01-09,0,0.39,2156.59,Sea,Intra-Asia,76.92
2025-01-09,0,0.53,5882.85,Sea,Commodity,76.92
2025-01-09,0,0.27,3231.51,Sea,Commodity,76.92
2025-01-09,0,0.61,5584.28,Sea,Suez,76.92
2025-01-09,8,0.49,148.99,Sea,Suez,76.92
2025-01-09,0,0.61,2134.05,Sea,Intra-Asia,76.92
2025-01-09,0,0.71,4778.6,Sea,Pacific,76.92
2025-01-09,13,0.89,10649.02,Sea,Suez,76.92
2025-01-09,0,0.22,3702.7,Sea,Atlantic,76.92
2025-01-09,0,0.12,56111.44,Air,Commodity,76.92
2025-01-09,0,0.76,2493.04,Sea,Commodity,76.92
2025-01-09,0,0.83,82251.18,Air,Suez,76.92
2025-01-09,0,0.57,5068.74,Sea,Intra-Asia,76.92
2025-01-09,0,0.18,690.89,Sea,Intra-Asia,76.92
2024-12-05,0,0.9,1628.3,Sea,Atlantic,72.09
2024-12-05,0,0.24,664.02,Sea,Intra-Asia,72.09
2024-12-05,0,0.68,4533.48,Sea,Atlantic,72.09
2024-12-05,0,0.33,1210.97,Sea,Suez,72.09
2024-12-05,0,0.89,21382.52,Air,Commodity,72.09
2024-12-05,0,0.73,4782.59,Sea,Suez,72.09
2024-12-05,15,0.69,75735.65,Air,Suez,72.09
2024-12-05,0,0.11,4807.41,Sea,Atlantic,72.09
2024-12-05,0,0.49,1871.44,Sea,Intra-Asia,72.09
2024-12-05,0,0.1,1152.8,Sea,Intra-Asia,72.09
2024-12-05,0,0.17,2963.61,Sea,Suez,72.09
2024-12-05,5,0.57,5669.74,Sea,Atlantic,72.09
2024-12-05,0,0.75,3838.62,Sea,Pacific,72.09
2024-08-19,16,0.31,8076.94,Sea,Suez,77.66
2024-08-19,0,0.72,3010.0,Sea,Suez,77.66
2024-08-19,0,0.28,26505.6,Air,Suez,77.66
2024-08-19,0,0.69,7656.55,Sea,Atlantic,77.66
2024-08-19,0,0.87,5629.64,Sea,Atlantic,77.66
2024-08-19,0,0.5,1545.75,Sea,Suez,77.66
2024-08-19,1,0.4,6474.93,Sea,Commodity,77.66
2024-08-19,5,0.25,3325.5,Sea,Intra-Asia,77.66
2024-08-19,0,0.47,14730.87,Air,Commodity,77.66
2024-08-19,10,0.51,12022.02,Sea,Suez,77.66
2024-08-19,6,0.33,7231.48,Sea,Pacific,77.66
2024-08-19,0,0.64,16443.46,Air,Commodity,77.66
2024-08-19,5,0.54,5499.65,Sea,Pacific,77.66
2024-08-19,0,0.45,1327.47,Sea,Commodity,77.66
2024-08-19,0,0.13,303.97,Sea,Commodity,77.66
2024-08-19,0,0.24,1116.0,Sea,Suez,77.66
2024-08-19,0,0.23,7455.03,Air,Commodity,77.66
2024-08-19,0,0.51,34997.27,Air,Atlantic,77.66
2024-07-30,16,0.69,5316.06,Sea,Suez,78.63
2024-07-30,0,0.58,1854.13,Sea,Suez,78.63
2024-07-30,0,0.49,1335.79,Sea,Commodity,78.63
2024-07-30,0,0.43,5868.72,Sea,Suez,78.63
2024-07-30,6,0.29,4046.47,Sea,Pacific,78.63
2024-07-30,0,0.12,4294.08,Sea,Pacific,78.63
2024-07-30,0,0.59,6623.14,Sea,Suez,78.63
2024-07-30,0,0.72,1346.76,Sea,Commodity,78.63
2024-07-30,0,0.57,7164.69,Sea,Suez,78.63
2024-07-30,0,0.25,799.38,Sea,Suez,78.63
2024-07-30,0,0.15,5602.8,Sea,Atlantic,78.63
2024-07-30,0,0.78,2988.62,Sea,Suez,78.63
2024-07-30,0,0.61,4027.41,Sea,Commodity,78.63
2024-07-30,10,0.78,11033.15,Sea,Suez,78.63
2024-07-30,0,0.51,1000.38,Sea,Suez,78.63
2024-07-30,0,0.42,714.97,Sea,Suez,78.63
2024-07-30,0,0.27,54070.89,Air,Pacific,78.63
2024-07-30,0,0.35,4378.05,Sea,Intra-Asia,78.63
2024-07-30,0,0.4,300.3,Sea,Suez,78.63
2024-07-30,0,0.48,2364.3,Sea,Suez,78.63
2024-07-30,0,0.22,3295.22,Sea,Intra-Asia,78.63
2024-07-30,0,0.87,919.11,Sea,Commodity,78.63
2024-07-30,0,0.65,53860.12,Air,Suez,78.63
2024-01-11,0,0.52,35312.64,Air,Suez,77.41
2024-01-11,0,0.88,1217.3,Sea,Commodity,77.41
2024-01-11,0,0.22,5670.56,Sea,Pacific,77.41
2024-01-11,0,0.8,5735.7,Sea,Intra-Asia,77.41
2024-01-11,0,0.3,6237.4,Sea,Suez,77.41
2024-01-11,0,0.2,2665.2,Sea,Pacific,77.41
2024-01-11,5,0.28,104613.7,Air,Commodity,77.41
2024-01-11,0,0.26,902.16,Sea,Suez,77.41
2024-01-29,0,0.45,7086.88,Sea,Commodity,82.4
2024-01-29,16,0.14,1663.49,Sea,Suez,82.4
2024-01-29,5,0.31,1337.25,Sea,Commodity,82.4
2024-01-29,0,0.8,3436.2,Sea,Atlantic,82.4
2024-01-29,0,0.45,6258.2,Sea,Intra-Asia,82.4
2024-01-29,0,0.89,80020.71,Air,Pacific,82.4
2024-01-29,0,0.16,2663.94,Sea,Suez,82.4
2024-01-29,0,0.79,7074.98,Sea,Intra-Asia,82.4
2024-01-29,0,0.68,4025.28,Sea,Commodity,82.4
2024-01-29,0,0.6,6920.8,Sea,Suez,82.4
2024-01-29,0,0.59,4897.99,Sea,Pacific,82.4
2024-01-29,0,0.58,58883.44,Air,Intra-Asia,82.4
2024-01-29,0,0.67,2927.51,Sea,Intra-Asia,82.4
2024-01-29,0,0.7,5980.6,Sea,Suez,82.4
2024-01-29,0,0.9,2841.45,Sea,Pacific,82.4
2024-01-29,0,0.62,1959.39,Sea,Suez,82.4
2024-04-29,4,0.1,2506.52,Sea,Intra-Asia,88.4
2024-04-29,3,0.63,119447.43,Air,Atlantic,88.4
2024-04-29,0,0.21,248.66,Sea,Pacific,88.4
2024-04-29,0,0.84,7527.44,Sea,Suez,88.4
2024-04-29,3,0.54,7631.47,Sea,Intra-Asia,88.4
2024-04-29,0,0.14,2993.64,Sea,Suez,88.4
2024-04-29,0,0.86,6770.4,Sea,Commodity,88.4
2024-04-29,0,0.57,1965.64,Sea,Commodity,88.4
2024-04-29,0,0.39,70463.97,Air,Intra-Asia,88.4
2024-04-29,0,0.72,2541.3,Sea,Pacific,88.4
2024-04-29,0,0.64,84012.28,Air,Commodity,88.4
2024-04-29,0,0.8,173.7,Sea,Atlantic,88.4
2024-04-29,0,0.23,4086.67,Sea,Suez,88.4
2024-04-29,0,0.62,1805.49,Sea,Commodity,88.4
2024-04-29,0,0.86,379.44,Sea,Intra-Asia,88.4
2024-04-29,0,0.89,7850.12,Sea,Commodity,88.4
2024-04-29,0,0.22,31308.86,Air,Intra-Asia,88.4
2024-04-29,0,0.44,4327.2,Sea,Intra-Asia,88.4
2024-04-29,0,0.84,6914.72,Sea,Atlantic,88.4
2025-05-27,0,0.63,1720.46,Sea,Intra-Asia,64.09
2025-05-27,0,0.45,2262.0,Sea,Suez,64.09
2025-05-27,0,0.34,1411.69,Sea,Atlantic,64.09
2025-05-27,0,0.83,4974.86,Sea,Commodity,64.09
2025-05-27,0,0.57,2006.46,Sea,Suez,64.09
2025-05-27,0,0.58,2336.03,Sea,Suez,64.09
2025-05-27,0,0.38,2782.08,Sea,Pacific,64.09
2025-05-27,0,0.88,7996.58,Sea,Suez,64.09
2025-05-27,0,0.12,1103.76,Sea,Commodity,64.09
2025-05-27,0,0.47,1154.68,Sea,Suez,64.09
2025-05-27,0,0.25,5887.5,Sea,Pacific,64.09
2025-05-27,0,0.62,4349.7,Sea,Suez,64.09
2025-05-27,0,0.28,3896.32,Sea,Suez,64.09
2025-05-27,0,0.24,43395.66,Air,Commodity,64.09
2025-11-19,0,0.8,61429.5,Air,Atlantic,63.51
2025-11-19,0,0.36,4847.04,Sea,Atlantic,63.51
2025-11-19,3,0.46,13527.74,Air,Atlantic,63.51
2025-11-19,0,0.57,4578.9,Sea,Intra-Asia,63.51
2025-11-19,0,0.6,5196.0,Sea,Intra-Asia,63.51
2025-11-19,0,0.56,6960.72,Sea,Atlantic,63.51
2025-11-19,12,0.3,115195.08,Air,Suez,63.51
2025-11-19,0,0.78,2724.29,Sea,Atlantic,63.51
2025-11-19,2,0.38,6541.06,Sea,Commodity,63.51
2025-11-19,0,0.31,63908.35,Air,Suez,63.51
2025-11-19,0,0.8,8334.9,Sea,Intra-Asia,63.51
2025-04-11,0,0.71,287.28,Sea,Commodity,64.76
2025-04-11,0,0.69,3870.1,Sea,Pacific,64.76
2025-04-11,0,0.11,3723.5,Sea,Pacific,64.76
2025-04-11,0,0.79,7012.32,Sea,Intra-Asia,64.76
2025-04-11,4,0.65,89962.29,Air,Atlantic,64.76
2025-04-11,4,0.13,876.93,Sea,Commodity,64.76
2025-04-11,0,0.57,5563.29,Sea,Intra-Asia,64.76
2025-04-11,0,0.73,3251.53,Sea,Commodity,64.76
2025-04-11,0,0.24,21687.6,Air,Commodity,64.76
2025-04-11,0,0.71,7004.16,Sea,Atlantic,64.76
2025-04-11,0,0.46,700.8,Sea,Commodity,64.76
2025-09-19,0,0.72,1722.58,Sea,Commodity,66.68
2025-09-19,0,0.67,5925.99,Sea,Suez,66.68
2025-09-19,0,0.79,3048.37,Sea,Pacific,66.68
2025-09-19,0,0.69,48055.15,Air,Commodity,66.68
2025-09-19,0,0.89,2821.77,Sea,Commodity,66.68
2025-09-19,0,0.33,2541.63,Sea,Suez,66.68
2025-09-19,0,0.74,3904.56,Air,Commodity,66.68
2025-09-19,0,0.62,4279.23,Sea,Commodity,66.68
2025-09-19,5,0.26,2583.25,Sea,Intra-Asia,66.68
2025-09-19,0,0.4,2730.7,Sea,Suez,66.68
2025-09-19,0,0.2,4728.0,Sea,Pacific,66.68
2025-09-19,0,0.37,6459.55,Sea,Pacific,66.68
2025-09-19,4,0.13,4217.16,Sea,Intra-Asia,66.68
2024-10-09,0,0.13,40142.68,Air,Pacific,76.58
2024-10-09,0,0.71,1347.48,Sea,Intra-Asia,76.58
2024-10-09,0,0.86,4933.65,Sea,Commodity,76.58
2024-10-09,0,0.76,755.92,Sea,Pacific,76.58
2024-10-09,0,0.52,90.44,Sea,Commodity,76.58
2024-10-09,0,0.73,2261.97,Sea,Atlantic,76.58
2024-10-09,0,0.56,6037.98,Sea,Atlantic,76.58
2024-10-09,0,0.73,3924.51,Sea,Suez,76.58
2024-10-09,0,0.69,1484.66,Sea,Suez,76.58
2024-10-09,0,0.7,1278.4,Sea,Atlantic,76.58
2024-10-09,2,0.86,1339.11,Sea,Pacific,76.58
2024-10-09,0,0.33,2162.58,Sea,Pacific,76.58
2024-10-09,0,0.64,3130.76,Sea,Commodity,76.58
2024-10-09,17,0.58,8425.82,Sea,Suez,76.58
2024-10-09,5,0.65,7312.64,Sea,Pacific,76.58
2024-10-09,0,0.73,7337.8,Sea,Atlantic,76.58
2024-10-09,1,0.7,150927.23,Air,Pacific,76.58
2025-12-19,0,0.55,4787.95,Sea,Intra-Asia,60.47
2025-12-19,0,0.42,5577.05,Sea,Pacific,60.47
2025-12-19,0,0.58,3286.4,Sea,Atlantic,60.47
2025-12-19,0,0.66,4879.57,Sea,Intra-Asia,60.47
2025-12-19,0,0.48,1371.22,Sea,Pacific,60.47
2025-12-19,0,0.22,5285.04,Sea,Suez,60.47
2025-12-19,0,0.14,40128.0,Air,Intra-Asia,60.47
2025-12-19,0,0.34,2080.35,Sea,Commodity,60.47
2025-12-19,0,0.42,4562.46,Sea,Atlantic,60.47
2025-12-19,0,0.72,43724.12,Air,Suez,60.47
2024-06-07,4,0.31,1837.28,Sea,Atlantic,79.62
2024-06-07,0,0.19,5898.23,Sea,Suez,79.62
2024-06-07,0,0.76,3845.6,Sea,Suez,79.62
2024-06-07,0,0.36,1649.68,Sea,Pacific,79.62
2024-06-07,0,0.77,8331.39,Sea,Commodity,79.62
2024-06-07,0,0.86,8758.74,Sea,Intra-Asia,79.62
2024-06-07,0,0.14,1268.82,Sea,Suez,79.62
2024-06-07,0,0.46,5303.45,Sea,Pacific,79.62
2024-06-07,0,0.86,7811.07,Sea,Atlantic,79.62
2024-07-24,0,0.87,7038.68,Sea,Intra-Asia,81.71
2024-07-24,0,0.58,4298.39,Sea,Pacific,81.71
2024-07-24,0,0.75,7039.38,Sea,Suez,81.71
2024-07-24,0,0.15,2095.3,Sea,Suez,81.71
2024-07-24,0,0.47,62731.51,Air,Suez,81.71
2024-07-24,0,0.82,8935.29,Sea,Intra-Asia,81.71
2024-07-24,0,0.9,99713.9,Air,Commodity,81.71
2024-07-24,0,0.85,44047.58,Air,Pacific,81.71
2024-07-24,0,0.12,5159.84,Sea,Suez,81.71
2024-07-24,0,0.64,6598.54,Sea,Atlantic,81.71
2024-07-24,0,0.31,5363.8,Sea,Suez,81.71
2024-07-24,0,0.17,11190.47,Air,Intra-Asia,81.71
2024-07-24,3,0.15,233.39,Sea,Atlantic,81.71
2024-07-24,7,0.2,1044.0,Sea,Pacific,81.71
2024-07-24,0,0.78,7574.79,Sea,Suez,81.71
2024-07-24,5,0.12,88803.79,Air,Intra-Asia,81.71
2024-07-24,0,0.44,4085.28,Sea,Intra-Asia,81.71
2024-07-24,0,0.19,10472.0,Air,Atlantic,81.71
2025-06-24,0,0.72,4135.74,Sea,Atlantic,67.14
2025-06-24,0,0.23,6008.55,Sea,Commodity,67.14
2025-06-24,0,0.29,5870.15,Sea,Commodity,67.14
2025-06-24,0,0.17,5888.02,Air,Pacific,67.14
2025-06-24,0,0.47,4590.07,Sea,Intra-Asia,67.14
2025-06-24,0,0.82,3466.19,Sea,Suez,67.14
2025-06-24,0,0.49,49333.9,Air,Pacific,67.14
2025-06-24,0,0.8,23562.0,Air,Suez,67.14
2025-06-24,0,0.16,2895.94,Sea,Pacific,67.14
2025-06-24,0,0.16,37858.92,Air,Pacific,67.14
2025-06-24,0,0.14,2335.86,Sea,Suez,67.14
2025-06-24,2,0.44,7822.58,Sea,Intra-Asia,67.14
2025-06-24,0,0.29,2745.12,Sea,Suez,67.14
2025-06-24,0,0.16,9365.84,Air,Suez,67.14
2025-06-24,0,0.1,5387.8,Sea,Commodity,67.14
2025-06-24,0,0.19,1605.9,Sea,Atlantic,67.14
2025-06-24,0,0.44,4204.8,Sea,Atlantic,67.14
2025-06-24,0,0.57,7722.04,Sea,Pacific,67.14
2025-01-15,0,0.26,1618.47,Sea,Suez,82.03
2025-01-15,3,0.4,6151.53,Sea,Pacific,82.03
2025-01-15,0,0.74,45591.48,Air,Commodity,82.03
2025-01-15,0,0.34,1737.98,Sea,Suez,82.03
2025-01-15,0,0.28,3904.64,Sea,Suez,82.03
2025-01-15,3,0.38,914.6,Sea,Pacific,82.03
2025-01-15,0,0.3,3167.45,Sea,Commodity,82.03
2025-01-15,0,0.62,43160.04,Air,Commodity,82.03
2025-01-15,0,0.82,8785.14,Sea,Suez,82.03
2025-01-15,0,0.12,49748.16,Air,Intra-Asia,82.03
2025-01-15,0,0.87,3945.7,Sea,Atlantic,82.03
2025-01-15,0,0.86,6883.86,Sea,Suez,82.03
2025-01-15,0,0.82,2771.86,Sea,Commodity,82.03
2025-01-15,1,0.8,2208.69,Sea,Atlantic,82.03
2024-12-31,0,0.16,3727.08,Sea,Commodity,74.64
2024-12-31,0,0.21,1997.11,Sea,Commodity,74.64
2024-12-31,0,0.2,5854.8,Sea,Suez,74.64
2024-12-31,0,0.46,21624.79,Air,Commodity,74.64
2024-12-31,0,0.62,4015.17,Sea,Suez,74.64
2024-12-31,0,0.5,739.5,Sea,Suez,74.64
2024-12-31,0,0.84,1654.16,Sea,Pacific,74.64
2024-12-31,0,0.3,8000.85,Air,Suez,74.64
2024-12-31,0,0.73,35852.52,Air,Intra-Asia,74.64
2024-12-31,0,0.82,2026.57,Sea,Suez,74.64
2024-12-31,0,0.45,2409.9,Sea,Suez,74.64
2024-12-31,5,0.64,6414.57,Air,Commodity,74.64
2024-12-31,0,0.35,895.05,Sea,Atlantic,74.64
2024-12-31,0,0.42,5488.3,Sea,Atlantic,74.64
2024-12-31,0,0.63,1210.27,Sea,Commodity,74.64
2024-12-31,0,0.63,1817.45,Sea,Pacific,74.64
2024-12-31,2,0.36,2429.5,Sea,Commodity,74.64
2024-12-31,0,0.73,7011.69,Sea,Pacific,74.64
2024-12-31,0,0.29,1917.59,Sea,Intra-Asia,74.64
2024-12-31,0,0.41,112.09,Sea,Suez,74.64
2025-08-21,0,0.16,5222.32,Sea,Suez,67.67
2025-08-21,0,0.49,2602.28,Sea,Pacific,67.67
2025-08-21,18,0.44,1275.26,Sea,Suez,67.67
2025-08-21,0,0.2,3235.2,Sea,Commodity,67.67
2025-08-21,0,0.37,322.64,Sea,Suez,67.67
2025-08-21,0,0.19,4025.17,Sea,Suez,67.67
2025-08-21,0,0.39,63377.05,Air,Atlantic,67.67
2025-08-21,0,0.44,6518.16,Sea,Suez,67.67
2025-08-21,0,0.65,2154.07,Sea,Suez,67.67
2025-08-21,0,0.61,2326.45,Sea,Suez,67.67
2025-08-21,0,0.35,2857.28,Sea,Intra-Asia,67.67
2025-08-21,0,0.42,2982.71,Sea,Suez,67.67
2025-08-21,0,0.16,43913.54,Air,Suez,67.67
2025-08-21,3,0.63,11897.37,Sea,Pacific,67.67
2025-08-21,0,0.75,162.75,Sea,Commodity,67.67
2025-10-06,0,0.54,2526.37,Sea,Intra-Asia,65.47
2025-10-06,0,0.35,5334.53,Sea,Atlantic,65.47
2025-10-06,4,0.77,896.6,Sea,Atlantic,65.47
2025-10-06,0,0.54,4441.36,Sea,Suez,65.47
2025-10-06,0,0.12,2632.56,Sea,Pacific,65.47
2025-10-06,0,0.42,1180.02,Sea,Pacific,65.47
2025-10-06,0,0.83,5918.22,Sea,Pacific,65.47
2025-10-06,0,0.43,539.82,Sea,Pacific,65.47
2025-10-06,0,0.81,9327.84,Air,Intra-Asia,65.47
2025-10-06,0,0.15,1544.45,Sea,Intra-Asia,65.47
2025-10-06,0,0.79,8186.57,Sea,Pacific,65.47
2025-10-06,0,0.21,5359.09,Sea,Commodity,65.47
2025-10-06,0,0.36,893.52,Sea,Atlantic,65.47
2025-10-06,0,0.29,1919.52,Sea,Commodity,65.47
2025-01-24,0,0.71,2713.77,Sea,Atlantic,78.5
2025-01-24,0,0.42,4771.91,Sea,Intra-Asia,78.5
2025-01-24,0,0.13,401.15,Sea,Suez,78.5
2025-01-24,0,0.34,688.76,Sea,Intra-Asia,78.5
2025-01-24,0,0.86,3864.15,Sea,Atlantic,78.5
2025-01-24,0,0.15,100.05,Sea,Pacific,78.5
2025-01-24,0,0.9,6452.4,Sea,Suez,78.5
2025-01-24,0,0.5,6489.75,Sea,Commodity,78.5
2025-01-24,0,0.53,4648.9,Sea,Pacific,78.5
2025-01-24,0,0.3,3253.25,Sea,Intra-Asia,78.5
2025-01-24,12,0.26,93255.62,Air,Suez,78.5
2025-01-24,0,0.57,1359.62,Sea,Pacific,78.5
2025-01-24,0,0.27,2629.53,Sea,Pacific,78.5
2025-01-24,0,0.51,72643.84,Air,Commodity,78.5
2025-01-24,0,0.63,4612.9,Sea,Intra-Asia,78.5
2025-01-24,0,0.61,685.86,Sea,Atlantic,78.5
2025-01-24,0,0.37,4523.06,Sea,Atlantic,78.5
2025-01-24,0,0.4,991.2,Sea,Suez,78.5
2025-01-24,0,0.59,6004.63,Sea,Suez,78.5
2025-01-24,0,0.12,652.4,Sea,Suez,78.5
2025-09-22,6,0.74,6891.84,Sea,Atlantic,66.57
2025-09-22,0,0.27,2458.72,Sea,Pacific,66.57
2025-09-22,10,0.28,3243.01,Sea,Suez,66.57
2025-09-22,0,0.88,87248.92,Air,Atlantic,66.57
2025-09-22,2,0.46,5092.63,Sea,Atlantic,66.57
2025-09-22,0,0.19,5829.81,Sea,Suez,66.57
2025-09-22,3,0.16,776.04,Sea,Intra-Asia,66.57
2025-09-22,0,0.27,5121.27,Sea,Atlantic,66.57
2025-09-22,0,0.6,4818.4,Sea,Suez,66.57
2025-09-22,12,0.78,4226.43,Sea,Suez,66.57
2025-09-22,0,0.33,6073.45,Sea,Intra-Asia,66.57
2025-09-22,0,0.29,4387.29,Sea,Suez,66.57
2025-09-22,0,0.48,7153.58,Sea,Atlantic,66.57
2025-09-22,0,0.28,5843.2,Sea,Suez,66.57
2025-09-22,0,0.34,4698.71,Sea,Suez,66.57
2025-09-22,0,0.87,8848.84,Sea,Suez,66.57
2024-12-06,0,0.61,6328.1,Sea,Pacific,71.12
2024-12-06,11,0.69,185959.48,Air,Suez,71.12
2024-12-06,0,0.51,1885.23,Sea,Pacific,71.12
2024-12-06,0,0.68,8220.24,Sea,Intra-Asia,71.12
2024-12-06,0,0.52,7469.28,Sea,Suez,71.12
2024-12-06,0,0.11,586.64,Sea,Atlantic,71.12
2024-12-06,0,0.6,51022.4,Air,Suez,71.12
2024-12-06,0,0.19,5078.92,Sea,Atlantic,71.12
2024-12-06,0,0.41,3535.57,Sea,Intra-Asia,71.12
2024-12-06,0,0.66,7423.52,Sea,Pacific,71.12
2025-03-12,0,0.27,1138.56,Sea,Suez,70.95
2025-03-12,0,0.47,6372.45,Sea,Pacific,70.95
2025-03-12,0,0.78,4166.09,Sea,Suez,70.95
2025-03-12,0,0.87,5394.02,Sea,Suez,70.95
2025-03-12,0,0.21,2452.67,Sea,Intra-Asia,70.95
2025-03-12,0,0.85,7313.98,Sea,Intra-Asia,70.95
2025-03-12,0,0.38,2317.02,Sea,Atlantic,70.95
2025-03-12,0,0.3,5412.55,Sea,Suez,70.95
2025-06-02,0,0.2,2995.2,Sea,Commodity,64.63
2025-06-02,0,0.76,4654.32,Sea,Atlantic,64.63
2025-06-02,0,0.64,74532.26,Air,Suez,64.63
2025-06-02,0,0.27,4764.4,Sea,Commodity,64.63
2025-06-02,0,0.41,6356.28,Sea,Suez,64.63
2025-06-02,0,0.13,4322.25,Sea,Pacific,64.63
2025-06-02,0,0.28,5561.6,Sea,Atlantic,64.63
2025-06-02,0,0.18,5758.4,Sea,Pacific,64.63
2025-06-02,0,0.86,65451.54,Air,Suez,64.63
2025-12-08,0,0.62,30302.91,Air,Pacific,62.49
2025-12-08,0,0.71,3457.62,Sea,Commodity,62.49
2025-12-08,0,0.78,4395.71,Sea,Suez,62.49
2025-12-08,0,0.14,2552.46,Sea,Suez,62.49
2025-12-08,0,0.21,69.58,Sea,Suez,62.49
2025-12-08,0,0.88,6695.62,Sea,Suez,62.49
2025-12-08,0,0.48,859.14,Sea,Pacific,62.49
2025-12-08,0,0.82,76696.62,Air,Atlantic,62.49
2025-12-08,13,0.1,8514.88,Sea,Suez,62.49
2025-12-08,0,0.58,368.93,Sea,Atlantic,62.49
2025-12-08,0,0.5,26251.5,Air,Intra-Asia,62.49
2024-01-30,3,0.18,56926.39,Air,Pacific,82.87
2024-01-30,0,0.67,30071.69,Air,Intra-Asia,82.87
2024-01-30,0,0.81,4772.97,Sea,Suez,82.87
2024-01-30,0,0.28,1032.32,Sea,Intra-Asia,82.87
2024-01-30,0,0.21,1000.06,Sea,Pacific,82.87
2024-01-30,0,0.5,77913.0,Air,Intra-Asia,82.87
2024-01-30,0,0.62,7157.97,Sea,Suez,82.87
2024-01-30,0,0.2,4878.0,Sea,Suez,82.87
2024-01-30,0,0.81,1338.5,Sea,Suez,82.87
2024-01-30,0,0.64,605.16,Sea,Intra-Asia,82.87
2024-01-30,0,0.67,8040.21,Sea,Suez,82.87
2024-01-30,0,0.67,7132.57,Sea,Suez,82.87
2024-01-30,0,0.18,1069.08,Sea,Pacific,82.87
2024-01-30,0,0.45,2214.15,Sea,Pacific,82.87
2024-01-30,0,0.62,53353.08,Air,Pacific,82.87
2024-01-30,0,0.41,4474.63,Sea,Suez,82.87
2025-10-10,0,0.13,2082.59,Sea,Intra-Asia,62.73
2025-10-10,0,0.89,7619.54,Sea,Atlantic,62.73
2025-10-10,0,0.61,7587.93,Sea,Atlantic,62.73
2025-10-10,16,0.59,9369.55,Sea,Suez,62.73
2025-10-10,0,0.66,5098.69,Sea,Atlantic,62.73
2025-10-10,0,0.44,19530.72,Air,Commodity,62.73
2025-10-10,0,0.34,3807.61,Sea,Suez,62.73
2025-10-10,0,0.45,3346.6,Sea,Suez,62.73
2025-10-10,0,0.12,32697.28,Air,Suez,62.73
2025-10-10,0,0.42,5188.68,Sea,Commodity,62.73
2025-10-10,0,0.54,1392.93,Sea,Intra-Asia,62.73
2025-10-10,9,0.22,1896.37,Sea,Suez,62.73
2024-08-16,0,0.15,4098.02,Sea,Intra-Asia,79.68
2024-08-16,0,0.61,1755.7,Sea,Commodity,79.68
2024-08-16,0,0.36,1739.44,Sea,Commodity,79.68
2024-08-16,0,0.24,27798.32,Air,Suez,79.68
2024-08-16,0,0.39,6567.06,Sea,Commodity,79.68
2024-08-16,0,0.21,21469.03,Air,Intra-Asia,79.68
2024-08-16,0,0.49,5490.65,Sea,Intra-Asia,79.68
2024-08-16,6,0.31,3582.33,Sea,Commodity,79.68
2024-08-16,0,0.84,7916.6,Sea,Commodity,79.68
2024-08-16,2,0.62,3291.35,Sea,Commodity,79.68
2024-08-16,0,0.6,51066.4,Air,Atlantic,79.68
2024-09-05,0,0.38,6001.62,Sea,Suez,72.69
2024-09-05,0,0.48,1166.98,Sea,Intra-Asia,72.69
2024-09-05,0,0.61,482.19,Sea,Suez,72.69
2024-09-05,0,0.55,40340.3,Air,Intra-Asia,72.69
2024-09-05,0,0.75,3998.75,Sea,Suez,72.69
2024-09-05,0,0.37,6259.53,Sea,Pacific,72.69
2024-09-05,0,0.6,4568.0,Sea,Intra-Asia,72.69
2024-09-05,0,0.72,7185.3,Sea,Pacific,72.69
2024-09-05,0,0.35,36092.93,Air,Intra-Asia,72.69
2024-09-05,0,0.69,4284.99,Sea,Commodity,72.69
2024-09-05,0,0.89,1941.03,Sea,Pacific,72.69
2024-09-05,0,0.64,4807.66,Sea,Pacific,72.69
2025-09-25,0,0.47,2643.06,Sea,Suez,69.42
2025-09-25,0,0.32,57913.02,Air,Atlantic,69.42
2025-09-25,0,0.31,1394.5,Sea,Suez,69.42
2025-09-25,9,0.52,692.21,Sea,Intra-Asia,69.42
2025-09-25,0,0.59,970.69,Sea,Atlantic,69.42
2025-09-25,0,0.49,6173.81,Sea,Suez,69.42
2025-09-25,0,0.52,5598.16,Sea,Suez,69.42
2025-09-25,4,0.81,3147.77,Sea,Commodity,69.42
2025-09-25,0,0.37,5399.17,Sea,Intra-Asia,69.42
2025-09-25,0,0.22,342.21,Sea,Commodity,69.42
2025-09-25,0,0.4,11111.1,Air,Atlantic,69.42
2025-09-25,0,0.21,1306.19,Sea,Suez,69.42
2025-09-25,0,0.78,92603.61,Air,Suez,69.42
2025-09-25,0,0.43,6051.76,Sea,Atlantic,69.42
2025-09-25,0,0.65,2662.27,Sea,Suez,69.42
2025-09-25,0,0.11,3260.07,Air,Commodity,69.42
2025-09-25,0,0.28,2450.56,Sea,Pacific,69.42
2024-12-09,0,0.35,2050.65,Sea,Commodity,72.14
2024-12-09,0,0.6,27262.4,Air,Intra-Asia,72.14
2024-12-09,0,0.56,6365.58,Sea,Suez,72.14
2024-12-09,0,0.68,1059.24,Sea,Commodity,72.14
2024-12-09,12,0.22,4535.47,Sea,Suez,72.14
2024-12-09,0,0.2,4788.6,Sea,Atlantic,72.14
2024-12-09,0,0.41,62264.89,Air,Suez,72.14
2024-12-09,0,0.12,516.32,Sea,Commodity,72.14
2024-12-09,0,0.75,7914.38,Sea,Suez,72.14
2024-12-09,0,0.78,1082.24,Sea,Suez,72.14
2024-12-09,0,0.18,2452.63,Sea,Intra-Asia,72.14
2025-09-04,0,0.54,4248.86,Sea,Commodity,66.99
2025-09-04,0,0.64,4744.52,Sea,Suez,66.99
2025-09-04,0,0.43,1579.43,Sea,Intra-Asia,66.99
2025-09-04,0,0.74,7154.01,Sea,Suez,66.99
2025-09-04,1,0.85,784.5,Sea,Atlantic,66.99
2025-09-04,0,0.21,401.12,Sea,Atlantic,66.99
2025-09-04,0,0.44,3241.44,Sea,Atlantic,66.99
2025-09-04,0,0.74,5022.51,Sea,Suez,66.99
2025-09-04,0,0.64,2681.4,Sea,Intra-Asia,66.99
2025-09-04,6,0.52,323.76,Sea,Pacific,66.99
2025-09-04,0,0.2,18961.8,Air,Intra-Asia,66.99
2025-09-04,0,0.51,5567.37,Sea,Suez,66.99
2025-09-04,0,0.64,1349.72,Sea,Suez,66.99
2025-02-07,0,0.84,3490.48,Sea,Commodity,74.66
2025-02-07,0,0.44,6504.48,Sea,Suez,74.66
2025-02-07,0,0.49,4762.78,Sea,Commodity,74.66
2025-02-07,0,0.34,136.01,Sea,Intra-Asia,74.66
2025-02-07,0,0.32,6411.24,Sea,Suez,74.66
2025-02-07,18,0.83,1134.59,Sea,Suez,74.66
2025-02-07,0,0.6,74096.0,Air,Commodity,74.66
2025-02-07,0,0.45,43671.1,Air,Atlantic,74.66
2025-02-07,0,0.52,3413.16,Sea,Commodity,74.66
2025-02-07,0,0.25,64597.5,Air,Suez,74.66
2024-07-23,0,0.66,4028.82,Sea,Atlantic,81.01
2024-07-23,0,0.34,6439.37,Sea,Intra-Asia,81.01
2024-07-23,0,0.71,69813.32,Air,Pacific,81.01
2024-07-23,0,0.43,3143.14,Sea,Commodity,81.01
2024-07-23,0,0.3,6420.05,Sea,Suez,81.01
2024-07-23,0,0.77,6048.09,Sea,Atlantic,81.01
2024-07-23,0,0.46,6056.81,Sea,Atlantic,81.01
2024-07-23,0,0.18,228.92,Sea,Suez,81.01
2024-07-23,2,0.72,8063.36,Sea,Intra-Asia,81.01
2024-07-23,0,0.32,1162.92,Sea,Intra-Asia,81.01
2024-07-23,0,0.68,756.84,Sea,Intra-Asia,81.01
2024-07-23,0,0.5,4776.0,Sea,Intra-Asia,81.01
2024-12-20,15,0.71,1644.34,Sea,Suez,72.94
2024-12-20,0,0.7,3005.09,Sea,Pacific,72.94
2024-12-20,17,0.56,10762.75,Sea,Suez,72.94
2024-12-20,0,0.59,26847.15,Air,Pacific,72.94
2024-12-20,0,0.15,4110.67,Sea,Pacific,72.94
2024-12-20,0,0.58,4770.81,Sea,Pacific,72.94
2024-12-20,0,0.29,60456.5,Air,Suez,72.94
2024-12-20,0,0.25,2068.12,Sea,Intra-Asia,72.94
2024-12-20,0,0.43,29375.77,Air,Intra-Asia,72.94
2024-12-20,0,0.58,2682.05,Sea,Pacific,72.94
2024-12-20,0,0.5,4256.25,Sea,Suez,72.94
2024-12-20,0,0.72,85499.48,Air,Suez,72.94
2024-12-20,0,0.13,2018.18,Sea,Suez,72.94
2024-12-20,0,0.17,3427.51,Sea,Commodity,72.94
2024-12-20,0,0.85,6253.93,Sea,Pacific,72.94
2024-12-20,13,0.24,8815.9,Sea,Suez,72.94
2025-07-22,0,0.7,5709.45,Sea,Atlantic,68.59
2025-07-22,0,0.18,1217.17,Sea,Commodity,68.59
2025-07-22,0,0.49,527.46,Sea,Suez,68.59
2025-07-22,17,0.31,8950.98,Sea,Suez,68.59
2025-07-22,1,0.73,81534.04,Air,Atlantic,68.59
2025-07-22,0,0.42,4806.7,Sea,Atlantic,68.59
2025-07-22,0,0.66,2475.06,Sea,Commodity,68.59
2025-07-22,0,0.12,3658.48,Sea,Suez,68.59
2025-07-22,0,0.72,18059.14,Air,Pacific,68.59
2025-07-22,5,0.69,553.64,Sea,Intra-Asia,68.59
2025-07-22,12,0.65,7411.81,Sea,Suez,68.59
2025-07-22,0,0.9,3978.6,Sea,Intra-Asia,68.59
2025-07-22,0,0.86,9174.45,Sea,Suez,68.59
2025-07-22,0,0.33,976.89,Sea,Suez,68.59
2025-07-22,0,0.48,57785.86,Air,Intra-Asia,68.59
2025-07-22,0,0.41,5845.86,Sea,Pacific,68.59
2025-07-22,0,0.58,4959.62,Sea,Commodity,68.59
2025-07-22,0,0.79,7255.77,Sea,Commodity,68.59
2025-07-22,0,0.2,1318.8,Sea,Suez,68.59
2024-02-22,0,0.13,4249.36,Sea,Intra-Asia,83.67
2024-02-22,0,0.48,46072.4,Air,Pacific,83.67
2024-02-22,0,0.63,1625.92,Sea,Pacific,83.67
2024-02-22,0,0.52,2339.28,Sea,Intra-Asia,83.67
2024-02-22,18,0.2,8204.16,Sea,Suez,83.67
2024-02-22,0,0.21,2552.49,Sea,Suez,83.67
2024-02-22,0,0.64,8189.34,Sea,Intra-Asia,83.67
2024-02-22,0,0.15,3420.67,Sea,Commodity,83.67
2024-02-22,9,0.19,1647.9,Sea,Suez,83.67
2024-02-22,0,0.28,5721.6,Sea,Pacific,83.67
2024-02-22,1,0.48,4075.7,Sea,Atlantic,83.67
2024-02-22,0,0.22,2763.3,Sea,Commodity,83.67
2024-02-22,0,0.44,1076.4,Sea,Pacific,83.67
2024-02-22,0,0.26,3647.7,Sea,Commodity,83.67
2024-02-22,0,0.64,1705.6,Sea,Commodity,83.67
2024-02-22,0,0.77,3384.24,Sea,Suez,83.67
2024-02-22,0,0.43,5123.69,Sea,Intra-Asia,83.67
2024-02-22,0,0.42,3305.76,Sea,Suez,83.67
2025-05-21,0,0.82,1527.89,Sea,Intra-Asia,64.91
2025-05-21,0,0.76,4034.8,Sea,Atlantic,64.91
2025-05-21,0,0.52,64363.64,Air,Suez,64.91
2025-05-21,0,0.81,36803.64,Air,Atlantic,64.91
2025-05-21,16,0.6,5484.8,Sea,Suez,64.91
2025-05-21,0,0.72,7852.66,Sea,Suez,64.91
2025-05-21,0,0.88,8921.54,Sea,Commodity,64.91
2025-05-21,0,0.19,81.52,Sea,Atlantic,64.91
2025-05-21,4,0.35,5314.82,Sea,Commodity,64.91
2025-05-21,0,0.4,26480.3,Air,Intra-Asia,64.91
2025-05-21,5,0.21,5040.16,Sea,Atlantic,64.91
2025-05-21,0,0.21,4443.72,Sea,Suez,64.91
2025-05-21,0,0.69,1315.66,Sea,Intra-Asia,64.91
2025-05-21,0,0.82,36886.85,Air,Commodity,64.91
2025-05-21,0,0.78,1189.93,Sea,Commodity,64.91
2025-05-21,2,0.57,71110.51,Air,Commodity,64.91
2025-05-21,0,0.71,62025.97,Air,Suez,64.91
2025-05-21,0,0.62,7852.95,Sea,Suez,64.91
2025-05-21,0,0.14,14959.59,Air,Commodity,64.91
2025-12-05,0,0.78,8957.85,Air,Suez,63.75
2025-12-05,0,0.54,4352.04,Sea,Atlantic,63.75
2025-12-05,0,0.68,6532.68,Sea,Commodity,63.75
2025-12-05,0,0.51,5241.21,Sea,Pacific,63.75
2025-12-05,4,0.77,102785.53,Air,Commodity,63.75
2025-12-05,0,0.57,7492.04,Sea,Pacific,63.75
2025-12-05,9,0.88,8682.59,Sea,Suez,63.75
2025-12-05,0,0.12,49421.68,Air,Suez,63.75
2025-12-05,0,0.84,342.24,Sea,Commodity,63.75
2025-12-05,0,0.42,940.75,Sea,Intra-Asia,63.75
2025-12-05,0,0.65,7569.38,Sea,Suez,63.75
2025-12-05,0,0.13,2817.09,Sea,Suez,63.75
2025-12-05,0,0.21,3599.14,Sea,Pacific,63.75
2024-10-17,0,0.75,2643.38,Sea,Pacific,74.45
2024-10-17,0,0.63,1958.44,Sea,Atlantic,74.45
2024-10-17,0,0.34,6210.9,Sea,Suez,74.45
2024-10-17,0,0.49,3534.28,Sea,Intra-Asia,74.45
2024-10-17,0,0.44,15269.76,Air,Suez,74.45
2024-10-17,0,0.25,3155.62,Sea,Suez,74.45
2024-10-17,0,0.73,3112.27,Sea,Intra-Asia,74.45
2024-10-17,0,0.26,1508.85,Sea,Pacific,74.45
2024-10-17,0,0.24,6074.76,Sea,Suez,74.45
2024-10-17,0,0.15,1271.9,Sea,Intra-Asia,74.45
2024-10-17,0,0.83,2528.14,Sea,Pacific,74.45
2024-03-19,0,0.51,6577.56,Air,Pacific,87.38
2024-03-19,0,0.59,11648.34,Air,Intra-Asia,87.38
2024-03-19,0,0.41,5479.26,Sea,Intra-Asia,87.38
2024-03-19,0,0.49,5276.84,Sea,Suez,87.38
2024-03-19,0,0.32,4075.5,Sea,Commodity,87.38
2024-03-19,0,0.54,970.2,Sea,Commodity,87.38
2024-03-19,0,0.13,4432.42,Sea,Suez,87.38
2024-03-19,0,0.63,130.4,Sea,Atlantic,87.38
2024-03-19,0,0.69,4309.5,Sea,Pacific,87.38
2024-03-19,5,0.26,3441.78,Sea,Pacific,87.38
2024-03-19,0,0.81,83412.95,Air,Intra-Asia,87.38
2024-06-03,0,0.73,4893.31,Sea,Suez,78.36
2024-06-03,0,0.46,3018.55,Sea,Suez,78.36
2024-06-03,0,0.12,646.8,Air,Suez,78.36
2024-06-03,0,0.72,2248.9,Sea,Pacific,78.36
2024-06-03,0,0.68,5798.52,Sea,Suez,78.36
2024-06-03,0,0.51,5405.05,Sea,Suez,78.36
2024-06-03,0,0.56,75298.08,Air,Pacific,78.36
2024-06-03,0,0.66,6675.69,Sea,Suez,78.36
2024-06-03,0,0.53,1178.1,Sea,Atlantic,78.36
2024-06-03,0,0.28,4775.68,Sea,Atlantic,78.36
2024-06-03,3,0.13,4708.48,Sea,Intra-Asia,78.36
2024-06-03,0,0.8,1234.8,Sea,Suez,78.36
2024-06-03,0,0.28,52546.56,Air,Suez,78.36
2024-06-03,0,0.78,3694.39,Sea,Suez,78.36
2024-06-03,0,0.7,2663.05,Sea,Suez,78.36
2025-08-06,0,0.15,53307.1,Air,Suez,66.89
2025-08-06,0,0.3,295.75,Sea,Intra-Asia,66.89
2025-08-06,0,0.22,2805.39,Sea,Atlantic,66.89
2025-08-06,0,0.57,1789.8,Sea,Commodity,66.89
2025-08-06,3,0.41,5380.56,Sea,Pacific,66.89
2025-08-06,0,0.56,3560.7,Sea,Commodity,66.89
2025-08-06,0,0.88,8256.02,Sea,Suez,66.89
2025-08-06,0,0.83,35499.26,Air,Pacific,66.89
2025-08-06,0,0.79,170.94,Sea,Pacific,66.89
2025-08-06,0,0.63,6272.24,Sea,Suez,66.89
2025-08-06,7,0.34,120773.66,Air,Pacific,66.89
2025-08-06,0,0.4,5148.5,Sea,Atlantic,66.89
2025-08-06,7,0.5,4794.3,Sea,Intra-Asia,66.89
2025-08-06,0,0.84,18155.28,Air,Suez,66.89
2025-08-06,0,0.22,3428.2,Sea,Commodity,66.89
2025-08-06,0,0.2,3877.8,Sea,Suez,66.89
2025-10-30,0,0.51,1321.25,Sea,Suez,65.0
2025-10-30,0,0.69,2155.59,Sea,Pacific,65.0
2025-10-30,0,0.57,6985.71,Sea,Intra-Asia,65.0
2025-10-30,0,0.3,977.6,Sea,Commodity,65.0
2025-10-30,0,0.55,19701.28,Air,Commodity,65.0
2025-10-30,0,0.62,2958.93,Sea,Commodity,65.0
2025-10-30,0,0.48,2883.04,Sea,Suez,65.0
2025-10-30,0,0.2,5280.0,Sea,Intra-Asia,65.0
2025-10-30,0,0.86,7771.08,Sea,Atlantic,65.0
2025-10-30,0,0.29,4404.06,Sea,Intra-Asia,65.0
2025-10-30,0,0.42,2475.06,Sea,Atlantic,65.0
2025-10-30,0,0.1,3108.6,Sea,Atlantic,65.0
2025-10-30,0,0.4,3750.6,Sea,Intra-Asia,65.0
2025-10-30,0,0.41,2810.13,Sea,Suez,65.0
2025-10-30,0,0.69,4039.1,Sea,Suez,65.0
2025-10-30,0,0.76,5337.2,Sea,Pacific,65.0
2025-10-30,0,0.16,3461.44,Sea,Intra-Asia,65.0
2024-11-18,0,0.58,7772.02,Sea,Intra-Asia,73.3
2024-11-18,0,0.75,1746.5,Sea,Intra-Asia,73.3
2024-11-18,0,0.36,6347.8,Sea,Pacific,73.3
2024-11-18,0,0.24,24476.98,Air,Atlantic,73.3
2024-11-18,0,0.57,1469.52,Sea,Commodity,73.3
2024-11-18,0,0.41,4691.07,Sea,Pacific,73.3
2024-11-18,0,0.53,6333.44,Sea,Suez,73.3
2024-11-18,0,0.51,4265.75,Sea,Suez,73.3
2024-11-18,0,0.37,45594.29,Air,Pacific,73.3
2024-11-18,0,0.35,4227.53,Sea,Atlantic,73.3
2024-11-18,0,0.9,830.3,Sea,Commodity,73.3
2024-11-18,0,0.15,59973.65,Air,Atlantic,73.3
2024-11-18,0,0.66,111.22,Sea,Suez,73.3
2024-04-26,0,0.31,3435.48,Sea,Atlantic,89.5
2024-04-26,0,0.16,3059.5,Sea,Suez,89.5
2024-04-26,0,0.25,60788.75,Air,Pacific,89.5
2024-04-26,0,0.4,6918.8,Sea,Suez,89.5
2024-04-26,2,0.67,7114.7,Sea,Atlantic,89.5
2024-04-26,18,0.82,10181.81,Sea,Suez,89.5
2024-04-26,0,0.25,5240.62,Sea,Pacific,89.5
2024-04-26,0,0.79,459.13,Sea,Pacific,89.5
2024-04-26,0,0.3,5365.1,Sea,Commodity,89.5
2024-04-26,0,0.7,61569.75,Air,Pacific,89.5
2024-04-26,0,0.28,36903.68,Air,Atlantic,89.5
2024-04-26,0,0.13,3770.81,Sea,Pacific,89.5
2024-04-26,0,0.61,1640.59,Sea,Atlantic,89.5
2024-04-26,0,0.52,3098.52,Sea,Commodity,89.5
2024-04-26,0,0.24,2739.16,Sea,Suez,89.5
2024-04-26,0,0.12,22366.96,Air,Intra-Asia,89.5
2024-04-26,0,0.84,6881.6,Sea,Atlantic,89.5
2024-04-26,0,0.31,2825.02,Sea,Intra-Asia,89.5
2024-04-26,0,0.65,2164.8,Sea,Commodity,89.5
2024-04-26,0,0.71,16590.42,Air,Intra-Asia,89.5
2025-12-15,2,0.26,5335.41,Sea,Intra-Asia,60.56
2025-12-15,0,0.16,2172.1,Sea,Suez,60.56
2025-12-15,0,0.37,16705.1,Air,Suez,60.56
2025-12-15,0,0.12,1416.24,Sea,Suez,60.56
2025-12-15,0,0.14,4427.76,Sea,Suez,60.56
2025-12-15,0,0.81,5139.49,Sea,Pacific,60.56
2025-12-15,0,0.41,6954.82,Sea,Suez,60.56
2025-12-15,5,0.29,2834.46,Sea,Intra-Asia,60.56
2025-12-15,0,0.33,996.84,Sea,Suez,60.56
2025-12-15,2,0.56,6433.28,Sea,Intra-Asia,60.56
2025-12-15,0,0.44,3097.44,Sea,Atlantic,60.56
2025-12-15,0,0.55,1743.75,Sea,Suez,60.56
2025-12-15,0,0.24,1118.48,Sea,Intra-Asia,60.56
2025-12-15,0,0.6,53548.0,Air,Pacific,60.56
2025-12-15,0,0.62,3386.61,Sea,Intra-Asia,60.56
2025-12-15,0,0.3,1513.2,Sea,Atlantic,60.56
2025-12-15,0,0.69,2915.25,Sea,Suez,60.56
2025-12-15,0,0.43,5384.66,Sea,Suez,60.56
2024-03-15,0,0.56,2249.52,Sea,Commodity,85.34
2024-03-15,0,0.6,6676.0,Sea,Pacific,85.34
2024-03-15,0,0.85,4531.57,Sea,Commodity,85.34
2024-03-15,0,0.27,1532.26,Sea,Suez,85.34
2024-03-15,0,0.68,1237.32,Sea,Commodity,85.34
2024-03-15,0,0.29,5817.26,Sea,Pacific,85.34
2024-03-15,0,0.89,2489.13,Sea,Pacific,85.34
2024-03-15,0,0.26,1048.32,Sea,Atlantic,85.34
2024-03-15,0,0.13,4680.46,Sea,Suez,85.34
2024-03-15,0,0.87,4941.48,Sea,Atlantic,85.34
2024-03-15,0,0.43,47512.46,Air,Suez,85.34
2024-03-15,12,0.33,5475.34,Sea,Suez,85.34
2024-03-15,0,0.44,3839.76,Sea,Commodity,85.34
2024-03-15,0,0.3,5788.9,Sea,Atlantic,85.34
2024-03-15,0,0.2,3882.6,Sea,Commodity,85.34
2024-03-15,0,0.54,4684.68,Sea,Pacific,85.34
2024-01-04,0,0.66,2097.16,Sea,Intra-Asia,77.59
2024-01-04,0,0.64,1039.76,Sea,Pacific,77.59
2024-01-04,0,0.25,913.12,Sea,Commodity,77.59
2024-01-04,0,0.73,357.25,Sea,Intra-Asia,77.59
2024-01-04,0,0.75,1953.88,Sea,Intra-Asia,77.59
2024-01-04,0,0.68,4402.44,Sea,Suez,77.59
2024-01-04,0,0.77,8630.52,Sea,Suez,77.59
2024-01-04,0,0.74,945.69,Sea,Commodity,77.59
2024-01-04,0,0.74,2815.32,Sea,Intra-Asia,77.59
2024-01-04,0,0.47,5873.39,Sea,Atlantic,77.59
2024-01-04,0,0.6,66994.4,Air,Intra-Asia,77.59
2024-12-19,0,0.52,2106.72,Sea,Commodity,72.88
2024-12-19,0,0.52,12857.68,Air,Atlantic,72.88
2024-12-19,0,0.64,6988.86,Sea,Atlantic,72.88
2024-12-19,0,0.77,7409.22,Sea,Intra-Asia,72.88
2024-12-19,0,0.67,6007.82,Sea,Intra-Asia,72.88
2024-12-19,0,0.18,58890.26,Air,Atlantic,72.88
2024-12-19,0,0.51,3230.64,Sea,Commodity,72.88
2024-12-19,0,0.16,4659.72,Sea,Intra-Asia,72.88
2024-12-19,0,0.36,4992.56,Sea,Atlantic,72.88
2025-03-03,0,0.46,6708.7,Sea,Commodity,71.62
2025-03-03,0,0.38,14276.79,Air,Commodity,71.62
2025-03-03,0,0.66,3141.55,Sea,Suez,71.62
2025-03-03,3,0.52,7942.0,Sea,Intra-Asia,71.62
2025-03-03,0,0.3,13728.0,Air,Pacific,71.62
2025-03-03,0,0.52,4120.72,Sea,Suez,71.62
2025-03-03,0,0.79,1667.38,Sea,Intra-Asia,71.62
2025-03-03,0,0.16,2010.28,Sea,Commodity,71.62
2025-03-03,0,0.47,4110.12,Sea,Suez,71.62
2025-03-03,0,0.74,7100.94,Sea,Intra-Asia,71.62
2025-03-03,0,0.23,1496.3,Sea,Suez,71.62
2025-03-03,0,0.1,3065.7,Sea,Pacific,71.62
2025-03-03,2,0.74,2723.62,Sea,Intra-Asia,71.62
2025-03-03,0,0.29,17212.47,Air,Pacific,71.62
2025-03-03,0,0.45,1180.3,Sea,Intra-Asia,71.62
2025-03-03,9,0.75,6776.0,Sea,Suez,71.62
2025-03-03,12,0.67,11074.1,Sea,Suez,71.62
2025-03-03,0,0.14,2635.68,Sea,Suez,71.62
2025-03-03,0,0.59,107584.49,Air,Intra-Asia,71.62
2025-03-03,0,0.22,2031.3,Sea,Atlantic,71.62
2025-10-14,14,0.81,8790.82,Sea,Suez,62.39
2025-10-14,0,0.7,64758.1,Air,Suez,62.39
2025-10-14,0,0.35,4270.73,Sea,Atlantic,62.39
2025-10-14,0,0.2,2722.2,Sea,Commodity,62.39
2025-10-14,0,0.2,4738.8,Sea,Suez,62.39
2025-10-14,0,0.14,4918.53,Sea,Suez,62.39
2025-10-14,0,0.63,1957.63,Sea,Suez,62.39
2025-10-14,0,0.22,1930.04,Sea,Atlantic,62.39
2025-10-14,0,0.41,3216.91,Sea,Intra-Asia,62.39
2025-10-14,0,0.19,42090.89,Air,Intra-Asia,62.39
2025-10-14,0,0.64,5087.28,Sea,Intra-Asia,62.39
2025-10-14,0,0.16,14565.54,Air,Pacific,62.39
2024-03-08,0,0.66,5466.38,Sea,Suez,82.08
2024-03-08,13,0.24,2668.48,Sea,Suez,82.08
2024-03-08,0,0.26,1868.58,Sea,Suez,82.08
2024-03-08,19,0.23,5417.9,Sea,Suez,82.08
2024-03-08,0,0.36,49607.36,Air,Commodity,82.08
2024-03-08,0,0.47,2376.26,Sea,Intra-Asia,82.08
2024-03-08,0,0.63,5791.39,Sea,Atlantic,82.08
2024-03-08,0,0.67,7840.65,Sea,Suez,82.08
2024-03-08,0,0.16,19286.74,Air,Atlantic,82.08
2024-03-08,0,0.68,5630.52,Sea,Suez,82.08
2024-03-08,0,0.64,32553.18,Air,Pacific,82.08
2024-03-08,0,0.39,4981.76,Sea,Pacific,82.08
2024-03-08,0,0.51,2048.32,Sea,Intra-Asia,82.08
2024-03-08,0,0.71,2268.32,Sea,Suez,82.08
2025-04-21,0,0.24,1171.18,Sea,Suez,66.26
2025-04-21,0,0.88,2862.3,Sea,Pacific,66.26
2025-04-21,0,0.33,6620.08,Air,Pacific,66.26
2025-04-21,0,0.63,3142.64,Sea,Commodity,66.26
2025-04-21,0,0.28,253.44,Sea,Atlantic,66.26
2025-04-21,0,0.37,5506.03,Sea,Suez,66.26
2025-04-21,0,0.5,2204.25,Sea,Atlantic,66.26
2025-04-21,1,0.79,396.49,Sea,Intra-Asia,66.26
2025-04-21,0,0.58,51792.4,Air,Commodity,66.26
2025-09-11,0,0.27,1395.73,Sea,Suez,66.37
2025-09-11,0,0.77,1551.4,Sea,Atlantic,66.37
2025-09-11,0,0.17,1669.59,Sea,Suez,66.37
2025-09-11,0,0.83,36878.16,Air,Atlantic,66.37
2025-09-11,0,0.86,2600.28,Sea,Atlantic,66.37
2025-09-11,0,0.7,37465.45,Air,Suez,66.37
2025-09-11,0,0.28,3685.12,Sea,Pacific,66.37
2025-09-11,0,0.75,8225.0,Sea,Pacific,66.37
2025-09-11,0,0.52,5500.12,Sea,Pacific,66.37
2025-09-11,8,0.24,4476.65,Sea,Intra-Asia,66.37
2025-09-11,0,0.53,2149.65,Sea,Commodity,66.37
2025-09-11,0,0.62,5766.39,Sea,Suez,66.37
2025-09-11,2,0.53,677.41,Sea,Commodity,66.37
2025-09-11,0,0.24,3873.76,Sea,Atlantic,66.37
2025-09-11,0,0.85,2877.68,Sea,Intra-Asia,66.37
2025-09-11,0,0.14,4783.44,Sea,Commodity,66.37
2025-09-11,0,0.19,3464.09,Sea,Suez,66.37
2025-09-11,0,0.31,18171.01,Air,Atlantic,66.37
2025-09-11,7,0.21,6056.29,Sea,Pacific,66.37
2024-06-06,0,0.2,24604.8,Air,Commodity,79.87
2024-06-06,0,0.18,607.11,Sea,Suez,79.87
2024-06-06,0,0.78,2854.23,Sea,Commodity,79.87
2024-06-06,0,0.11,49987.74,Air,Atlantic,79.87
2024-06-06,4,0.68,127304.1,Air,Pacific,79.87
2024-06-06,0,0.4,1502.2,Sea,Pacific,79.87
2024-06-06,0,0.82,33823.79,Air,Pacific,79.87
2024-06-06,0,0.17,1738.62,Sea,Suez,79.87
2024-06-06,0,0.72,81346.54,Air,Suez,79.87
2024-06-06,0,0.88,13741.86,Air,Suez,79.87
2024-06-06,1,0.3,26780.33,Air,Intra-Asia,79.87
2024-06-06,0,0.8,33818.4,Air,Pacific,79.87
2024-06-06,0,0.26,4046.49,Sea,Atlantic,79.87
2024-06-06,0,0.47,1284.78,Sea,Pacific,79.87
2024-02-07,0,0.62,7461.72,Sea,Pacific,79.21
2024-02-07,0,0.33,662.34,Sea,Pacific,79.21
2024-02-07,0,0.29,1384.17,Sea,Suez,79.21
2024-02-07,0,0.54,5260.64,Sea,Atlantic,79.21
2024-02-07,1,0.88,6218.1,Sea,Suez,79.21
2024-02-07,0,0.66,3013.73,Sea,Pacific,79.21
2024-02-07,0,0.34,4052.83,Sea,Atlantic,79.21
2024-02-07,0,0.67,4624.23,Sea,Suez,79.21
2024-02-07,0,0.19,188.61,Sea,Pacific,79.21
2024-02-07,0,0.5,2173.5,Sea,Pacific,79.21
2024-02-07,0,0.75,5669.12,Sea,Suez,79.21
2024-02-07,0,0.22,791.17,Sea,Intra-Asia,79.21
2024-02-07,3,0.19,4485.61,Sea,Atlantic,79.21
2024-02-07,0,0.61,4871.86,Sea,Suez,79.21
2024-02-07,0,0.4,5480.3,Sea,Commodity,79.21
2024-02-07,0,0.21,4422.55,Sea,Atlantic,79.21
2024-02-07,0,0.52,1490.36,Sea,Atlantic,79.21
2025-06-06,0,0.11,5214.78,Sea,Pacific,66.47
2025-06-06,0,0.35,2928.15,Sea,Atlantic,66.47
2025-06-06,0,0.51,61589.88,Air,Intra-Asia,66.47
2025-06-06,0,0.61,297.04,Sea,Intra-Asia,66.47
2025-06-06,6,0.7,4001.8,Sea,Pacific,66.47
2025-06-06,0,0.17,2837.25,Sea,Suez,66.47
2025-06-06,0,0.18,3339.99,Sea,Pacific,66.47
2025-06-06,0,0.87,7525.82,Sea,Pacific,66.47
2025-06-06,0,0.76,1480.16,Sea,Atlantic,66.47
2025-06-06,0,0.18,4103.45,Sea,Atlantic,66.47
2025-06-06,0,0.52,5166.48,Air,Intra-Asia,66.47
2025-06-06,0,0.52,3692.08,Sea,Intra-Asia,66.47
2025-06-06,0,0.77,7691.53,Sea,Suez,66.47
2025-06-06,0,0.36,1436.16,Sea,Suez,66.47
2025-06-06,0,0.75,199.5,Sea,Atlantic,66.47
2025-08-14,0,0.4,2674.0,Sea,Suez,66.84
2025-08-14,14,0.21,7112.86,Sea,Suez,66.84
2025-08-14,0,0.38,5540.01,Sea,Commodity,66.84
2025-08-14,0,0.76,26358.64,Air,Suez,66.84
2025-08-14,0,0.82,2260.44,Sea,Pacific,66.84
2025-08-14,0,0.62,6355.26,Sea,Pacific,66.84
2025-08-14,0,0.64,853.62,Sea,Commodity,66.84
2025-08-14,0,0.3,4174.95,Sea,Suez,66.84
2025-08-14,0,0.68,3722.04,Sea,Atlantic,66.84
2025-08-14,0,0.77,2675.36,Sea,Suez,66.84
2025-08-14,0,0.18,5472.84,Sea,Pacific,66.84
2025-08-14,0,0.74,1339.8,Sea,Commodity,66.84
2025-08-14,0,0.76,4989.6,Sea,Suez,66.84
2025-08-14,0,0.2,4135.2,Sea,Pacific,66.84
2024-05-03,13,0.65,11369.15,Sea,Suez,82.96
2024-05-03,0,0.61,7837.48,Sea,Intra-Asia,82.96
2024-05-03,0,0.52,3629.76,Sea,Suez,82.96
2024-05-03,0,0.27,2361.57,Sea,Commodity,82.96
2024-05-03,0,0.48,3899.8,Sea,Suez,82.96
2024-05-03,4,0.33,1982.72,Sea,Atlantic,82.96
2024-05-03,0,0.89,5935.55,Sea,Atlantic,82.96
2024-05-03,0,0.59,56221.6,Air,Suez,82.96
2024-05-03,0,0.19,20957.09,Air,Intra-Asia,82.96
2024-05-03,0,0.21,3897.41,Sea,Pacific,82.96
2024-05-03,0,0.17,1935.76,Sea,Suez,82.96
2024-05-03,0,0.28,26484.48,Air,Suez,82.96
2024-05-03,0,0.38,44037.18,Air,Commodity,82.96
2024-05-03,1,0.65,890.25,Sea,Pacific,82.96
2024-09-03,0,0.42,4769.07,Sea,Commodity,73.75
2024-09-03,0,0.32,1109.46,Sea,Suez,73.75
2024-09-03,0,0.2,7768.2,Air,Commodity,73.75
2024-09-03,15,0.47,3806.72,Sea,Suez,73.75
2024-09-03,0,0.65,4525.12,Sea,Atlantic,73.75
2024-09-03,0,0.89,6481.76,Sea,Atlantic,73.75
2024-09-03,0,0.76,4766.08,Sea,Pacific,73.75
2024-09-03,0,0.54,3983.98,Sea,Pacific,73.75
2024-09-03,0,0.72,496.22,Sea,Commodity,73.75
2024-09-03,0,0.35,2918.7,Sea,Atlantic,73.75
2024-09-03,0,0.64,2773.24,Sea,Commodity,73.75
2024-09-03,3,0.76,2363.33,Sea,Pacific,73.75
2024-09-03,0,0.19,28058.41,Air,Atlantic,73.75
2024-09-03,0,0.41,5917.77,Sea,Commodity,73.75
2024-09-03,0,0.87,9195.73,Sea,Suez,73.75
2024-09-03,0,0.88,90857.58,Air,Intra-Asia,73.75
2024-09-03,0,0.16,3463.18,Sea,Commodity,73.75
2024-09-03,0,0.29,27925.92,Air,Commodity,73.75
2024-09-03,0,0.13,220.35,Sea,Suez,73.75
2025-06-03,0,0.63,767.73,Sea,Commodity,65.63
2025-06-03,0,0.44,1068.48,Sea,Pacific,65.63
2025-06-03,0,0.63,7757.98,Sea,Pacific,65.63
2025-06-03,0,0.24,2063.36,Sea,Suez,65.63
2025-06-03,0,0.86,5008.98,Sea,Suez,65.63
2025-06-03,0,0.75,36796.38,Air,Pacific,65.63
2025-06-03,0,0.16,2426.14,Sea,Intra-Asia,65.63
2025-06-03,0,0.61,219.76,Sea,Intra-Asia,65.63
2025-06-03,0,0.69,5233.09,Sea,Suez,65.63
2025-06-03,0,0.87,719.01,Sea,Commodity,65.63
2025-06-03,11,0.73,8625.09,Sea,Suez,65.63
2025-06-03,0,0.4,5077.8,Sea,Commodity,65.63
2025-06-03,0,0.55,63408.95,Air,Suez,65.63
2025-06-03,0,0.79,8414.79,Sea,Suez,65.63
2025-03-31,0,0.14,3914.19,Sea,Suez,74.74
2025-03-31,0,0.29,4470.49,Sea,Commodity,74.74
2025-03-31,0,0.39,6022.87,Sea,Commodity,74.74
2025-03-31,0,0.26,4573.8,Sea,Pacific,74.74
2025-03-31,0,0.81,8261.75,Sea,Pacific,74.74
2025-03-31,0,0.11,46697.15,Air,Suez,74.74
2025-03-31,0,0.16,212.86,Sea,Atlantic,74.74
2025-03-31,0,0.13,1706.86,Sea,Atlantic,74.74
2025-03-31,1,0.55,1016.02,Sea,Suez,74.74
2025-03-31,0,0.11,2125.65,Sea,Suez,74.74
2025-03-31,0,0.51,822.2,Sea,Intra-Asia,74.74
2025-03-25,0,0.23,6122.94,Sea,Commodity,73.02
2025-03-25,0,0.75,1223.25,Sea,Suez,73.02
2025-03-25,0,0.36,4252.72,Sea,Atlantic,73.02
2025-03-25,0,0.13,968.97,Sea,Suez,73.02
2025-03-25,0,0.82,4979.52,Sea,Suez,73.02
2025-03-25,0,0.18,1315.7,Sea,Suez,73.02
2025-03-25,0,0.17,2874.69,Sea,Atlantic,73.02
2025-03-25,3,0.73,91922.03,Air,Commodity,73.02
2025-03-25,0,0.81,37032.6,Air,Suez,73.02
2025-03-25,0,0.54,27180.23,Air,Intra-Asia,73.02
2025-03-25,1,0.23,4289.62,Sea,Suez,73.02
2025-03-25,0,0.5,34633.5,Air,Commodity,73.02
2025-03-25,0,0.34,2852.86,Sea,Intra-Asia,73.02
2025-03-25,0,0.76,8214.8,Sea,Pacific,73.02
2025-03-25,0,0.78,7113.77,Sea,Intra-Asia,73.02
2025-03-25,0,0.41,2920.82,Sea,Intra-Asia,73.02
2025-03-25,0,0.11,1563.44,Sea,Atlantic,73.02
2025-03-25,0,0.41,5826.82,Sea,Intra-Asia,73.02
2025-07-16,0,0.56,5314.92,Sea,Suez,68.52
2025-07-16,0,0.82,659.75,Sea,Commodity,68.52
2025-07-16,5,0.84,6843.7,Sea,Pacific,68.52
2025-07-16,2,0.79,158966.23,Air,Atlantic,68.52
2025-07-16,0,0.64,1607.2,Sea,Suez,68.52
2025-07-16,0,0.78,6079.59,Sea,Commodity,68.52
2025-07-16,0,0.77,8295.1,Sea,Commodity,68.52
2025-07-16,0,0.36,15161.96,Air,Atlantic,68.52
2025-07-16,0,0.31,43676.71,Air,Pacific,68.52
2025-07-16,0,0.69,2462.33,Sea,Suez,68.52
2025-07-16,0,0.73,8558.31,Sea,Atlantic,68.52
2025-07-16,4,0.43,2752.75,Sea,Atlantic,68.52
2025-07-16,0,0.73,3542.18,Sea,Pacific,68.52
2025-07-16,0,0.39,6422.5,Sea,Atlantic,68.52
2024-04-17,0,0.23,1348.69,Sea,Atlantic,87.29
2024-04-17,0,0.8,792.9,Sea,Pacific,87.29
2024-04-17,0,0.18,41918.91,Air,Pacific,87.29
2024-04-17,0,0.62,2416.23,Sea,Atlantic,87.29
2024-04-17,0,0.27,26026.11,Air,Intra-Asia,87.29
2024-04-17,0,0.61,7795.62,Sea,Suez,87.29
2024-04-17,0,0.71,326.61,Sea,Pacific,87.29
2024-04-17,0,0.73,3615.7,Sea,Intra-Asia,87.29
2024-04-17,0,0.34,1436.48,Sea,Pacific,87.29
2024-04-17,0,0.63,6938.91,Sea,Intra-Asia,87.29
2024-04-17,8,0.66,2713.1,Sea,Suez,87.29
2024-04-17,0,0.51,6486.96,Sea,Intra-Asia,87.29
2024-04-17,0,0.8,2354.4,Sea,Commodity,87.29
2024-04-17,0,0.83,5497.32,Sea,Commodity,87.29
2024-04-17,0,0.9,2591.6,Sea,Commodity,87.29
2024-04-17,0,0.63,3237.99,Sea,Suez,87.29
2025-04-04,0,0.66,5956.08,Sea,Atlantic,65.58
2025-04-04,0,0.53,4285.53,Sea,Commodity,65.58
2025-04-04,0,0.25,693.12,Sea,Commodity,65.58
2025-04-04,0,0.84,15291.32,Air,Intra-Asia,65.58
2025-04-04,0,0.51,5813.5,Sea,Pacific,65.58
2025-04-04,2,0.13,2055.3,Sea,Intra-Asia,65.58
2025-04-04,0,0.64,4875.72,Sea,Pacific,65.58
2025-04-04,0,0.23,2824.08,Sea,Intra-Asia,65.58
2025-04-04,0,0.43,5388.24,Sea,Atlantic,65.58
2025-04-04,2,0.52,101275.55,Air,Intra-Asia,65.58
2025-04-04,0,0.77,32222.85,Air,Pacific,65.58
2025-04-04,0,0.12,4794.72,Sea,Commodity,65.58
2025-04-04,0,0.73,3502.38,Sea,Intra-Asia,65.58
2025-04-04,0,0.67,1742.64,Sea,Pacific,65.58
2025-04-04,0,0.19,21840.66,Air,Suez,65.58
2025-04-04,4,0.39,123064.62,Air,Intra-Asia,65.58
2025-04-04,0,0.66,6704.74,Sea,Atlantic,65.58
2025-04-04,0,0.24,371.38,Sea,Pacific,65.58
2025-04-04,0,0.78,4914.58,Sea,Suez,65.58
2025-01-30,0,0.24,1267.9,Sea,Atlantic,76.87
2025-01-30,0,0.77,5795.86,Sea,Suez,76.87
2025-01-30,13,0.71,13380.4,Sea,Suez,76.87
2025-01-30,0,0.71,1279.93,Sea,Intra-Asia,76.87
2025-01-30,0,0.52,4021.16,Sea,Intra-Asia,76.87
2025-01-30,0,0.7,5799.55,Sea,Commodity,76.87
2024-05-07,0,0.43,37759.86,Air,Pacific,83.16
2024-05-07,0,0.73,8130.14,Sea,Atlantic,83.16
2024-05-07,0,0.2,5835.0,Sea,Commodity,83.16
2024-05-07,0,0.79,2134.57,Sea,Intra-Asia,83.16
2024-05-07,0,0.25,28194.38,Air,Atlantic,83.16
2024-05-07,0,0.43,6541.53,Sea,Atlantic,83.16
2024-05-07,0,0.5,2714.25,Sea,Atlantic,83.16
2024-05-07,0,0.25,2836.25,Sea,Atlantic,83.16
2024-05-07,0,0.82,860.86,Sea,Commodity,83.16
2024-05-07,0,0.88,98933.12,Air,Intra-Asia,83.16
2025-12-30,5,0.69,5104.81,Sea,Intra-Asia,61.92
2025-12-30,0,0.44,5468.4,Sea,Suez,61.92
2025-12-30,15,0.86,13878.58,Sea,Suez,61.92
2025-12-30,0,0.56,2737.8,Sea,Atlantic,61.92
2025-12-30,0,0.3,11497.2,Air,Atlantic,61.92
2025-12-30,0,0.13,2417.07,Sea,Suez,61.92
2025-12-30,0,0.44,45563.76,Air,Pacific,61.92
2025-12-30,0,0.87,8387.89,Sea,Atlantic,61.92
2025-12-30,0,0.83,85763.87,Air,Pacific,61.92
2025-12-30,0,0.76,2503.6,Sea,Suez,61.92
2025-12-30,0,0.8,1386.0,Air,Commodity,61.92
2025-12-30,0,0.47,2488.71,Sea,Intra-Asia,61.92
2025-12-30,0,0.58,2759.47,Sea,Suez,61.92
2025-12-30,0,0.81,1495.06,Sea,Suez,61.92
2025-12-30,0,0.76,4960.03,Sea,Atlantic,61.92
2025-12-30,0,0.12,2381.12,Sea,Suez,61.92
2025-12-30,0,0.44,2752.56,Sea,Pacific,61.92
2025-12-30,0,0.53,4163.9,Sea,Suez,61.92
2025-12-30,0,0.17,940.68,Sea,Suez,61.92
2025-12-30,2,0.84,8048.44,Sea,Commodity,61.92
2025-12-30,0,0.2,5709.0,Sea,Commodity,61.92
2025-12-30,0,0.66,79513.17,Air,Suez,61.92
2025-12-30,0,0.15,986.12,Sea,Suez,61.92
2025-12-30,0,0.43,6790.35,Sea,Commodity,61.92
2024-04-18,0,0.82,1809.08,Sea,Pacific,87.11
2024-04-18,0,0.19,3691.38,Sea,Atlantic,87.11
2024-04-18,0,0.72,856.56,Sea,Suez,87.11
2024-04-18,0,0.5,1469.25,Sea,Commodity,87.11
2024-04-18,0,0.74,7890.03,Sea,Commodity,87.11
2024-04-18,0,0.35,5890.73,Sea,Commodity,87.11
2024-04-18,17,0.43,1447.15,Sea,Suez,87.11
2024-04-18,6,0.12,4182.64,Sea,Atlantic,87.11
2024-04-18,0,0.69,5061.55,Sea,Pacific,87.11
2024-04-18,0,0.84,1828.96,Sea,Commodity,87.11
2024-04-18,0,0.11,4614.83,Sea,Commodity,87.11
2024-04-18,0,0.58,6711.84,Sea,Suez,87.11
2024-04-18,17,0.27,9628.64,Sea,Suez,87.11
2024-04-18,0,0.74,7340.19,Air,Suez,87.11
2024-04-18,0,0.13,1745.85,Sea,Atlantic,87.11
2024-04-18,1,0.2,2153.58,Sea,Atlantic,87.11
2025-09-02,0,0.68,7123.2,Sea,Commodity,69.14
2025-09-02,0,0.84,58918.64,Air,Intra-Asia,69.14
2025-09-02,0,0.19,2626.33,Sea,Intra-Asia,69.14
2025-09-02,0,0.2,2872.2,Sea,Pacific,69.14
2025-09-02,0,0.49,3693.71,Sea,Pacific,69.14
2025-09-02,3,0.88,4801.9,Sea,Atlantic,69.14
2025-09-02,0,0.69,4227.53,Sea,Intra-Asia,69.14
2025-09-02,0,0.1,3166.35,Sea,Atlantic,69.14
2025-09-02,0,0.19,1892.1,Sea,Commodity,69.14
2025-09-02,0,0.73,3904.61,Sea,Atlantic,69.14
2025-09-02,0,0.49,772.56,Sea,Intra-Asia,69.14
2025-09-02,0,0.85,7015.2,Sea,Suez,69.14
2025-09-02,18,0.13,1207.74,Sea,Suez,69.14
2025-09-02,0,0.78,4345.87,Sea,Pacific,69.14
2025-09-02,0,0.59,2964.55,Sea,Atlantic,69.14
2025-09-02,0,0.78,5926.51,Sea,Atlantic,69.14
2024-08-28,0,0.85,5469.53,Sea,Suez,78.65
2024-08-28,15,0.5,162498.6,Air,Suez,78.65
2024-08-28,0,0.25,3070.62,Sea,Commodity,78.65
2024-08-28,0,0.46,6009.36,Sea,Commodity,78.65
2024-08-28,0,0.59,19615.03,Air,Atlantic,78.65
2024-08-28,8,0.6,8260.8,Sea,Pacific,78.65
2024-08-28,0,0.55,4938.3,Sea,Atlantic,78.65
2024-08-28,0,0.82,3501.68,Sea,Suez,78.65
2024-08-28,0,0.49,400.06,Sea,Commodity,78.65
2024-08-28,0,0.51,5380.89,Sea,Suez,78.65
2024-08-28,5,0.38,6296.94,Sea,Intra-Asia,78.65
2024-08-28,0,0.25,4366.25,Sea,Intra-Asia,78.65
2024-08-28,0,0.23,4447.06,Sea,Atlantic,78.65
2024-08-28,0,0.88,7309.44,Sea,Intra-Asia,78.65
2024-11-19,7,0.86,68524.63,Air,Suez,73.31
2024-11-19,0,0.25,108.12,Sea,Suez,73.31
2024-11-19,0,0.71,6271.43,Sea,Atlantic,73.31
2024-11-19,0,0.11,10427.34,Air,Pacific,73.31
2024-11-19,0,0.25,166.88,Sea,Intra-Asia,73.31
2024-11-19,0,0.34,444.21,Sea,Pacific,73.31
2024-11-19,0,0.13,58147.54,Air,Intra-Asia,73.31
2024-11-19,0,0.87,1961.63,Sea,Atlantic,73.31
2024-11-19,0,0.87,2572.18,Sea,Suez,73.31
2024-11-19,0,0.66,5421.56,Sea,Intra-Asia,73.31
2024-11-19,0,0.3,3040.7,Sea,Pacific,73.31
2024-11-19,0,0.36,998.92,Sea,Commodity,73.31
2024-11-19,0,0.59,37332.4,Air,Pacific,73.31
2025-02-10,0,0.11,4677.54,Sea,Suez,75.87
2025-02-10,0,0.61,4011.31,Sea,Suez,75.87
2025-02-10,0,0.41,48957.31,Air,Suez,75.87
2025-02-10,1,0.36,1571.55,Sea,Pacific,75.87
2025-02-10,0,0.12,420.56,Sea,Pacific,75.87
2025-02-10,0,0.69,7066.73,Sea,Suez,75.87
2025-02-10,0,0.74,7386.3,Sea,Intra-Asia,75.87
2025-02-10,0,0.39,30931.67,Air,Atlantic,75.87
2025-02-10,0,0.64,8680.85,Sea,Intra-Asia,75.87
2025-02-10,0,0.77,4494.91,Sea,Atlantic,75.87
2025-02-10,0,0.73,1095.09,Sea,Suez,75.87
2025-02-10,0,0.36,1481.04,Sea,Suez,75.87
2025-02-10,0,0.39,27659.61,Air,Atlantic,75.87
2025-02-10,0,0.4,5184.9,Sea,Pacific,75.87
2025-02-10,0,0.81,2699.62,Sea,Atlantic,75.87
2025-02-10,0,0.38,3889.53,Sea,Suez,75.87
2024-06-04,0,0.36,3100.8,Sea,Commodity,77.52
2024-06-04,0,0.15,5076.67,Sea,Intra-Asia,77.52
2024-06-04,0,0.86,92131.38,Air,Commodity,77.52
2024-06-04,0,0.48,1173.64,Sea,Suez,77.52
2024-06-04,0,0.26,2950.29,Sea,Atlantic,77.52
2024-06-04,0,0.71,5429.25,Sea,Pacific,77.52
2024-06-04,0,0.82,1687.14,Sea,Atlantic,77.52
2024-06-04,0,0.8,4356.0,Sea,Suez,77.52
2024-06-04,0,0.12,12350.8,Air,Suez,77.52
2024-06-04,0,0.21,733.26,Sea,Intra-Asia,77.52
2024-06-04,0,0.41,105.04,Sea,Atlantic,77.52
2024-06-04,0,0.72,295.84,Sea,Commodity,77.52
2024-06-04,0,0.44,5806.8,Sea,Suez,77.52
2024-06-04,0,0.62,15441.03,Air,Suez,77.52
2024-06-04,0,0.27,5280.66,Sea,Commodity,77.52
2024-06-04,9,0.18,4512.32,Sea,Suez,77.52
2024-06-04,0,0.75,2171.4,Sea,Commodity,77.52
2024-06-04,0,0.41,3160.51,Sea,Pacific,77.52
2024-03-26,0,0.63,4180.95,Sea,Commodity,86.25
2024-03-26,0,0.41,6507.15,Sea,Suez,86.25
2024-03-26,16,0.49,497.07,Sea,Suez,86.25
2024-03-26,0,0.77,5535.68,Sea,Suez,86.25
2024-03-26,0,0.11,4183.04,Sea,Suez,86.25
2024-03-26,0,0.58,1804.36,Sea,Pacific,86.25
2024-03-26,0,0.38,2403.27,Sea,Intra-Asia,86.25
2024-03-26,0,0.48,2602.58,Sea,Intra-Asia,86.25
2024-03-26,0,0.21,2320.17,Sea,Atlantic,86.25
2024-03-26,0,0.37,5549.19,Sea,Atlantic,86.25
2024-03-26,0,0.41,1699.05,Sea,Intra-Asia,86.25
2024-03-26,0,0.8,5860.8,Sea,Pacific,86.25
2024-03-26,0,0.53,3365.24,Sea,Pacific,86.25
2024-03-26,0,0.56,3864.9,Sea,Suez,86.25
2024-03-26,0,0.34,3047.83,Sea,Intra-Asia,86.25
2024-03-26,0,0.88,5815.78,Sea,Suez,86.25
2024-03-26,11,0.5,9259.2,Sea,Suez,86.25
2024-03-26,0,0.51,6036.98,Sea,Suez,86.25
2024-11-01,1,0.65,55897.0,Air,Atlantic,73.1
2024-11-01,0,0.23,5605.73,Sea,Suez,73.1
2024-11-01,0,0.45,5976.18,Sea,Suez,73.1
2024-11-01,0,0.87,1018.22,Sea,Commodity,73.1
2024-11-01,0,0.6,35103.2,Air,Atlantic,73.1
2024-11-01,0,0.29,3393.35,Sea,Pacific,73.1
2024-11-01,0,0.54,6731.34,Sea,Commodity,73.1
2024-11-01,0,0.46,3311.28,Sea,Atlantic,73.1
2024-11-01,0,0.81,7916.03,Sea,Suez,73.1
2024-11-01,0,0.88,4552.42,Sea,Atlantic,73.1
2024-11-01,0,0.17,1077.57,Sea,Commodity,73.1
2024-11-01,0,0.63,6805.25,Sea,Atlantic,73.1
2024-11-01,0,0.7,7903.3,Sea,Suez,73.1
2024-11-01,0,0.49,4933.39,Sea,Pacific,73.1
2024-03-01,0,0.16,29029.0,Air,Intra-Asia,83.55
2024-03-01,0,0.84,38779.84,Air,Suez,83.55
2024-03-01,0,0.64,5542.38,Sea,Atlantic,83.55
2024-03-01,0,0.35,4392.9,Sea,Suez,83.55
2024-03-01,3,0.19,20378.18,Air,Pacific,83.55
2024-03-01,0,0.62,85883.49,Air,Suez,83.55
2024-03-01,0,0.29,1934.36,Sea,Commodity,83.55
2024-03-01,0,0.45,63345.42,Air,Atlantic,83.55
2024-03-01,0,0.42,6609.39,Sea,Intra-Asia,83.55
2024-03-01,9,0.75,7281.41,Sea,Suez,83.55
2024-02-12,0,0.59,5628.6,Sea,Pacific,82.0
2024-02-12,2,0.64,4188.89,Sea,Intra-Asia,82.0
2024-02-12,0,0.81,448.88,Sea,Suez,82.0
2024-02-12,0,0.51,7489.6,Sea,Suez,82.0
2024-02-12,0,0.28,5724.8,Sea,Atlantic,82.0
2024-02-12,0,0.7,9378.05,Air,Intra-Asia,82.0
2024-02-12,0,0.36,1518.44,Sea,Intra-Asia,82.0
2024-02-12,0,0.72,7380.52,Sea,Commodity,82.0
2024-02-12,0,0.18,5673.44,Sea,Pacific,82.0
2024-02-12,0,0.1,5088.6,Sea,Suez,82.0
2024-02-12,1,0.28,4211.2,Sea,Suez,82.0
2024-02-12,15,0.28,7766.02,Sea,Suez,82.0
2024-02-12,0,0.12,4855.76,Sea,Suez,82.0
2024-02-12,0,0.33,33158.9,Air,Suez,82.0
2025-05-19,2,0.42,5040.57,Sea,Atlantic,65.54
2025-05-19,0,0.36,650.08,Sea,Suez,65.54
2025-05-19,0,0.1,59241.6,Air,Suez,65.54
2025-05-19,0,0.29,6411.95,Sea,Suez,65.54
2025-05-19,18,0.24,1274.72,Sea,Suez,65.54
2025-05-19,0,0.28,5002.88,Sea,Suez,65.54
2025-05-19,2,0.61,79628.59,Air,Commodity,65.54
2025-05-19,6,0.48,6145.7,Sea,Commodity,65.54
2025-05-19,0,0.39,1022.35,Sea,Suez,65.54
2025-05-19,0,0.18,3448.55,Sea,Atlantic,65.54
2025-05-19,0,0.84,3516.24,Sea,Intra-Asia,65.54
2025-05-19,0,0.24,53271.02,Air,Suez,65.54
2025-05-19,0,0.26,2348.01,Sea,Pacific,65.54
2025-05-19,0,0.37,43703.0,Air,Commodity,65.54
2025-05-19,0,0.82,521.43,Sea,Intra-Asia,65.54
2025-05-19,8,0.48,7370.4,Sea,Suez,65.54
2025-05-19,0,0.47,6515.77,Sea,Suez,65.54
2025-05-19,0,0.69,4804.67,Sea,Pacific,65.54
2025-05-19,0,0.88,8723.2,Sea,Atlantic,65.54
2025-05-19,0,0.89,6291.81,Sea,Intra-Asia,65.54
2025-05-19,0,0.21,5812.23,Sea,Suez,65.54
2025-05-19,0,0.57,2307.9,Sea,Suez,65.54
2025-05-19,0,0.66,2094.92,Sea,Suez,65.54
2025-05-19,0,0.23,4014.11,Sea,Intra-Asia,65.54
2025-05-19,0,0.45,38774.45,Air,Commodity,65.54
2025-05-19,0,0.34,3835.75,Sea,Commodity,65.54
2024-10-04,0,0.64,1805.64,Sea,Suez,78.05
2024-10-04,13,0.53,10110.24,Sea,Suez,78.05
2024-10-04,0,0.6,1751.2,Sea,Commodity,78.05
2024-10-04,0,0.88,624.16,Sea,Suez,78.05
2024-10-04,4,0.29,5882.46,Sea,Pacific,78.05
2024-10-04,0,0.36,5401.24,Sea,Suez,78.05
2024-10-04,0,0.43,5291.0,Sea,Commodity,78.05
2024-10-04,1,0.21,5835.83,Sea,Suez,78.05
2024-10-04,0,0.49,34673.04,Air,Commodity,78.05
2024-10-04,0,0.3,521.95,Sea,Suez,78.05
2024-10-04,0,0.47,2971.61,Sea,Pacific,78.05
2024-10-04,0,0.65,1776.22,Sea,Pacific,78.05
2024-10-04,0,0.69,43509.89,Air,Atlantic,78.05
2024-10-04,0,0.29,4421.48,Sea,Atlantic,78.05
2024-10-04,0,0.14,3327.09,Sea,Commodity,78.05
2024-10-04,0,0.55,7613.6,Sea,Pacific,78.05
2024-10-04,8,0.66,3949.47,Sea,Suez,78.05
2024-10-04,0,0.82,4227.86,Sea,Intra-Asia,78.05
2025-12-29,0,0.71,6610.86,Sea,Intra-Asia,61.94
2025-12-29,0,0.79,7401.65,Sea,Commodity,61.94
2025-12-29,0,0.22,902.19,Sea,Suez,61.94
2025-12-29,0,0.43,44861.96,Air,Atlantic,61.94
2025-12-29,0,0.33,1797.5,Sea,Suez,61.94
2025-12-29,0,0.11,227.0,Sea,Suez,61.94
2025-12-29,4,0.12,1114.96,Sea,Commodity,61.94
2025-12-29,0,0.46,4755.95,Sea,Suez,61.94
2025-12-29,0,0.78,5202.05,Sea,Suez,61.94
2025-12-29,0,0.85,769.6,Sea,Atlantic,61.94
2024-01-24,1,0.47,131134.66,Air,Intra-Asia,80.04
2024-01-24,1,0.22,247.66,Sea,Suez,80.04
2024-01-24,0,0.67,6497.13,Sea,Commodity,80.04
2024-01-24,0,0.33,6145.93,Sea,Pacific,80.04
2024-01-24,0,0.42,3973.16,Sea,Pacific,80.04
2024-01-24,0,0.78,7171.62,Sea,Atlantic,80.04
2024-01-24,0,0.83,2308.55,Sea,Pacific,80.04
2024-01-24,0,0.84,1452.68,Sea,Commodity,80.04
2024-01-24,0,0.7,5219.85,Sea,Intra-Asia,80.04
2024-01-24,0,0.38,1268.22,Sea,Pacific,80.04
2024-01-24,0,0.4,4080.3,Sea,Intra-Asia,80.04
2024-01-24,0,0.13,2804.66,Sea,Pacific,80.04
2024-01-24,0,0.86,600.5,Sea,Commodity,80.04
2024-01-24,0,0.83,5866.07,Sea,Suez,80.04
2024-01-24,0,0.39,9647.99,Air,Atlantic,80.04
2024-01-24,0,0.72,37906.22,Air,Atlantic,80.04
2025-02-03,0,0.49,5089.84,Sea,Suez,75.96
2025-02-03,0,0.32,6029.76,Sea,Suez,75.96
2025-02-03,0,0.22,4837.91,Sea,Pacific,75.96
2025-02-03,0,0.56,5818.02,Sea,Intra-Asia,75.96
2025-02-03,0,0.47,2202.06,Sea,Pacific,75.96
2025-02-03,0,0.73,4972.02,Sea,Intra-Asia,75.96
2025-02-03,0,0.83,1111.73,Sea,Atlantic,75.96
2025-02-03,0,0.63,28239.75,Air,Pacific,75.96
2025-02-03,0,0.11,2100.12,Sea,Atlantic,75.96
2025-01-07,0,0.31,2075.04,Sea,Commodity,77.05
2025-01-07,0,0.41,1384.62,Sea,Suez,77.05
2025-01-07,0,0.8,6618.6,Sea,Pacific,77.05
2025-01-07,5,0.41,3789.09,Sea,Atlantic,77.05
2025-01-07,0,0.73,109.86,Sea,Pacific,77.05
2025-01-07,0,0.21,699.99,Sea,Atlantic,77.05
2025-01-07,0,0.14,1075.59,Sea,Atlantic,77.05
2025-01-07,0,0.38,1788.48,Sea,Suez,77.05
2025-01-07,0,0.31,4675.39,Sea,Intra-Asia,77.05
2025-01-07,2,0.82,4162.16,Sea,Commodity,77.05
2025-01-07,0,0.34,5696.34,Sea,Intra-Asia,77.05
2025-01-07,0,0.22,5995.08,Sea,Pacific,77.05
2025-06-17,0,0.77,2565.62,Sea,Suez,76.45
2025-06-17,0,0.61,7203.14,Sea,Pacific,76.45
2025-06-17,0,0.46,2356.44,Sea,Suez,76.45
2025-06-17,0,0.63,6811.77,Sea,Atlantic,76.45
2025-06-17,0,0.86,5138.25,Sea,Commodity,76.45
2025-06-17,0,0.21,4740.18,Sea,Commodity,76.45
2025-06-17,0,0.12,1312.08,Sea,Pacific,76.45
2025-06-17,6,0.13,2584.81,Sea,Atlantic,76.45
2025-06-17,0,0.2,2033.4,Sea,Atlantic,76.45
2025-06-17,0,0.75,6225.62,Sea,Suez,76.45
2025-06-17,14,0.86,5633.57,Sea,Suez,76.45
2025-06-17,0,0.54,41486.06,Air,Atlantic,76.45
2025-06-17,0,0.79,5125.66,Sea,Suez,76.45
2024-08-26,0,0.13,4972.0,Sea,Suez,81.43
2024-08-26,0,0.75,5246.5,Sea,Commodity,81.43
2024-08-26,0,0.72,2188.7,Sea,Commodity,81.43
2024-08-26,0,0.36,2173.28,Sea,Atlantic,81.43
2024-08-26,0,0.61,3748.88,Sea,Intra-Asia,81.43
2024-08-26,0,0.85,5519.48,Sea,Commodity,81.43
2024-08-26,6,0.57,7127.17,Sea,Pacific,81.43
2024-08-26,0,0.79,50022.44,Air,Commodity,81.43
2024-08-26,9,0.67,2377.75,Sea,Intra-Asia,81.43
2024-08-26,0,0.52,5647.56,Sea,Suez,81.43
2024-08-26,16,0.64,124735.78,Air,Suez,81.43
2024-08-26,0,0.68,39325.44,Air,Suez,81.43
2024-08-26,0,0.43,61866.09,Air,Pacific,81.43
2024-08-26,0,0.88,3679.16,Sea,Suez,81.43
2024-08-26,0,0.85,18365.88,Air,Atlantic,81.43
2024-09-13,5,0.24,10642.18,Sea,Pacific,71.61
2024-09-13,0,0.13,203.4,Sea,Suez,71.61
2024-09-13,0,0.75,3397.62,Sea,Suez,71.61
2024-09-13,16,0.62,11152.08,Sea,Suez,71.61
2024-09-13,0,0.26,2984.31,Sea,Suez,71.61
2024-09-13,0,0.69,3925.03,Sea,Intra-Asia,71.61
2024-09-13,6,0.21,5108.14,Sea,Pacific,71.61
2024-09-13,4,0.75,114258.38,Air,Pacific,71.61
2024-09-13,0,0.42,76389.61,Air,Suez,71.61
2024-09-13,0,0.32,14853.96,Air,Intra-Asia,71.61
2024-09-13,0,0.62,7085.07,Sea,Intra-Asia,71.61
2024-09-13,0,0.71,1232.06,Sea,Commodity,71.61
2024-09-13,0,0.64,7988.44,Sea,Atlantic,71.61
2024-09-13,0,0.5,66651.75,Air,Suez,71.61
2024-09-13,0,0.15,14895.37,Air,Pacific,71.61
2024-09-13,0,0.24,3972.34,Sea,Commodity,71.61
2025-04-28,0,0.56,583.44,Sea,Commodity,65.86
2025-04-28,9,0.64,400.16,Sea,Suez,65.86
2025-04-28,0,0.31,1339.48,Sea,Intra-Asia,65.86
2025-04-28,0,0.49,27756.47,Air,Atlantic,65.86
2025-04-28,14,0.53,2461.46,Sea,Suez,65.86
2025-04-28,0,0.28,1061.63,Sea,Atlantic,65.86
2025-04-28,0,0.14,983.82,Sea,Intra-Asia,65.86
2025-04-28,0,0.75,3003.88,Sea,Atlantic,65.86
2025-04-28,0,0.28,3611.52,Air,Suez,65.86
2025-04-28,0,0.2,1604.4,Sea,Pacific,65.86
2025-04-28,0,0.32,4060.98,Sea,Commodity,65.86
2025-04-28,0,0.36,161.16,Sea,Intra-Asia,65.86
2025-04-28,0,0.64,56907.18,Air,Intra-Asia,65.86
2025-04-28,0,0.11,2206.12,Sea,Atlantic,65.86
2025-04-28,0,0.88,1748.4,Sea,Suez,65.86
2024-05-15,0,0.84,35288.44,Air,Intra-Asia,82.75
2024-05-15,0,0.27,346.07,Sea,Suez,82.75
2024-05-15,0,0.32,1302.18,Sea,Atlantic,82.75
2024-05-15,0,0.67,2969.26,Sea,Commodity,82.75
2024-05-15,0,0.59,3583.06,Sea,Intra-Asia,82.75
2024-05-15,0,0.12,3545.36,Sea,Suez,82.75
2024-05-15,0,0.76,5776.32,Sea,Commodity,82.75
2024-05-15,0,0.5,469.5,Sea,Pacific,82.75
2024-05-15,0,0.11,2661.78,Sea,Atlantic,82.75
2024-05-15,0,0.51,81322.56,Air,Atlantic,82.75
2024-05-15,0,0.23,2058.4,Sea,Commodity,82.75
2024-05-15,10,0.27,3828.29,Sea,Suez,82.75
2024-05-15,0,0.42,1734.53,Sea,Pacific,82.75
2024-05-15,0,0.25,6024.38,Sea,Suez,82.75
2024-05-15,0,0.8,86258.7,Air,Atlantic,82.75
2024-05-15,0,0.48,11550.66,Air,Atlantic,82.75
2024-05-15,0,0.32,2688.84,Sea,Pacific,82.75
2024-05-15,0,0.27,46659.8,Air,Suez,82.75
2024-05-15,0,0.28,341.76,Sea,Intra-Asia,82.75
2024-05-15,0,0.64,1927.0,Sea,Pacific,82.75
2024-05-15,0,0.86,4183.14,Sea,Intra-Asia,82.75
2024-05-15,0,0.68,840.0,Sea,Atlantic,82.75
2024-05-15,0,0.14,5515.89,Sea,Intra-Asia,82.75
2024-05-15,0,0.41,4578.27,Sea,Suez,82.75
2024-05-15,0,0.76,1402.72,Sea,Intra-Asia,82.75
2024-05-02,0,0.8,4254.3,Sea,Suez,83.67
2024-05-02,0,0.54,47889.38,Air,Intra-Asia,83.67
2024-05-02,0,0.27,1837.69,Sea,Suez,83.67
2024-05-02,0,0.28,41176.96,Air,Suez,83.67
2024-05-02,0,0.42,5841.17,Sea,Atlantic,83.67
2024-05-02,0,0.54,4474.47,Sea,Commodity,83.67
2024-05-02,0,0.4,1671.6,Sea,Atlantic,83.67
2024-05-02,0,0.66,6995.24,Sea,Pacific,83.67
2024-05-02,0,0.55,2635.78,Sea,Suez,83.67
2024-05-02,0,0.5,2936.25,Sea,Intra-Asia,83.67
2024-05-02,0,0.28,2533.76,Sea,Suez,83.67
2024-05-02,0,0.34,29936.94,Air,Atlantic,83.67
2025-04-07,0,0.78,2557.86,Sea,Pacific,64.21
2025-04-07,0,0.33,3890.25,Sea,Intra-Asia,64.21
2025-04-07,1,0.67,2632.42,Sea,Intra-Asia,64.21
2025-04-07,0,0.22,98.21,Sea,Commodity,64.21
2025-04-07,0,0.86,1874.88,Sea,Atlantic,64.21
2025-04-07,0,0.8,8663.4,Sea,Commodity,64.21
2025-04-07,0,0.39,5165.94,Sea,Intra-Asia,64.21
2025-04-07,0,0.37,2326.95,Sea,Commodity,64.21
2025-04-07,0,0.79,1542.98,Sea,Suez,64.21
2025-04-07,0,0.81,8736.87,Sea,Suez,64.21
2025-04-07,0,0.78,5424.55,Sea,Intra-Asia,64.21
2025-04-07,0,0.72,18882.16,Air,Suez,64.21
2025-04-07,0,0.66,4214.74,Sea,Suez,64.21
2025-04-07,13,0.42,109090.08,Air,Suez,64.21
2025-04-07,0,0.39,1942.53,Sea,Suez,64.21
2024-06-12,0,0.24,4000.86,Sea,Pacific,82.6
2024-06-12,0,0.57,5406.29,Sea,Atlantic,82.6
2024-06-12,0,0.81,2012.72,Sea,Pacific,82.6
2024-06-12,0,0.14,14565.21,Air,Intra-Asia,82.6
2024-06-12,0,0.87,37828.23,Air,Commodity,82.6
2024-06-12,0,0.6,1833.6,Sea,Atlantic,82.6
2024-06-12,0,0.68,1786.68,Sea,Atlantic,82.6
2024-06-12,0,0.1,569.25,Sea,Pacific,82.6
2024-06-12,0,0.55,3925.38,Sea,Atlantic,82.6
2024-06-12,0,0.59,6042.79,Sea,Commodity,82.6
2024-06-12,0,0.76,71912.72,Air,Suez,82.6
2024-06-12,0,0.34,3780.14,Sea,Suez,82.6
2024-06-12,0,0.56,5668.26,Sea,Atlantic,82.6
2025-05-02,0,0.38,4567.11,Sea,Pacific,61.29
2025-05-02,0,0.75,7511.0,Sea,Suez,61.29
2025-05-02,0,0.66,3037.8,Sea,Pacific,61.29
2025-05-02,0,0.52,953.04,Sea,Suez,61.29
2025-05-02,0,0.14,2635.68,Sea,Pacific,61.29
2025-05-02,0,0.81,6911.49,Sea,Suez,61.29
2025-05-02,0,0.26,2729.79,Sea,Intra-Asia,61.29
2025-05-02,0,0.2,46497.0,Air,Suez,61.29
2025-05-02,0,0.14,4281.27,Sea,Intra-Asia,61.29
2025-05-02,0,0.33,4082.44,Sea,Commodity,61.29
2025-05-02,0,0.42,1317.76,Sea,Suez,61.29
2025-05-02,0,0.72,4467.7,Sea,Intra-Asia,61.29
2025-05-02,0,0.78,3608.06,Sea,Commodity,61.29
2025-05-02,0,0.34,843.53,Sea,Commodity,61.29
2025-05-02,0,0.46,79207.92,Air,Intra-Asia,61.29
2025-05-02,5,0.89,965.7,Sea,Intra-Asia,61.29
2025-05-02,0,0.4,6947.5,Sea,Suez,61.29
2024-07-03,12,0.67,146658.73,Air,Suez,87.34
2024-07-03,0,0.8,3878.1,Sea,Atlantic,87.34
2024-07-03,0,0.11,4875.68,Sea,Atlantic,87.34
2024-07-03,2,0.16,1323.85,Sea,Commodity,87.34
2024-07-03,0,0.12,209.44,Sea,Atlantic,87.34
2024-07-03,0,0.26,4928.49,Sea,Suez,87.34
2024-07-03,0,0.4,1386.0,Air,Atlantic,87.34
2024-07-03,0,0.22,5649.21,Sea,Pacific,87.34
2024-07-03,0,0.49,4469.26,Sea,Commodity,87.34
2024-07-03,0,0.71,3393.49,Sea,Atlantic,87.34
2024-07-03,0,0.1,1986.6,Sea,Atlantic,87.34
2024-07-03,9,0.29,86370.28,Air,Intra-Asia,87.34
2024-07-03,0,0.16,1232.5,Sea,Suez,87.34
2024-02-26,0,0.35,3711.15,Sea,Suez,82.53
2024-02-26,1,0.16,4185.86,Sea,Intra-Asia,82.53
2024-02-26,0,0.73,1225.7,Sea,Suez,82.53
2024-02-26,0,0.37,2827.0,Sea,Pacific,82.53
2024-02-26,0,0.61,6135.71,Sea,Commodity,82.53
2024-02-26,2,0.37,3261.91,Sea,Intra-Asia,82.53
2024-02-26,0,0.59,65491.3,Air,Intra-Asia,82.53
2024-02-26,0,0.82,5649.28,Sea,Suez,82.53
2024-02-26,0,0.27,1477.01,Sea,Suez,82.53
2024-02-26,0,0.38,1757.43,Sea,Intra-Asia,82.53
2024-02-26,0,0.56,3095.82,Sea,Suez,82.53
2024-02-26,0,0.24,17793.38,Air,Suez,82.53
2024-02-26,0,0.38,1199.91,Sea,Intra-Asia,82.53
2024-02-26,0,0.74,6565.02,Sea,Suez,82.53
2024-05-17,0,0.48,46536.38,Air,Suez,83.98
2024-05-17,0,0.1,3416.05,Sea,Intra-Asia,83.98
2024-05-17,0,0.53,2487.01,Sea,Atlantic,83.98
2024-05-17,0,0.62,3695.22,Sea,Commodity,83.98
2024-05-17,5,0.28,2516.8,Sea,Intra-Asia,83.98
2024-05-17,0,0.54,6435.66,Sea,Commodity,83.98
2024-05-17,0,0.45,1206.4,Sea,Suez,83.98
2024-05-17,0,0.8,4602.6,Sea,Pacific,83.98
2024-05-17,0,0.89,4878.09,Sea,Suez,83.98
2024-05-17,0,0.53,8726.35,Air,Intra-Asia,83.98
2024-05-17,0,0.19,5613.82,Sea,Suez,83.98
2024-02-08,0,0.11,50689.82,Air,Atlantic,81.63
2024-02-08,0,0.56,3205.02,Sea,Intra-Asia,81.63
2024-02-08,6,0.22,4448.73,Sea,Atlantic,81.63
2024-02-08,0,0.19,50213.24,Air,Suez,81.63
2024-02-08,0,0.77,5364.87,Sea,Pacific,81.63
2024-02-08,0,0.38,5589.69,Sea,Commodity,81.63
2024-02-08,0,0.7,6208.4,Sea,Atlantic,81.63
2024-02-08,0,0.54,6662.81,Sea,Atlantic,81.63
2024-02-08,0,0.62,53397.63,Air,Pacific,81.63
2024-02-08,0,0.19,33870.38,Air,Suez,81.63
2024-02-08,0,0.85,5121.73,Sea,Pacific,81.63
2024-02-08,0,0.8,3641.4,Sea,Suez,81.63
2024-02-08,0,0.64,1080.76,Sea,Suez,81.63
2024-02-08,0,0.75,13157.38,Air,Commodity,81.63
2024-02-08,0,0.8,32868.0,Air,Commodity,81.63
2024-02-08,0,0.65,4253.7,Sea,Pacific,81.63
2024-02-08,0,0.5,5882.25,Sea,Intra-Asia,81.63
2024-02-08,0,0.36,16538.28,Air,Intra-Asia,81.63
2024-02-08,0,0.58,2874.02,Sea,Suez,81.63
2025-10-16,0,0.82,2329.6,Sea,Commodity,61.06
2025-10-16,1,0.63,1611.91,Sea,Commodity,61.06
2025-10-16,0,0.12,2974.16,Sea,Suez,61.06
2025-10-16,0,0.67,5717.24,Sea,Intra-Asia,61.06
2025-10-16,0,0.36,44393.8,Air,Suez,61.06
2025-10-16,0,0.46,7086.84,Sea,Suez,61.06
2025-10-16,0,0.16,2995.12,Sea,Atlantic,61.06
2025-10-16,0,0.66,223.27,Sea,Suez,61.06
2025-10-16,0,0.79,1947.52,Sea,Intra-Asia,61.06
2025-10-16,5,0.75,7609.53,Sea,Pacific,61.06
2025-10-16,0,0.2,2602.8,Sea,Atlantic,61.06
2025-08-12,0,0.46,1100.84,Sea,Atlantic,66.12
2025-08-12,0,0.63,4783.23,Sea,Suez,66.12
2025-08-12,11,0.85,3759.2,Sea,Suez,66.12
2025-08-12,0,0.26,633.15,Sea,Commodity,66.12
2025-08-12,0,0.55,3149.6,Sea,Intra-Asia,66.12
2025-08-12,0,0.72,6499.02,Sea,Atlantic,66.12
2025-08-12,0,0.77,7965.89,Sea,Suez,66.12
2025-08-12,0,0.45,3549.6,Sea,Suez,66.12
2025-08-12,3,0.35,4796.82,Sea,Pacific,66.12
2025-08-12,0,0.34,3826.37,Sea,Commodity,66.12
2025-08-12,0,0.15,3428.72,Sea,Atlantic,66.12
2025-08-12,0,0.49,1790.98,Sea,Suez,66.12
2025-08-12,0,0.34,44065.23,Air,Atlantic,66.12
2025-08-12,6,0.32,1557.47,Sea,Pacific,66.12
2025-08-12,0,0.18,3813.76,Sea,Suez,66.12
2025-08-12,13,0.55,9246.69,Sea,Suez,66.12
2025-08-12,0,0.23,2449.55,Sea,Commodity,66.12
2025-08-12,14,0.58,7922.75,Sea,Suez,66.12
2025-08-12,4,0.48,1251.12,Sea,Atlantic,66.12
2025-08-12,0,0.81,893.24,Sea,Commodity,66.12
2025-08-12,0,0.31,544.31,Sea,Atlantic,66.12
2025-05-15,0,0.88,7531.28,Sea,Atlantic,64.53
2025-05-15,0,0.38,4541.58,Sea,Intra-Asia,64.53
2025-05-15,0,0.5,6911.25,Sea,Suez,64.53
2025-05-15,0,0.71,6175.66,Sea,Pacific,64.53
2025-05-15,0,0.45,424.12,Sea,Commodity,64.53
2025-05-15,0,0.29,4134.45,Sea,Intra-Asia,64.53
2025-05-15,0,0.47,4181.41,Sea,Pacific,64.53
2025-05-15,0,0.6,3042.4,Sea,Intra-Asia,64.53
2025-05-15,0,0.4,56371.7,Air,Suez,64.53
2025-05-15,0,0.88,9217.64,Sea,Suez,64.53
2025-05-15,13,0.63,1683.46,Sea,Suez,64.53
2025-05-15,0,0.74,4252.56,Sea,Commodity,64.53
2025-05-15,0,0.7,6360.55,Sea,Atlantic,64.53
2025-05-15,7,0.12,1241.86,Sea,Suez,64.53
2025-05-15,0,0.69,3301.41,Sea,Suez,64.53
2025-05-15,7,0.62,4396.19,Sea,Intra-Asia,64.53
2025-05-15,0,0.15,3275.77,Sea,Atlantic,64.53
2024-05-29,0,0.5,5371.5,Sea,Suez,83.6
2024-05-29,0,0.41,6483.18,Sea,Suez,83.6
2024-05-29,0,0.63,1494.71,Sea,Commodity,83.6
2024-05-29,0,0.83,564.56,Sea,Suez,83.6
2024-05-29,0,0.23,3313.01,Sea,Intra-Asia,83.6
2024-05-29,0,0.23,6019.01,Sea,Commodity,83.6
2024-05-29,0,0.77,7769.51,Sea,Intra-Asia,83.6
2024-05-29,0,0.74,11426.58,Air,Intra-Asia,83.6
2024-05-29,0,0.4,1783.6,Sea,Intra-Asia,83.6
2024-05-29,10,0.27,8102.59,Sea,Suez,83.6
2024-05-29,3,0.3,6780.35,Sea,Pacific,83.6
2024-05-29,0,0.42,22602.14,Air,Commodity,83.6
2024-05-29,0,0.32,32982.18,Air,Atlantic,83.6
2024-05-29,0,0.6,7312.8,Sea,Pacific,83.6
2024-05-29,0,0.7,2687.7,Sea,Pacific,83.6
2024-05-29,0,0.28,3091.84,Sea,Intra-Asia,83.6
2025-01-13,0,0.25,701.88,Sea,Pacific,81.01
2025-01-13,0,0.67,4361.2,Sea,Suez,81.01
2025-01-13,0,0.31,196.5,Sea,Pacific,81.01
2025-01-13,0,0.47,3931.51,Sea,Atlantic,81.01
2025-01-13,0,0.35,3592.35,Sea,Suez,81.01
2025-01-13,0,0.48,80406.92,Air,Intra-Asia,81.01
2025-01-13,0,0.39,5858.85,Sea,Suez,81.01
2025-01-13,0,0.56,29935.62,Air,Suez,81.01
2025-01-13,4,0.73,1973.89,Sea,Pacific,81.01
2024-01-19,13,0.11,2839.82,Sea,Suez,78.56
2024-01-19,14,0.81,100919.81,Air,Suez,78.56
2024-01-19,0,0.73,4717.71,Sea,Intra-Asia,78.56
2024-01-19,0,0.67,3866.05,Sea,Atlantic,78.56
2024-01-19,0,0.36,5898.32,Sea,Suez,78.56
2024-01-19,0,0.16,3193.48,Sea,Intra-Asia,78.56
2024-01-19,0,0.39,36910.06,Air,Suez,78.56
2024-01-19,0,0.46,797.16,Sea,Intra-Asia,78.56
2024-01-19,5,0.48,2113.96,Sea,Atlantic,78.56
2024-01-19,0,0.42,5157.44,Sea,Atlantic,78.56
2024-01-19,0,0.81,8850.0,Sea,Commodity,78.56
2024-01-19,0,0.44,7164.0,Sea,Commodity,78.56
2024-01-19,0,0.36,6696.64,Sea,Pacific,78.56
2024-01-19,0,0.21,306.74,Sea,Suez,78.56
2024-01-19,0,0.77,5554.26,Sea,Intra-Asia,78.56
2024-01-19,0,0.37,3465.42,Sea,Suez,78.56
2024-01-19,0,0.88,2973.22,Sea,Suez,78.56
2025-02-18,0,0.18,1803.04,Sea,Commodity,75.84
2025-02-18,1,0.42,27048.76,Air,Atlantic,75.84
2025-02-18,0,0.62,5579.28,Sea,Intra-Asia,75.84
2025-02-18,0,0.62,100.44,Sea,Commodity,75.84
2025-02-18,14,0.87,204.94,Sea,Suez,75.84
2025-02-18,0,0.22,4517.05,Sea,Atlantic,75.84
2025-02-18,0,0.5,7061.25,Sea,Pacific,75.84
2025-02-18,9,0.83,42707.81,Air,Suez,75.84
2025-02-18,0,0.42,3897.19,Sea,Suez,75.84
2025-02-18,0,0.86,47058.0,Air,Intra-Asia,75.84
2024-06-21,0,0.66,3647.85,Sea,Atlantic,85.24
2024-06-21,8,0.14,103966.63,Air,Suez,85.24
2024-06-21,0,0.61,7685.33,Sea,Atlantic,85.24
2024-06-21,0,0.64,7033.96,Sea,Suez,85.24
2024-06-21,6,0.21,30614.33,Air,Atlantic,85.24
2024-06-21,0,0.87,68786.08,Air,Intra-Asia,85.24
2024-06-21,0,0.12,19484.08,Air,Suez,85.24
2024-06-21,0,0.54,48533.1,Air,Suez,85.24
2024-06-21,4,0.17,942.08,Sea,Pacific,85.24
2024-06-21,0,0.45,846.07,Sea,Atlantic,85.24
2024-06-21,0,0.37,6800.68,Sea,Commodity,85.24
2024-06-21,0,0.4,50011.5,Air,Suez,85.24
2024-06-21,0,0.71,3504.64,Sea,Commodity,85.24
2024-06-21,0,0.57,2607.77,Sea,Atlantic,85.24
2024-06-21,0,0.66,790.99,Sea,Suez,85.24
2024-06-21,0,0.18,3745.91,Sea,Suez,85.24
2024-06-21,0,0.23,1728.15,Sea,Suez,85.24
2024-06-21,0,0.16,3469.56,Sea,Suez,85.24
2024-06-21,0,0.32,2903.34,Sea,Suez,85.24
2024-06-21,0,0.47,61680.46,Air,Suez,85.24
2025-09-05,0,0.38,5495.16,Sea,Commodity,65.5
2025-09-05,0,0.14,1130.31,Sea,Intra-Asia,65.5
2025-09-05,17,0.13,2309.71,Sea,Suez,65.5
2025-09-05,0,0.26,3419.01,Sea,Suez,65.5
2025-09-05,7,0.66,75289.63,Air,Suez,65.5
2025-09-05,0,0.2,24915.0,Air,Suez,65.5
2025-09-05,0,0.65,31009.27,Air,Atlantic,65.5
2025-09-05,0,0.47,6235.74,Sea,Atlantic,65.5
2025-09-05,0,0.18,1575.89,Sea,Pacific,65.5
2025-09-05,0,0.83,6125.93,Sea,Intra-Asia,65.5
2025-09-05,0,0.84,1715.8,Sea,Intra-Asia,65.5
2025-09-05,0,0.42,5832.65,Sea,Pacific,65.5
2025-09-05,0,0.54,304.15,Sea,Intra-Asia,65.5
2025-09-05,4,0.77,651.28,Sea,Atlantic,65.5
2025-09-05,4,0.78,7290.17,Sea,Pacific,65.5
2025-09-05,0,0.71,62543.25,Air,Commodity,65.5
2025-11-28,0,0.27,4872.36,Sea,Suez,63.2
2025-11-28,0,0.82,552.37,Sea,Atlantic,63.2
2025-11-28,0,0.28,3885.44,Sea,Atlantic,63.2
2025-11-28,0,0.58,1939.45,Sea,Atlantic,63.2
2025-11-28,0,0.84,7189.8,Sea,Atlantic,63.2
2025-11-28,0,0.4,728.7,Sea,Suez,63.2
2025-11-28,0,0.21,1240.25,Sea,Suez,63.2
2025-11-28,0,0.12,57583.68,Air,Suez,63.2
2025-11-28,0,0.36,898.28,Sea,Commodity,63.2
2025-11-28,0,0.55,5661.38,Sea,Suez,63.2
2025-11-28,0,0.77,4944.49,Sea,Intra-Asia,63.2
2025-11-28,0,0.72,5454.12,Sea,Pacific,63.2
2025-11-28,0,0.5,6974.25,Sea,Commodity,63.2
2024-04-19,5,0.86,1317.62,Sea,Atlantic,87.29
2024-04-19,0,0.24,82405.72,Air,Intra-Asia,87.29
2024-04-19,0,0.1,4734.95,Sea,Suez,87.29
2024-04-19,0,0.81,19033.96,Air,Suez,87.29
2024-04-19,0,0.5,4337.25,Sea,Suez,87.29
2024-04-19,0,0.41,5596.29,Sea,Suez,87.29
2024-04-19,6,0.24,56152.47,Air,Pacific,87.29
2024-04-19,0,0.84,314.64,Sea,Suez,87.29
2024-04-19,0,0.72,226.18,Sea,Pacific,87.29
2024-04-19,0,0.82,2720.9,Sea,Suez,87.29
2024-04-19,0,0.38,4070.31,Sea,Pacific,87.29
2024-04-19,0,0.82,3790.15,Sea,Suez,87.29
2024-04-19,0,0.14,16546.53,Air,Intra-Asia,87.29
2024-04-19,0,0.23,5498.72,Sea,Suez,87.29
2024-08-02,3,0.58,3446.93,Sea,Intra-Asia,76.81
2024-08-02,0,0.52,7489.8,Sea,Suez,76.81
2024-08-02,0,0.6,52324.8,Air,Suez,76.81
2024-08-02,0,0.34,381.9,Sea,Commodity,76.81
2024-08-02,0,0.74,3776.67,Sea,Suez,76.81
2024-08-02,0,0.57,80616.36,Air,Suez,76.81
2024-08-02,0,0.6,3911.2,Sea,Atlantic,76.81
2024-08-02,0,0.63,4260.01,Sea,Intra-Asia,76.81
2024-08-02,0,0.23,41286.79,Air,Intra-Asia,76.81
2024-08-02,0,0.76,2681.36,Sea,Suez,76.81
2024-08-02,0,0.38,4996.29,Sea,Commodity,76.81
2024-08-02,0,0.22,48446.2,Air,Commodity,76.81
2025-02-21,0,0.19,3453.38,Sea,Atlantic,74.43
2025-02-21,1,0.23,25371.79,Air,Intra-Asia,74.43
2025-02-21,0,0.62,1981.26,Sea,Suez,74.43
2025-02-21,0,0.15,4405.65,Sea,Commodity,74.43
2025-02-21,0,0.8,25829.1,Air,Intra-Asia,74.43
2025-02-21,5,0.25,3020.18,Sea,Intra-Asia,74.43
2025-02-21,0,0.82,35165.13,Air,Suez,74.43
2025-02-21,0,0.78,149.52,Sea,Commodity,74.43
2025-02-21,3,0.88,1808.47,Sea,Pacific,74.43
2025-02-21,0,0.58,79730.75,Air,Intra-Asia,74.43
2025-02-21,0,0.2,3079.2,Sea,Atlantic,74.43
2025-02-21,0,0.69,4463.29,Sea,Commodity,74.43
2024-11-20,0,0.88,7016.16,Sea,Pacific,72.81
2024-11-20,0,0.31,4223.44,Sea,Intra-Asia,72.81
2024-11-20,0,0.67,6742.62,Sea,Intra-Asia,72.81
2024-11-20,0,0.85,25172.95,Air,Suez,72.81
2024-11-20,0,0.43,1574.43,Sea,Suez,72.81
2024-11-20,0,0.25,61008.75,Air,Pacific,72.81
2024-11-20,0,0.31,1467.2,Sea,Intra-Asia,72.81
2024-11-20,0,0.27,5727.7,Sea,Suez,72.81
2024-11-20,0,0.47,6967.06,Sea,Suez,72.81
2024-11-20,0,0.75,3458.0,Sea,Suez,72.81
2024-11-20,0,0.49,3023.21,Sea,Suez,72.81
2024-11-20,0,0.54,780.01,Sea,Atlantic,72.81
2024-11-20,0,0.72,7698.72,Sea,Intra-Asia,72.81
2024-11-20,0,0.77,47166.07,Air,Intra-Asia,72.81
2024-11-20,0,0.2,5971.2,Sea,Pacific,72.81
2024-11-20,0,0.49,33402.82,Air,Suez,72.81
2024-03-05,0,0.66,59162.4,Air,Intra-Asia,82.04
2024-03-05,0,0.48,7374.1,Sea,Suez,82.04
2024-03-05,3,0.8,8685.27,Sea,Pacific,82.04
2024-03-05,0,0.89,40135.1,Air,Suez,82.04
2024-03-05,0,0.7,2309.45,Sea,Pacific,82.04
2024-03-05,0,0.44,6598.08,Sea,Intra-Asia,82.04
2024-03-05,0,0.63,622.66,Sea,Suez,82.04
2024-03-05,0,0.81,5417.33,Sea,Intra-Asia,82.04
2024-03-05,0,0.84,19875.68,Air,Atlantic,82.04
2024-03-05,0,0.83,2489.72,Sea,Suez,82.04
2024-03-05,0,0.32,5386.26,Sea,Atlantic,82.04
2024-03-05,0,0.24,5462.82,Sea,Suez,82.04
2024-08-27,0,0.54,1734.81,Sea,Suez,79.55
2024-08-27,6,0.51,5407.92,Sea,Intra-Asia,79.55
2024-08-27,0,0.82,5957.77,Sea,Suez,79.55
2024-08-27,0,0.15,17115.45,Air,Suez,79.55
2024-08-27,0,0.59,106.53,Sea,Suez,79.55
2024-08-27,0,0.37,4791.58,Sea,Intra-Asia,79.55
2024-08-27,0,0.24,2233.86,Sea,Suez,79.55
2024-08-27,0,0.44,1305.36,Sea,Suez,79.55
2024-08-27,0,0.61,7653.13,Sea,Intra-Asia,79.55
2024-08-27,0,0.19,1467.87,Sea,Intra-Asia,79.55
2024-08-27,6,0.73,1966.48,Sea,Pacific,79.55
2024-08-27,0,0.75,3706.5,Sea,Intra-Asia,79.55
2024-08-27,0,0.41,4762.98,Sea,Suez,79.55
2024-08-27,18,0.51,5260.85,Sea,Suez,79.55
2024-05-28,0,0.85,5283.6,Sea,Suez,84.22
2024-05-28,0,0.16,3928.92,Sea,Commodity,84.22
2024-05-28,0,0.55,44560.18,Air,Intra-Asia,84.22
2024-05-28,0,0.78,8097.22,Sea,Suez,84.22
2024-05-28,0,0.76,4040.96,Sea,Pacific,84.22
2024-05-28,0,0.85,3551.08,Sea,Suez,84.22
2024-05-28,0,0.11,928.52,Sea,Commodity,84.22
2024-05-28,4,0.71,1061.82,Sea,Atlantic,84.22
2024-05-28,0,0.28,20296.32,Air,Suez,84.22
2024-05-28,0,0.73,1571.7,Sea,Atlantic,84.22
2024-05-28,0,0.68,68505.36,Air,Atlantic,84.22
2024-05-28,1,0.14,517.56,Sea,Commodity,84.22
2024-05-28,0,0.22,5887.72,Sea,Intra-Asia,84.22
2024-05-28,0,0.61,3244.15,Sea,Suez,84.22
2024-05-28,0,0.44,2356.56,Sea,Suez,84.22
2024-05-28,0,0.6,2419.2,Sea,Commodity,84.22
2024-05-28,0,0.36,5070.76,Sea,Intra-Asia,84.22
2024-05-28,0,0.52,373.92,Sea,Commodity,84.22
2024-05-28,0,0.73,7656.98,Sea,Pacific,84.22
2024-09-27,0,0.32,538.56,Sea,Suez,71.98
2024-09-27,0,0.63,1734.32,Sea,Suez,71.98
2024-09-27,0,0.75,3624.25,Sea,Intra-Asia,71.98
2024-09-27,0,0.64,5412.0,Sea,Atlantic,71.98
2024-09-27,0,0.55,22156.48,Air,Atlantic,71.98
2024-09-27,0,0.29,1679.58,Sea,Commodity,71.98
2024-09-27,0,0.89,5631.26,Sea,Pacific,71.98
2024-09-27,0,0.39,6617.1,Sea,Suez,71.98
2024-09-27,9,0.66,9480.92,Sea,Intra-Asia,71.98
2024-09-27,0,0.7,732.7,Sea,Pacific,71.98
2024-09-27,0,0.47,1556.73,Sea,Suez,71.98
2024-09-27,0,0.11,47973.09,Air,Intra-Asia,71.98
2024-09-27,0,0.13,806.25,Sea,Pacific,71.98
2024-09-27,0,0.52,3010.36,Sea,Atlantic,71.98
2024-09-27,0,0.22,1289.54,Sea,Pacific,71.98
2024-09-27,0,0.26,6035.4,Sea,Suez,71.98
2024-09-27,0,0.72,4324.94,Sea,Commodity,71.98
2024-07-26,0,0.7,1484.1,Sea,Intra-Asia,81.13
2024-07-26,0,0.29,1096.5,Sea,Atlantic,81.13
2024-07-26,0,0.75,95470.38,Air,Pacific,81.13
2024-07-26,0,0.24,646.04,Sea,Atlantic,81.13
2024-07-26,0,0.43,1620.19,Air,Commodity,81.13
2024-07-26,0,0.38,3561.09,Sea,Atlantic,81.13
2024-07-26,0,0.25,5808.75,Sea,Commodity,81.13
2024-07-26,0,0.89,1108.49,Sea,Pacific,81.13
2024-07-26,1,0.56,1716.86,Sea,Atlantic,81.13
2024-07-26,0,0.73,3530.93,Sea,Suez,81.13
2024-07-26,0,0.47,6761.27,Sea,Commodity,81.13
2024-07-26,0,0.39,429.51,Sea,Suez,81.13
2024-07-26,0,0.14,3369.84,Sea,Intra-Asia,81.13
2024-07-26,8,0.83,11198.14,Sea,Suez,81.13
2024-07-26,0,0.19,900.83,Sea,Suez,81.13
2024-07-26,0,0.75,7447.12,Sea,Intra-Asia,81.13
2024-07-26,3,0.44,7870.18,Sea,Pacific,81.13
2024-11-21,0,0.15,1991.22,Sea,Suez,74.23
2024-11-21,0,0.19,2582.89,Sea,Suez,74.23
2024-11-21,0,0.76,203.28,Sea,Suez,74.23
2024-11-21,0,0.5,5891.25,Sea,Suez,74.23
2024-11-21,0,0.71,2347.83,Sea,Pacific,74.23
2024-11-21,0,0.44,3764.16,Sea,Intra-Asia,74.23
2024-11-21,0,0.44,1496.16,Sea,Pacific,74.23
2024-11-21,0,0.53,3472.34,Sea,Suez,74.23
2024-11-21,0,0.31,3988.3,Sea,Suez,74.23
2024-11-21,0,0.73,2537.91,Sea,Suez,74.23
2024-11-21,0,0.5,4523.25,Sea,Suez,74.23
2024-11-21,0,0.37,4062.74,Sea,Intra-Asia,74.23
2024-11-21,0,0.68,132.72,Sea,Suez,74.23
2024-11-21,0,0.25,4973.75,Sea,Pacific,74.23
2024-05-20,11,0.52,2410.11,Sea,Suez,83.71
2024-05-20,0,0.5,378.0,Sea,Intra-Asia,83.71
2024-05-20,0,0.51,14807.82,Air,Intra-Asia,83.71
2024-05-20,2,0.25,3033.93,Sea,Commodity,83.71
2024-05-20,0,0.84,3614.68,Sea,Atlantic,83.71
2024-05-20,2,0.88,6210.2,Sea,Atlantic,83.71
2024-05-20,0,0.43,5593.44,Sea,Atlantic,83.71
2024-05-20,0,0.43,10586.29,Air,Commodity,83.71
2024-05-20,0,0.84,7602.88,Sea,Commodity,83.71
2024-05-20,0,0.75,3641.75,Sea,Suez,83.71
2024-05-20,0,0.54,525.91,Sea,Commodity,83.71
2024-06-18,0,0.72,1520.48,Sea,Suez,85.33
2024-06-18,0,0.25,3715.62,Sea,Commodity,85.33
2024-06-18,0,0.9,80329.15,Air,Pacific,85.33
2024-06-18,0,0.14,3347.04,Sea,Suez,85.33
2024-06-18,3,0.81,10334.79,Sea,Atlantic,85.33
2024-06-18,0,0.7,887.4,Sea,Intra-Asia,85.33
2024-06-18,0,0.61,6984.18,Sea,Atlantic,85.33
2024-06-18,0,0.69,68903.83,Air,Pacific,85.33
2024-06-18,0,0.64,1986.04,Sea,Commodity,85.33
2024-06-18,0,0.83,1913.27,Sea,Intra-Asia,85.33
2024-06-18,5,0.52,22263.52,Air,Atlantic,85.33
2024-06-18,0,0.67,7311.26,Sea,Suez,85.33
2024-06-18,0,0.69,6892.66,Sea,Suez,85.33
2024-07-01,0,0.31,3575.64,Sea,Atlantic,86.6
2024-07-01,0,0.38,1933.38,Sea,Suez,86.6
2024-07-01,0,0.21,4147.27,Sea,Atlantic,86.6
2024-07-01,0,0.77,4186.94,Sea,Pacific,86.6
2024-07-01,0,0.27,4079.24,Sea,Suez,86.6
2024-07-01,4,0.47,4793.59,Sea,Atlantic,86.6
2024-07-01,0,0.52,6075.44,Sea,Pacific,86.6
2024-07-01,0,0.64,7906.44,Sea,Suez,86.6
2024-07-01,0,0.78,8033.14,Sea,Suez,86.6
2024-07-01,0,0.72,72737.94,Air,Suez,86.6
2024-07-01,0,0.82,7461.09,Sea,Pacific,86.6
2024-07-01,0,0.47,2266.74,Sea,Intra-Asia,86.6
2024-07-01,0,0.77,6380.85,Sea,Atlantic,86.6
2024-07-01,0,0.36,223.04,Sea,Atlantic,86.6
2024-07-01,0,0.29,505.68,Sea,Pacific,86.6
2024-07-01,8,0.56,803.71,Sea,Suez,86.6
2024-09-16,0,0.13,1236.22,Sea,Suez,72.75
2024-09-16,0,0.21,1569.97,Sea,Suez,72.75
2024-09-16,0,0.9,2238.2,Sea,Intra-Asia,72.75
2024-09-16,1,0.58,2231.75,Sea,Intra-Asia,72.75
2024-09-16,0,0.77,5980.83,Sea,Suez,72.75
2024-09-16,0,0.56,34320.0,Air,Atlantic,72.75
2024-09-16,0,0.19,3460.52,Sea,Suez,72.75
2024-09-16,0,0.9,8578.5,Sea,Atlantic,72.75
2024-09-16,0,0.33,1442.38,Sea,Atlantic,72.75
2024-09-16,3,0.75,1421.7,Sea,Pacific,72.75
2024-09-16,0,0.69,7717.38,Sea,Commodity,72.75
2024-09-16,0,0.59,5306.62,Sea,Pacific,72.75
2024-09-16,0,0.9,3006.75,Sea,Atlantic,72.75
2024-09-16,0,0.33,5266.14,Sea,Pacific,72.75
2024-09-16,0,0.45,213.15,Sea,Intra-Asia,72.75
2024-09-16,0,0.77,1152.27,Sea,Atlantic,72.75
2024-09-16,0,0.56,5124.6,Sea,Pacific,72.75
2024-09-16,3,0.41,7229.98,Sea,Commodity,72.75
2024-09-16,7,0.33,1738.04,Air,Intra-Asia,72.75
2024-09-16,0,0.25,2060.62,Sea,Atlantic,72.75
2024-09-16,0,0.37,6631.49,Sea,Atlantic,72.75
2024-11-15,6,0.12,5346.88,Sea,Pacific,71.04
2024-11-15,0,0.2,1056.6,Sea,Intra-Asia,71.04
2024-11-15,9,0.45,1405.92,Sea,Suez,71.04
2024-11-15,0,0.78,91624.61,Air,Atlantic,71.04
2024-11-15,0,0.74,5283.51,Sea,Pacific,71.04
2024-11-15,2,0.26,5110.18,Sea,Intra-Asia,71.04
2024-11-15,0,0.46,3604.01,Sea,Pacific,71.04
2024-11-15,0,0.49,4433.49,Sea,Suez,71.04
2024-11-15,0,0.36,808.52,Sea,Commodity,71.04
2024-11-15,0,0.53,818.55,Sea,Suez,71.04
2024-11-15,0,0.44,992.88,Sea,Atlantic,71.04
2024-11-15,0,0.62,68758.47,Air,Atlantic,71.04
2024-11-15,0,0.44,6289.2,Sea,Suez,71.04
2024-11-15,0,0.65,6336.82,Sea,Pacific,71.04
2025-10-22,0,0.12,935.76,Sea,Commodity,62.59
2025-10-22,0,0.1,328.9,Sea,Commodity,62.59
2025-10-22,0,0.25,4997.5,Sea,Suez,62.59
2025-10-22,0,0.28,2998.4,Sea,Pacific,62.59
2025-10-22,0,0.27,2905.12,Sea,Pacific,62.59
2025-10-22,0,0.83,8805.96,Sea,Intra-Asia,62.59
2025-10-22,0,0.6,5302.4,Sea,Suez,62.59
2025-10-22,0,0.16,3125.62,Sea,Intra-Asia,62.59
2025-10-22,0,0.6,4848.0,Sea,Suez,62.59
2025-10-22,0,0.63,7371.67,Sea,Commodity,62.59
2025-10-22,0,0.4,33017.6,Air,Suez,62.59
2024-05-24,0,0.11,944.06,Sea,Suez,82.12
2024-05-24,0,0.64,3571.1,Sea,Pacific,82.12
2024-05-24,0,0.74,3336.45,Sea,Intra-Asia,82.12
2024-05-24,0,0.52,5118.6,Sea,Suez,82.12
2024-05-24,0,0.46,22138.71,Air,Atlantic,82.12
2024-05-24,0,0.15,1462.22,Sea,Commodity,82.12
2024-05-24,0,0.26,1951.74,Sea,Atlantic,82.12
2024-05-24,0,0.38,516.81,Sea,Atlantic,82.12
2024-05-24,0,0.11,4070.37,Sea,Suez,82.12
2024-01-25,0,0.76,4683.36,Sea,Atlantic,82.43
2024-01-25,0,0.58,6837.45,Sea,Commodity,82.43
2024-01-25,0,0.86,7186.11,Sea,Pacific,82.43
2024-01-25,0,0.69,1341.86,Sea,Pacific,82.43
2024-01-25,0,0.32,3378.54,Sea,Suez,82.43
2024-01-25,0,0.66,1892.4,Sea,Intra-Asia,82.43
2024-01-25,0,0.53,4658.85,Sea,Suez,82.43
2024-01-25,0,0.14,3618.93,Sea,Intra-Asia,82.43
2024-01-25,0,0.11,51019.49,Air,Atlantic,82.43
2024-01-25,0,0.75,3269.88,Sea,Pacific,82.43
2024-01-25,0,0.58,6924.35,Sea,Suez,82.43
2024-01-25,0,0.86,2551.92,Sea,Suez,82.43
2024-01-25,0,0.68,5672.52,Sea,Commodity,82.43
2024-01-25,0,0.64,47679.72,Air,Pacific,82.43
2024-01-25,0,0.83,95687.96,Air,Pacific,82.43
2024-01-25,0,0.64,4775.68,Sea,Pacific,82.43
2024-01-25,0,0.7,8106.45,Sea,Commodity,82.43
2024-01-25,0,0.26,159.39,Sea,Pacific,82.43
2024-01-25,0,0.27,55768.24,Air,Suez,82.43
2024-01-25,0,0.58,2372.37,Sea,Pacific,82.43
2024-01-25,0,0.75,15611.75,Air,Commodity,82.43
2024-10-03,9,0.21,9044.52,Sea,Suez,77.62
2024-10-03,0,0.72,5620.96,Sea,Suez,77.62
2024-10-03,16,0.8,5096.16,Sea,Suez,77.62
2024-10-03,0,0.9,4700.6,Sea,Suez,77.62
2024-10-03,0,0.44,5778.72,Sea,Suez,77.62
2024-10-03,18,0.7,69160.08,Air,Suez,77.62
2024-10-03,0,0.55,1997.17,Sea,Suez,77.62
2024-10-03,0,0.41,930.6,Sea,Pacific,77.62
2024-10-03,0,0.87,6456.18,Sea,Suez,77.62
2024-10-03,1,0.48,6893.1,Sea,Atlantic,77.62
2024-10-03,0,0.14,4644.36,Sea,Pacific,77.62
2024-10-03,0,0.54,1335.95,Sea,Intra-Asia,77.62
2024-10-03,0,0.24,2545.1,Sea,Atlantic,77.62
2024-10-03,11,0.7,6570.16,Sea,Suez,77.62
2024-10-03,0,0.45,4580.55,Sea,Commodity,77.62
2025-06-20,0,0.6,4792.0,Sea,Atlantic,77.01
2025-06-20,0,0.89,95.45,Sea,Pacific,77.01
2025-06-20,0,0.17,3829.41,Sea,Pacific,77.01
2025-06-20,0,0.2,463.8,Sea,Pacific,77.01
2025-06-20,0,0.76,1083.28,Sea,Atlantic,77.01
2025-06-20,0,0.32,4299.9,Sea,Commodity,77.01
2025-06-20,0,0.26,7144.83,Air,Atlantic,77.01
2025-06-20,0,0.18,22877.25,Air,Atlantic,77.01
2025-06-20,0,0.56,4432.74,Sea,Suez,77.01
2025-09-10,0,0.89,5751.27,Sea,Suez,67.49
2025-09-10,0,0.56,3579.42,Sea,Atlantic,67.49
2025-09-10,0,0.59,4561.71,Sea,Atlantic,67.49
2025-09-10,1,0.37,107012.07,Air,Intra-Asia,67.49
2025-09-10,0,0.67,4557.43,Sea,Intra-Asia,67.49
2025-09-10,0,0.53,39348.54,Air,Suez,67.49
2025-09-10,0,0.51,807.1,Sea,Intra-Asia,67.49
2025-09-10,0,0.51,7090.96,Sea,Atlantic,67.49
2025-09-10,0,0.24,1596.5,Sea,Pacific,67.49
2025-09-10,0,0.58,5192.67,Sea,Pacific,67.49
2025-09-10,16,0.35,9877.68,Sea,Suez,67.49
2025-09-10,0,0.69,2727.66,Sea,Suez,67.49
2025-09-10,0,0.37,557.59,Sea,Pacific,67.49
2025-09-10,0,0.63,3928.3,Sea,Commodity,67.49
2025-09-10,0,0.12,4687.76,Sea,Intra-Asia,67.49
2025-09-10,0,0.32,392.7,Sea,Intra-Asia,67.49
2025-09-10,0,0.19,5460.91,Sea,Atlantic,67.49
2025-02-25,0,0.33,2406.64,Sea,Pacific,73.02
2025-02-25,0,0.68,961.8,Sea,Atlantic,73.02
2025-02-25,0,0.86,9143.76,Sea,Pacific,73.02
2025-02-25,0,0.62,72153.18,Air,Commodity,73.02
2025-02-25,0,0.25,4477.5,Sea,Commodity,73.02
2025-02-25,0,0.65,1205.33,Sea,Commodity,73.02
2025-02-25,0,0.65,27433.72,Air,Atlantic,73.02
2025-02-25,0,0.57,521.24,Sea,Suez,73.02
2025-02-25,0,0.83,1356.03,Sea,Atlantic,73.02
2025-02-25,0,0.25,60857.5,Air,Suez,73.02
2025-02-25,0,0.25,50943.75,Air,Atlantic,73.02
2025-02-25,0,0.62,455.22,Sea,Atlantic,73.02
2025-02-25,11,0.69,12930.53,Sea,Suez,73.02
2025-02-25,0,0.8,1272.6,Sea,Commodity,73.02
2025-02-25,0,0.66,6825.92,Sea,Suez,73.02
2025-02-25,0,0.9,4807.0,Sea,Intra-Asia,73.02
2025-02-25,0,0.5,1887.0,Sea,Commodity,73.02
2025-02-25,0,0.54,68513.83,Air,Intra-Asia,73.02
2025-02-25,0,0.77,8507.5,Sea,Intra-Asia,73.02
2024-06-20,0,0.49,595.25,Sea,Suez,85.71
2024-06-20,18,0.89,14258.16,Sea,Suez,85.71
2024-06-20,0,0.83,79010.25,Air,Atlantic,85.71
2024-06-20,1,0.49,59815.31,Air,Intra-Asia,85.71
2024-06-20,0,0.14,3390.36,Sea,Suez,85.71
2024-06-20,0,0.82,1043.77,Sea,Suez,85.71
2024-06-20,0,0.19,2833.98,Sea,Suez,85.71
2024-06-20,0,0.65,1081.58,Sea,Suez,85.71
2024-06-20,17,0.26,642.1,Sea,Suez,85.71
2024-06-20,0,0.19,2416.89,Sea,Commodity,85.71
2024-06-20,0,0.62,62886.78,Air,Atlantic,85.71
2024-06-20,0,0.19,3845.48,Sea,Atlantic,85.71
2024-06-20,0,0.74,374.1,Sea,Commodity,85.71
2024-06-20,0,0.87,1992.49,Sea,Intra-Asia,85.71
2024-06-20,0,0.27,1047.12,Sea,Intra-Asia,85.71
2024-06-20,0,0.35,5898.83,Sea,Suez,85.71
2024-08-08,0,0.29,710.14,Sea,Suez,79.16
2024-08-08,0,0.83,4680.23,Sea,Pacific,79.16
2024-08-08,8,0.17,8496.65,Sea,Pacific,79.16
2024-08-08,0,0.34,4691.34,Sea,Intra-Asia,79.16
2024-08-08,0,0.45,2312.75,Sea,Suez,79.16
2024-08-08,4,0.41,3140.35,Sea,Intra-Asia,79.16
2024-08-08,0,0.78,96323.81,Air,Pacific,79.16
2024-08-08,0,0.23,1454.47,Sea,Intra-Asia,79.16
2024-08-08,0,0.84,2609.12,Sea,Suez,79.16
2024-08-08,0,0.81,1457.96,Sea,Intra-Asia,79.16
2025-03-10,0,0.64,2102.48,Sea,Suez,69.28
2025-03-10,0,0.72,2014.98,Sea,Intra-Asia,69.28
2025-03-10,0,0.14,301.53,Sea,Suez,69.28
2025-03-10,0,0.77,4161.27,Sea,Suez,69.28
2025-03-10,0,0.44,2419.92,Sea,Intra-Asia,69.28
2025-03-10,12,0.48,1611.42,Sea,Suez,69.28
2025-03-10,0,0.87,1774.63,Sea,Atlantic,69.28
2025-03-10,0,0.61,4457.28,Sea,Suez,69.28
2025-03-10,0,0.38,2686.86,Sea,Atlantic,69.28
2025-03-10,6,0.88,1214.95,Sea,Atlantic,69.28
2025-03-10,0,0.62,53433.27,Air,Pacific,69.28
2025-03-10,1,0.86,32813.75,Air,Intra-Asia,69.28
2025-03-10,0,0.18,53724.22,Air,Intra-Asia,69.28
2025-03-10,0,0.88,6864.82,Sea,Commodity,69.28
2025-03-20,1,0.4,5888.19,Sea,Atlantic,72.0
2025-03-20,0,0.54,4663.12,Sea,Commodity,72.0
2025-03-20,0,0.18,893.26,Sea,Intra-Asia,72.0
2025-03-20,0,0.11,23980.44,Air,Pacific,72.0
2025-03-20,0,0.85,225.7,Sea,Pacific,72.0
2025-03-20,18,0.65,18530.81,Sea,Suez,72.0
2025-03-20,7,0.42,6090.24,Sea,Pacific,72.0
2025-03-20,0,0.16,1536.42,Sea,Commodity,72.0
2025-03-20,0,0.83,2066.07,Sea,Commodity,72.0
2025-03-20,8,0.69,7002.67,Sea,Suez,72.0
2025-03-21,0,0.69,7619.36,Sea,Intra-Asia,72.16
2025-03-21,0,0.42,4429.69,Sea,Pacific,72.16
2025-03-21,0,0.66,6025.8,Sea,Commodity,72.16
2025-03-21,0,0.14,5212.25,Sea,Intra-Asia,72.16
2025-03-21,0,0.38,4657.5,Sea,Suez,72.16
2025-03-21,0,0.83,2187.76,Sea,Intra-Asia,72.16
2025-03-21,0,0.8,2361.6,Sea,Commodity,72.16
2025-03-21,0,0.84,6418.84,Sea,Suez,72.16
2025-03-21,5,0.25,5548.82,Sea,Intra-Asia,72.16
2025-03-21,10,0.35,6356.88,Sea,Suez,72.16
2024-04-16,0,0.84,33517.44,Air,Suez,90.02
2024-04-16,0,0.6,5705.6,Sea,Commodity,90.02
2024-04-16,0,0.65,7377.97,Sea,Suez,90.02
2024-04-16,0,0.43,4162.01,Sea,Suez,90.02
2024-04-16,0,0.33,50948.98,Air,Pacific,90.02
2024-04-16,0,0.32,4710.42,Sea,Atlantic,90.02
2024-04-16,0,0.51,60194.64,Air,Atlantic,90.02
2024-04-16,0,0.59,6661.3,Sea,Commodity,90.02
2024-04-16,0,0.77,4453.32,Sea,Intra-Asia,90.02
2024-04-16,0,0.45,2086.55,Sea,Suez,90.02
2024-04-16,0,0.52,4506.04,Sea,Suez,90.02
2024-04-16,0,0.42,3576.27,Sea,Suez,90.02
2024-04-16,7,0.51,21426.91,Air,Suez,90.02
2024-04-16,17,0.68,105446.88,Air,Suez,90.02
2024-04-16,0,0.83,3894.24,Sea,Suez,90.02
2024-04-16,0,0.61,1885.31,Sea,Commodity,90.02
2024-03-22,0,0.18,36863.2,Air,Atlantic,85.43
2024-03-22,0,0.78,4444.66,Sea,Pacific,85.43
2024-03-22,10,0.8,149.76,Sea,Suez,85.43
2024-03-22,0,0.75,7523.25,Sea,Suez,85.43
2024-03-22,0,0.44,1373.33,Sea,Pacific,85.43
2024-03-22,0,0.2,2287.2,Sea,Pacific,85.43
2024-03-22,0,0.55,41729.88,Air,Suez,85.43
2024-03-22,0,0.24,2423.58,Sea,Suez,85.43
2024-03-22,0,0.39,55762.63,Air,Atlantic,85.43
2024-03-22,0,0.88,6032.92,Sea,Pacific,85.43
2024-03-22,0,0.63,32103.66,Air,Suez,85.43
2024-03-22,0,0.68,2908.08,Sea,Suez,85.43
2024-03-22,0,0.76,5478.0,Sea,Suez,85.43
2024-03-22,0,0.2,3876.6,Sea,Suez,85.43
2024-03-22,0,0.52,4499.2,Sea,Suez,85.43
2024-03-22,0,0.73,3256.72,Sea,Suez,85.43
2024-03-22,0,0.19,4157.86,Sea,Pacific,85.43
2024-03-22,0,0.48,1885.52,Sea,Suez,85.43
2024-03-18,0,0.56,7502.04,Sea,Suez,86.89
2024-03-18,0,0.5,943.5,Sea,Suez,86.89
2024-03-18,3,0.67,10869.06,Sea,Commodity,86.89
2024-03-18,13,0.2,150717.6,Air,Suez,86.89
2024-03-18,0,0.82,5013.19,Sea,Atlantic,86.89
2024-03-18,0,0.27,6000.11,Sea,Intra-Asia,86.89
2024-03-18,0,0.88,6878.92,Sea,Commodity,86.89
2024-03-18,0,0.26,53326.35,Air,Atlantic,86.89
2024-03-18,0,0.43,4809.8,Sea,Commodity,86.89
2024-03-18,0,0.61,1767.78,Sea,Intra-Asia,86.89
2024-03-18,0,0.76,49513.2,Air,Commodity,86.89
2024-03-18,0,0.8,4796.1,Sea,Suez,86.89
2024-03-18,0,0.79,6705.34,Sea,Commodity,86.89
2024-03-18,0,0.28,4519.04,Sea,Atlantic,86.89
2024-03-18,0,0.7,6430.25,Sea,Atlantic,86.89
2024-03-18,0,0.62,1013.31,Sea,Commodity,86.89
2024-03-18,11,0.5,10207.2,Sea,Suez,86.89
2024-03-18,0,0.17,4375.22,Sea,Commodity,86.89
2024-05-16,15,0.79,7729.94,Sea,Suez,83.27
2024-05-16,0,0.3,4499.95,Sea,Suez,83.27
2024-05-16,0,0.63,4309.72,Sea,Pacific,83.27
2024-05-16,0,0.22,1177.3,Sea,Suez,83.27
2024-05-16,6,0.27,2022.86,Sea,Commodity,83.27
2024-05-16,0,0.25,3524.38,Sea,Commodity,83.27
2024-05-16,0,0.8,16354.8,Air,Commodity,83.27
2024-05-16,0,0.25,22831.88,Air,Commodity,83.27
2024-05-16,0,0.3,699.4,Sea,Pacific,83.27
2024-05-16,0,0.57,6739.22,Sea,Pacific,83.27
2024-05-16,0,0.5,304.5,Sea,Intra-Asia,83.27
2024-05-16,0,0.5,1687.5,Sea,Intra-Asia,83.27
2025-06-18,0,0.68,4210.08,Sea,Suez,76.7
2025-06-18,4,0.49,6010.21,Sea,Commodity,76.7
2025-06-18,0,0.88,3733.68,Sea,Atlantic,76.7
2025-06-18,0,0.45,4779.93,Sea,Commodity,76.7
2025-06-18,0,0.72,884.08,Sea,Pacific,76.7
2025-06-18,0,0.3,4528.55,Sea,Suez,76.7
2025-06-18,0,0.87,3575.44,Sea,Suez,76.7
2025-06-18,0,0.14,3681.63,Sea,Commodity,76.7
2025-06-18,0,0.51,3059.26,Sea,Pacific,76.7
2025-06-18,18,0.8,199940.4,Air,Suez,76.7
2025-08-15,0,0.7,5665.25,Sea,Intra-Asia,65.85
2025-08-15,5,0.78,2991.47,Sea,Intra-Asia,65.85
2025-08-15,0,0.86,8927.07,Sea,Commodity,65.85
2025-08-15,0,0.72,7666.04,Sea,Atlantic,65.85
2025-08-15,0,0.6,5922.4,Sea,Suez,65.85
2025-08-15,0,0.44,5761.44,Sea,Suez,65.85
2025-08-15,0,0.57,3519.94,Sea,Suez,65.85
2025-08-15,0,0.39,131.36,Sea,Suez,65.85
2025-08-15,0,0.68,2716.56,Sea,Atlantic,65.85
2025-08-15,0,0.4,5513.2,Sea,Commodity,65.85
2025-08-15,0,0.34,852.91,Sea,Intra-Asia,65.85
2025-08-15,0,0.65,7222.88,Sea,Suez,65.85
2025-05-07,0,0.36,611.32,Sea,Suez,61.12
2025-05-07,0,0.44,138.24,Sea,Suez,61.12
2025-05-07,0,0.68,3367.56,Sea,Intra-Asia,61.12
2025-05-07,0,0.11,51868.08,Air,Atlantic,61.12
2025-05-07,0,0.61,590.87,Sea,Suez,61.12
2025-05-07,0,0.34,1694.43,Sea,Commodity,61.12
2025-05-07,0,0.41,5143.68,Sea,Suez,61.12
2025-05-07,0,0.84,63250.0,Air,Atlantic,61.12
2025-05-07,0,0.43,27315.15,Air,Intra-Asia,61.12
2025-05-07,0,0.65,78553.2,Air,Suez,61.12
2025-05-07,0,0.87,5504.35,Sea,Suez,61.12
2025-05-07,0,0.33,5085.92,Sea,Commodity,61.12
2024-08-05,0,0.17,1848.6,Sea,Pacific,76.3
2024-08-05,0,0.39,66977.85,Air,Commodity,76.3
2024-08-05,0,0.23,3537.48,Sea,Intra-Asia,76.3
2024-08-05,0,0.12,3236.24,Sea,Commodity,76.3
2024-08-05,0,0.79,6401.94,Sea,Pacific,76.3
2024-08-05,0,0.73,6640.6,Sea,Pacific,76.3
2024-08-05,0,0.59,657.46,Sea,Atlantic,76.3
2024-08-05,16,0.73,8656.91,Sea,Suez,76.3
2024-08-05,0,0.56,5403.06,Sea,Pacific,76.3
2024-08-05,0,0.18,5029.75,Sea,Atlantic,76.3
2024-08-05,0,0.38,636.87,Sea,Pacific,76.3
2024-08-05,0,0.35,162.68,Sea,Commodity,76.3
2024-08-05,16,0.44,5347.58,Sea,Suez,76.3
2024-08-05,7,0.11,4579.42,Sea,Suez,76.3
2024-08-05,0,0.8,16453.8,Air,Suez,76.3
2025-10-15,0,0.49,6582.82,Sea,Pacific,61.91
2025-10-15,0,0.6,1008.0,Sea,Pacific,61.91
2025-10-15,0,0.41,1026.48,Sea,Pacific,61.91
2025-10-15,0,0.57,699.43,Sea,Intra-Asia,61.91
2025-10-15,0,0.6,2544.8,Sea,Atlantic,61.91
2025-10-15,0,0.6,4145.6,Sea,Suez,61.91
2025-10-15,0,0.71,22807.12,Air,Commodity,61.91
2025-10-15,0,0.6,5644.8,Sea,Suez,61.91
2025-10-15,0,0.43,4117.68,Sea,Intra-Asia,61.91
2025-10-15,0,0.61,4991.0,Sea,Atlantic,61.91
2025-10-15,0,0.33,5714.35,Sea,Intra-Asia,61.91
2025-10-15,0,0.84,55649.88,Air,Suez,61.91
2025-10-15,0,0.56,4006.86,Sea,Pacific,61.91
2025-10-15,0,0.61,7686.14,Sea,Pacific,61.91
2025-10-15,0,0.57,4778.29,Sea,Atlantic,61.91
2024-05-08,0,0.58,13017.62,Air,Commodity,83.58
2024-05-08,0,0.51,5127.2,Sea,Pacific,83.58
2024-05-08,0,0.44,6273.36,Sea,Intra-Asia,83.58
2024-05-08,0,0.31,2111.07,Air,Commodity,83.58
2024-05-08,16,0.38,8123.23,Sea,Suez,83.58
2024-05-08,0,0.33,6374.69,Sea,Suez,83.58
2024-05-08,0,0.85,8580.3,Sea,Atlantic,83.58
2024-05-08,0,0.18,5724.18,Sea,Commodity,83.58
2024-05-08,0,0.61,1573.77,Sea,Suez,83.58
2024-05-08,6,0.53,6684.88,Sea,Atlantic,83.58
2024-02-21,0,0.52,5825.4,Sea,Suez,83.03
2024-02-21,0,0.89,6480.81,Sea,Intra-Asia,83.03
2024-02-21,0,0.73,1029.35,Sea,Suez,83.03
2024-02-21,14,0.44,104582.02,Air,Suez,83.03
2024-02-21,1,0.75,4630.58,Sea,Pacific,83.03
2024-02-21,0,0.56,3337.62,Air,Atlantic,83.03
2024-02-21,0,0.6,7470.4,Sea,Suez,83.03
2024-02-21,9,0.61,1237.76,Sea,Suez,83.03
2024-02-21,0,0.57,7203.16,Sea,Intra-Asia,83.03
2024-02-21,0,0.36,23285.24,Air,Pacific,83.03
2025-12-01,0,0.27,392.43,Sea,Suez,63.17
2025-12-01,0,0.2,3550.2,Sea,Pacific,63.17
2025-12-01,0,0.53,2050.2,Sea,Commodity,63.17
2025-12-01,0,0.33,3740.62,Sea,Suez,63.17
2025-12-01,9,0.37,12068.62,Sea,Suez,63.17
2025-12-01,4,0.26,5373.52,Sea,Pacific,63.17
2025-12-01,0,0.76,5474.48,Sea,Atlantic,63.17
2025-12-01,0,0.59,671.77,Sea,Pacific,63.17
2025-12-01,0,0.75,1964.38,Sea,Commodity,63.17
2025-12-01,0,0.57,5213.18,Sea,Suez,63.17
2025-12-01,0,0.22,462.99,Sea,Intra-Asia,63.17
2025-12-01,0,0.41,4963.9,Sea,Atlantic,63.17
2025-12-01,0,0.84,76669.12,Air,Suez,63.17
2025-12-01,0,0.62,7391.25,Sea,Suez,63.17
2024-04-08,0,0.39,2647.26,Sea,Pacific,90.38
2024-04-08,0,0.3,5788.25,Sea,Suez,90.38
2024-04-08,0,0.66,5770.16,Sea,Intra-Asia,90.38
2024-04-08,0,0.41,4225.77,Sea,Commodity,90.38
2024-04-08,0,0.83,1481.38,Sea,Commodity,90.38
2024-04-08,0,0.39,5275.75,Sea,Suez,90.38
2024-04-08,0,0.41,394.09,Sea,Suez,90.38
2024-04-08,0,0.46,5039.92,Sea,Suez,90.38
2024-04-08,0,0.77,39056.82,Air,Commodity,90.38
2024-04-08,0,0.34,3898.06,Sea,Intra-Asia,90.38
2024-04-08,0,0.54,2555.63,Sea,Commodity,90.38
2024-04-08,0,0.38,67459.92,Air,Suez,90.38
2024-04-08,0,0.11,446.22,Sea,Suez,90.38
2024-04-08,0,0.28,1089.92,Sea,Suez,90.38
2024-04-08,0,0.1,4523.2,Sea,Commodity,90.38
2024-04-08,0,0.86,3607.47,Sea,Atlantic,90.38
2024-04-08,0,0.18,5286.4,Sea,Suez,90.38
2024-04-08,1,0.82,108645.54,Air,Pacific,90.38
2025-03-14,0,0.59,2475.63,Sea,Suez,70.58
2025-03-14,0,0.55,6200.0,Sea,Suez,70.58
2025-03-14,0,0.11,2685.09,Sea,Pacific,70.58
2025-03-14,0,0.36,33218.68,Air,Suez,70.58
2025-03-14,0,0.79,8827.39,Sea,Atlantic,70.58
2025-03-14,0,0.8,21611.7,Air,Suez,70.58
2025-03-14,0,0.58,7299.6,Air,Suez,70.58
2025-12-31,3,0.51,3609.35,Sea,Pacific,60.85
2025-12-31,0,0.48,3182.74,Sea,Intra-Asia,60.85
2025-12-31,0,0.24,4785.16,Sea,Intra-Asia,60.85
2025-12-31,0,0.46,41587.37,Air,Atlantic,60.85
2025-12-31,0,0.65,1569.97,Sea,Suez,60.85
2025-12-31,0,0.65,1474.27,Sea,Intra-Asia,60.85
2025-12-31,0,0.71,7852.32,Sea,Pacific,60.85
2025-12-31,0,0.86,6371.43,Sea,Suez,60.85
2025-12-31,0,0.85,67877.43,Air,Commodity,60.85
2025-12-31,4,0.76,4926.15,Sea,Pacific,60.85
2024-10-02,0,0.35,3057.08,Sea,Commodity,73.9
2024-10-02,0,0.23,31612.85,Air,Suez,73.9
2024-10-02,0,0.78,530.44,Sea,Pacific,73.9
2024-10-02,0,0.77,696.5,Sea,Atlantic,73.9
2024-10-02,0,0.78,810.79,Sea,Suez,73.9
2024-10-02,0,0.59,5399.64,Sea,Pacific,73.9
2024-10-02,0,0.31,33272.69,Air,Intra-Asia,73.9
2024-10-02,0,0.69,5587.14,Sea,Suez,73.9
2024-10-02,0,0.76,1833.04,Sea,Pacific,73.9
2024-10-02,0,0.59,2527.3,Air,Commodity,73.9
2024-10-02,0,0.47,567.42,Sea,Suez,73.9
2024-10-02,0,0.28,918.4,Sea,Suez,73.9
2024-10-02,0,0.7,2006.0,Sea,Suez,73.9
2024-10-02,0,0.24,1567.98,Sea,Intra-Asia,73.9
2024-10-02,1,0.71,60474.61,Air,Pacific,73.9
2024-02-02,0,0.58,3141.83,Sea,Intra-Asia,77.33
2024-02-02,0,0.26,152.46,Sea,Suez,77.33
2024-02-02,0,0.72,627.8,Sea,Commodity,77.33
2024-02-02,0,0.32,2878.92,Sea,Suez,77.33
2024-02-02,0,0.88,4122.84,Sea,Commodity,77.33
2024-02-02,0,0.24,25131.7,Air,Suez,77.33
2024-02-02,0,0.47,1130.43,Sea,Suez,77.33
2024-02-02,0,0.22,4257.8,Sea,Atlantic,77.33
2024-02-02,3,0.17,6304.36,Sea,Pacific,77.33
2024-02-02,0,0.12,709.52,Sea,Suez,77.33
2024-02-02,0,0.64,4202.5,Sea,Pacific,77.33
2024-02-02,0,0.69,2660.9,Sea,Suez,77.33
2024-02-02,0,0.67,404.97,Sea,Suez,77.33
2024-02-02,0,0.11,3555.33,Sea,Suez,77.33
2025-12-22,0,0.16,3004.98,Sea,Intra-Asia,62.07
2025-12-22,0,0.16,574.78,Sea,Atlantic,62.07
2025-12-22,0,0.61,3269.91,Sea,Commodity,62.07
2025-12-22,0,0.44,5979.6,Sea,Pacific,62.07
2025-12-22,0,0.82,70049.98,Air,Pacific,62.07
2025-12-22,0,0.47,61268.13,Air,Suez,62.07
2025-12-22,0,0.44,68927.76,Air,Intra-Asia,62.07
2025-12-22,0,0.56,636.48,Sea,Pacific,62.07
2025-12-22,0,0.74,3640.95,Sea,Atlantic,62.07
2025-12-22,0,0.67,194.55,Sea,Suez,62.07
2025-12-22,0,0.64,2724.04,Sea,Intra-Asia,62.07
2025-12-22,0,0.5,2755.5,Sea,Intra-Asia,62.07
2025-12-22,0,0.43,4495.2,Sea,Suez,62.07
2025-12-22,0,0.36,3791.0,Sea,Intra-Asia,62.07
2025-12-22,0,0.52,7171.36,Sea,Commodity,62.07
2024-11-12,0,0.31,46551.51,Air,Suez,71.89
2024-11-12,15,0.45,9079.31,Sea,Suez,71.89
2024-11-12,7,0.21,3311.52,Sea,Suez,71.89
2024-11-12,0,0.66,4555.87,Sea,Commodity,71.89
2024-11-12,0,0.19,844.3,Sea,Pacific,71.89
2024-11-12,12,0.18,7029.02,Sea,Suez,71.89
2024-11-12,0,0.79,1118.75,Sea,Intra-Asia,71.89
2024-11-12,0,0.48,5931.84,Sea,Suez,71.89
2024-11-12,0,0.86,4396.11,Sea,Suez,71.89
2024-11-12,4,0.32,5472.59,Sea,Pacific,71.89
2024-11-12,0,0.43,3999.71,Sea,Commodity,71.89
2024-11-12,0,0.32,4670.82,Sea,Suez,71.89
2024-11-12,0,0.53,706.1,Sea,Atlantic,71.89
2024-11-12,0,0.49,6058.34,Sea,Commodity,71.89
2024-11-12,0,0.8,8202.6,Sea,Suez,71.89
2024-11-12,0,0.12,23703.68,Air,Suez,71.89
2024-11-12,0,0.38,6007.83,Sea,Intra-Asia,71.89
2024-11-12,0,0.89,1360.8,Sea,Commodity,71.89
2025-04-09,0,0.2,5725.8,Sea,Atlantic,65.48
2025-04-09,0,0.49,5314.09,Sea,Suez,65.48
2025-04-09,0,0.56,68296.8,Air,Intra-Asia,65.48
2025-04-09,0,0.6,5045.6,Sea,Commodity,65.48
2025-04-09,0,0.8,58093.2,Air,Atlantic,65.48
2025-04-09,0,0.34,6202.86,Sea,Atlantic,65.48
2025-04-09,0,0.39,3649.45,Sea,Atlantic,65.48
2025-04-09,0,0.59,5512.53,Sea,Intra-Asia,65.48
2025-04-09,0,0.21,5344.57,Sea,Intra-Asia,65.48
2025-04-09,0,0.15,5731.6,Sea,Pacific,65.48
2025-04-09,0,0.47,51121.46,Air,Suez,65.48
2025-04-09,0,0.39,1002.19,Sea,Atlantic,65.48
2025-04-09,0,0.28,3868.8,Sea,Suez,65.48
2025-04-09,0,0.78,2905.85,Sea,Suez,65.48
2025-04-09,0,0.16,4236.32,Sea,Suez,65.48
2025-04-09,0,0.26,5143.32,Sea,Pacific,65.48
2025-04-09,0,0.24,4476.4,Sea,Suez,65.48
2025-04-09,0,0.87,8540.29,Sea,Pacific,65.48
2025-04-09,2,0.19,619.16,Sea,Intra-Asia,65.48
2025-06-12,0,0.46,3567.51,Sea,Intra-Asia,69.36
2025-06-12,0,0.33,2516.36,Sea,Suez,69.36
2025-06-12,0,0.53,4103.46,Sea,Commodity,69.36
2025-06-12,0,0.23,1858.53,Sea,Suez,69.36
2025-06-12,0,0.27,1782.44,Sea,Pacific,69.36
2025-06-12,0,0.14,1565.22,Sea,Commodity,69.36
2025-06-12,0,0.22,2953.01,Sea,Commodity,69.36
2025-06-12,0,0.13,1826.08,Sea,Suez,69.36
2025-06-12,0,0.21,1090.21,Sea,Pacific,69.36
2025-06-12,0,0.22,48842.09,Air,Suez,69.36
2025-06-12,0,0.59,2582.16,Sea,Atlantic,69.36
2025-06-12,0,0.65,642.67,Sea,Pacific,69.36
2025-06-12,0,0.59,3997.26,Sea,Commodity,69.36
2025-06-16,0,0.48,777.0,Sea,Commodity,73.23
2025-06-16,0,0.75,349.12,Sea,Suez,73.23
2025-06-16,0,0.66,4976.68,Sea,Atlantic,73.23
2025-06-16,0,0.14,724.47,Sea,Suez,73.23
2025-06-16,0,0.84,4110.56,Sea,Suez,73.23
2025-06-16,0,0.74,7310.61,Sea,Suez,73.23
2025-06-16,0,0.82,2324.14,Sea,Pacific,73.23
2025-06-16,0,0.62,4391.82,Sea,Atlantic,73.23
2025-06-16,0,0.83,2253.64,Sea,Atlantic,73.23
2025-06-16,9,0.19,7001.95,Sea,Suez,73.23
2025-06-16,0,0.88,2477.84,Sea,Suez,73.23
2025-06-16,0,0.57,591.89,Sea,Atlantic,73.23
2025-06-16,0,0.63,7458.88,Air,Pacific,73.23
2025-06-16,5,0.44,2472.62,Sea,Commodity,73.23
2025-06-16,0,0.8,57855.6,Air,Suez,73.23
2025-07-28,1,0.84,5423.4,Sea,Pacific,70.04
2025-07-28,0,0.55,3811.45,Sea,Suez,70.04
2025-07-28,0,0.55,3228.65,Sea,Atlantic,70.04
2025-07-28,0,0.61,5403.96,Sea,Commodity,70.04
2025-07-28,4,0.22,458.29,Sea,Commodity,70.04
2025-07-28,0,0.18,911.55,Sea,Suez,70.04
2025-07-28,3,0.31,75335.83,Air,Commodity,70.04
2025-07-28,0,0.37,6087.6,Sea,Atlantic,70.04
2025-07-28,0,0.87,5163.07,Sea,Commodity,70.04
2025-07-28,6,0.86,10315.19,Sea,Intra-Asia,70.04
2025-07-28,0,0.46,4699.74,Sea,Suez,70.04
2025-07-28,8,0.76,8468.06,Sea,Intra-Asia,70.04
2025-07-28,0,0.87,7628.67,Sea,Commodity,70.04
2025-07-28,0,0.79,8939.26,Sea,Intra-Asia,70.04
2025-07-28,0,0.86,1127.16,Sea,Pacific,70.04
2025-07-28,0,0.14,2745.12,Sea,Suez,70.04
2025-07-28,0,0.45,6687.4,Sea,Pacific,70.04
2024-01-22,0,0.74,5977.77,Sea,Suez,80.06
2024-01-22,0,0.75,6544.12,Sea,Suez,80.06
2024-01-22,0,0.56,731.64,Sea,Pacific,80.06
2024-01-22,0,0.13,4380.44,Sea,Suez,80.06
2024-01-22,13,0.83,972.1,Sea,Suez,80.06
2024-01-22,0,0.74,4476.15,Sea,Commodity,80.06
2024-01-22,0,0.75,3802.75,Sea,Pacific,80.06
2024-01-22,0,0.63,2896.51,Sea,Suez,80.06
2024-01-22,0,0.23,2785.34,Sea,Pacific,80.06
2024-01-22,0,0.55,5326.57,Sea,Suez,80.06
2024-01-22,0,0.41,420.18,Sea,Intra-Asia,80.06
2024-08-09,0,0.52,525.16,Sea,Suez,79.66
2024-08-09,0,0.71,5647.27,Sea,Suez,79.66
2024-08-09,0,0.5,3148.5,Sea,Suez,79.66
2024-08-09,0,0.26,2416.05,Sea,Pacific,79.66
2024-08-09,0,0.39,5938.08,Sea,Pacific,79.66
2024-08-09,0,0.12,2465.68,Sea,Commodity,79.66
2024-08-09,0,0.25,5834.38,Sea,Intra-Asia,79.66
2024-08-09,0,0.67,3231.45,Sea,Atlantic,79.66
2025-06-27,0,0.86,7267.02,Sea,Suez,67.77
2025-06-27,0,0.77,5502.05,Sea,Commodity,67.77
2025-06-27,4,0.59,2143.4,Sea,Pacific,67.77
2025-06-27,0,0.65,4082.1,Sea,Commodity,67.77
2025-06-27,0,0.19,685.44,Sea,Atlantic,67.77
2025-06-27,0,0.69,3324.23,Sea,Pacific,67.77
2025-06-27,0,0.33,79.14,Sea,Intra-Asia,67.77
2025-06-27,0,0.64,4399.3,Sea,Suez,67.77
2025-06-27,0,0.21,32057.13,Air,Commodity,67.77
2025-06-27,11,0.89,9176.32,Sea,Suez,67.77
2025-06-27,0,0.23,1825.93,Sea,Pacific,67.77
2025-06-27,0,0.46,6288.22,Sea,Suez,67.77
2025-06-27,0,0.82,7005.18,Sea,Suez,67.77
2025-06-27,0,0.22,1845.25,Sea,Commodity,67.77
2025-06-27,0,0.7,8318.1,Sea,Atlantic,67.77
2025-06-27,0,0.55,3405.35,Sea,Suez,67.77
2025-06-27,1,0.48,5276.2,Sea,Pacific,67.77
2024-08-15,0,0.87,8332.72,Sea,Suez,81.04
2024-08-15,0,0.62,7477.92,Sea,Pacific,81.04
2024-08-15,0,0.62,51152.31,Air,Suez,81.04
2024-08-15,0,0.23,1889.28,Sea,Suez,81.04
2024-08-15,5,0.28,19991.14,Air,Commodity,81.04
2024-08-15,0,0.78,2888.05,Sea,Suez,81.04
2024-08-15,0,0.79,4451.73,Sea,Intra-Asia,81.04
2024-08-15,0,0.26,4594.59,Sea,Pacific,81.04
2024-08-15,0,0.64,2143.48,Sea,Suez,81.04
2024-08-15,0,0.28,6249.6,Sea,Suez,81.04
2024-08-15,0,0.22,1828.17,Sea,Pacific,81.04
2024-08-15,1,0.14,108.07,Sea,Pacific,81.04
2024-08-15,0,0.15,806.15,Sea,Atlantic,81.04
2024-08-15,0,0.81,7993.86,Sea,Pacific,81.04
2025-07-21,0,0.22,2508.93,Sea,Suez,69.21
2025-07-21,0,0.73,5574.06,Sea,Suez,69.21
2025-07-21,16,0.35,104924.16,Air,Suez,69.21
2025-07-21,0,0.19,3051.16,Sea,Atlantic,69.21
2025-07-21,0,0.37,567.18,Sea,Suez,69.21
2025-07-21,0,0.23,35955.97,Air,Commodity,69.21
2025-07-21,0,0.71,2547.05,Sea,Atlantic,69.21
2025-07-21,0,0.85,7844.93,Sea,Intra-Asia,69.21
2025-07-21,7,0.12,4675.33,Sea,Suez,69.21
2025-07-21,4,0.86,3289.97,Sea,Intra-Asia,69.21
2025-07-21,13,0.3,3767.92,Sea,Suez,69.21
2025-07-21,0,0.44,329.76,Sea,Atlantic,69.21
2024-08-21,0,0.15,5325.07,Sea,Pacific,76.05
2024-08-21,0,0.58,2845.58,Sea,Suez,76.05
2024-08-21,8,0.45,725.58,Sea,Pacific,76.05
2024-08-21,4,0.57,10153.82,Sea,Pacific,76.05
2024-08-21,0,0.85,2600.18,Sea,Atlantic,76.05
2024-08-21,0,0.5,71857.5,Air,Suez,76.05
2024-08-21,0,0.58,3056.51,Sea,Intra-Asia,76.05
2024-08-21,0,0.37,39136.79,Air,Atlantic,76.05
2024-11-22,0,0.75,5642.0,Sea,Intra-Asia,75.17
2024-11-22,0,0.41,881.25,Sea,Intra-Asia,75.17
2024-11-22,0,0.34,791.94,Sea,Pacific,75.17
2024-11-22,0,0.29,5886.91,Sea,Pacific,75.17
2024-11-22,0,0.63,4474.35,Sea,Suez,75.17
2024-11-22,0,0.28,5046.4,Sea,Atlantic,75.17
2024-11-22,0,0.78,8704.2,Sea,Suez,75.17
2024-11-22,0,0.29,3374.64,Sea,Suez,75.17
2024-11-22,0,0.21,3109.7,Sea,Suez,75.17
2024-11-22,0,0.28,5088.0,Sea,Commodity,75.17
2024-11-22,0,0.66,302.95,Sea,Pacific,75.17
2024-11-22,0,0.6,7152.8,Sea,Suez,75.17
2024-11-22,3,0.37,4947.11,Sea,Intra-Asia,75.17
2024-11-22,0,0.24,2566.8,Sea,Suez,75.17
2024-11-22,0,0.46,3674.09,Sea,Commodity,75.17
2024-11-22,0,0.54,1624.7,Sea,Suez,75.17
2025-02-28,0,0.83,2564.74,Sea,Intra-Asia,73.18
2025-02-28,0,0.38,4240.05,Sea,Suez,73.18
2025-02-28,0,0.83,999.18,Sea,Pacific,73.18
2025-02-28,0,0.13,669.52,Sea,Intra-Asia,73.18
2025-02-28,0,0.23,3355.44,Sea,Pacific,73.18
2025-02-28,0,0.11,48717.9,Air,Atlantic,73.18
2025-02-28,0,0.81,3002.79,Sea,Intra-Asia,73.18
2024-09-26,0,0.28,5096.96,Sea,Suez,71.6
2024-09-26,14,0.61,9978.13,Sea,Suez,71.6
2024-09-26,0,0.78,1336.78,Sea,Suez,71.6
2024-09-26,0,0.61,787.29,Sea,Commodity,71.6
2024-09-26,0,0.58,5217.95,Sea,Commodity,71.6
2024-09-26,0,0.81,2538.53,Sea,Intra-Asia,71.6
2024-09-26,0,0.87,911.62,Sea,Atlantic,71.6
2024-09-26,4,0.58,5515.46,Sea,Intra-Asia,71.6
2024-09-26,0,0.45,1882.1,Sea,Suez,71.6
2024-09-26,0,0.2,10230.0,Air,Commodity,71.6
2024-09-26,0,0.84,31220.2,Air,Suez,71.6
2024-09-26,0,0.36,3756.32,Sea,Atlantic,71.6
2024-09-26,0,0.66,1606.05,Sea,Suez,71.6
2024-09-26,0,0.83,4699.44,Sea,Suez,71.6
2024-09-26,18,0.44,6251.9,Sea,Suez,71.6
2024-09-26,0,0.86,7229.82,Sea,Suez,71.6
2024-06-05,0,0.79,271.19,Sea,Suez,78.41
2024-06-05,0,0.2,1412.4,Sea,Atlantic,78.41
2024-06-05,0,0.51,19325.74,Air,Pacific,78.41
2024-06-05,17,0.74,5896.51,Sea,Suez,78.41
2024-06-05,0,0.2,1426.2,Sea,Intra-Asia,78.41
2024-06-05,0,0.73,67813.4,Air,Suez,78.41
2024-06-05,0,0.52,4315.28,Sea,Suez,78.41
2024-06-05,0,0.6,92405.28,Air,Atlantic,78.41
2024-06-05,0,0.15,3787.52,Sea,Pacific,78.41
2024-06-05,0,0.87,4346.82,Sea,Intra-Asia,78.41
2024-06-05,0,0.11,3427.68,Sea,Pacific,78.41
2024-06-05,0,0.14,36892.68,Air,Commodity,78.41
2024-02-16,0,0.17,1652.62,Sea,Suez,83.47
2024-02-16,0,0.51,6958.84,Sea,Atlantic,83.47
2024-02-16,0,0.21,5621.66,Sea,Pacific,83.47
2024-02-16,1,0.78,69881.02,Air,Intra-Asia,83.47
2024-02-16,0,0.36,61852.12,Air,Pacific,83.47
2024-02-16,0,0.16,797.5,Sea,Suez,83.47
2024-02-16,0,0.63,60092.39,Air,Suez,83.47
2024-02-16,0,0.37,639.11,Sea,Commodity,83.47
2024-02-16,0,0.6,6004.0,Sea,Pacific,83.47
2024-02-16,0,0.83,6024.36,Sea,Pacific,83.47
2024-02-16,0,0.18,1479.72,Sea,Suez,83.47
2024-02-16,0,0.11,21416.34,Air,Atlantic,83.47
2025-07-17,0,0.3,5102.5,Sea,Suez,69.52
2025-07-17,0,0.45,392.95,Sea,Suez,69.52
2025-07-17,0,0.2,1781.4,Sea,Pacific,69.52
2025-07-17,11,0.39,14611.68,Sea,Suez,69.52
2025-07-17,0,0.43,4124.84,Sea,Suez,69.52
2025-07-17,0,0.86,58311.0,Air,Commodity,69.52
2025-07-17,4,0.75,1857.63,Sea,Commodity,69.52
2025-07-17,0,0.64,26248.2,Air,Suez,69.52
2025-07-17,0,0.85,77859.1,Air,Intra-Asia,69.52
2025-07-17,0,0.85,7291.78,Sea,Intra-Asia,69.52
2025-07-17,0,0.55,1443.83,Sea,Atlantic,69.52
2025-07-17,0,0.14,445.17,Sea,Suez,69.52
2025-07-17,0,0.62,256.77,Sea,Pacific,69.52
2025-07-17,0,0.68,61510.68,Air,Commodity,69.52
2024-04-04,0,0.37,33010.83,Air,Commodity,90.65
2024-04-04,0,0.28,3813.12,Sea,Suez,90.65
2024-04-04,0,0.76,7904.16,Sea,Suez,90.65
2024-04-04,14,0.78,8219.33,Sea,Suez,90.65
2024-04-04,0,0.4,762.3,Sea,Intra-Asia,90.65
2024-04-04,0,0.46,22323.4,Air,Suez,90.65
2024-04-04,0,0.35,2739.83,Sea,Pacific,90.65
2024-04-04,0,0.41,61233.48,Air,Suez,90.65
2024-04-04,0,0.11,702.63,Sea,Pacific,90.65
2024-04-04,0,0.73,5374.24,Sea,Pacific,90.65
2024-04-04,0,0.84,7661.76,Sea,Suez,90.65
2024-04-04,0,0.13,3289.43,Sea,Suez,90.65
2024-04-04,0,0.71,6104.7,Sea,Pacific,90.65
2024-04-04,0,0.38,4364.25,Sea,Suez,90.65
2024-04-04,0,0.65,25709.47,Air,Atlantic,90.65
2024-02-01,0,0.49,1021.39,Sea,Pacific,78.7
2024-02-01,10,0.73,82369.46,Air,Suez,78.7
2024-02-01,0,0.42,7099.29,Sea,Intra-Asia,78.7
2024-02-01,0,0.44,6431.04,Sea,Intra-Asia,78.7
2024-02-01,0,0.15,4921.42,Sea,Suez,78.7
2024-02-01,0,0.82,3063.06,Sea,Pacific,78.7
2024-02-01,0,0.44,4128.48,Sea,Commodity,78.7
2024-02-01,0,0.26,5377.68,Sea,Suez,78.7
2024-02-01,0,0.64,4694.5,Sea,Suez,78.7
2024-02-01,0,0.29,3849.36,Sea,Pacific,78.7
2024-02-01,0,0.22,23498.42,Air,Intra-Asia,78.7
2024-02-01,0,0.6,3668.0,Sea,Suez,78.7
2024-02-01,0,0.32,15405.72,Air,Atlantic,78.7
2024-02-01,0,0.49,6520.24,Sea,Intra-Asia,78.7
2024-02-01,0,0.84,4165.76,Sea,Intra-Asia,78.7
2024-02-01,0,0.61,6534.99,Sea,Pacific,78.7
2024-02-01,0,0.8,4957.2,Sea,Commodity,78.7
2024-02-01,0,0.61,69573.74,Air,Atlantic,78.7
2024-02-01,0,0.18,2587.15,Sea,Pacific,78.7
2024-02-01,0,0.43,6337.05,Sea,Suez,78.7
2024-02-01,0,0.34,1220.07,Sea,Commodity,78.7
2024-02-01,0,0.4,812.7,Sea,Suez,78.7
2024-02-01,0,0.27,3588.39,Sea,Atlantic,78.7
2024-02-01,0,0.2,420.6,Sea,Suez,78.7
2024-02-01,0,0.12,32814.32,Air,Intra-Asia,78.7
2024-02-01,0,0.76,2482.48,Sea,Atlantic,78.7
2024-02-01,0,0.8,655.2,Sea,Suez,78.7
2024-02-01,0,0.65,5095.2,Sea,Suez,78.7
2024-02-01,0,0.24,1793.04,Sea,Suez,78.7
2024-04-10,0,0.21,2306.26,Sea,Pacific,90.48
2024-04-10,0,0.63,1644.67,Sea,Suez,90.48
2024-04-10,0,0.33,5896.56,Sea,Pacific,90.48
2024-04-10,0,0.39,3397.86,Sea,Suez,90.48
2024-04-10,0,0.61,46842.06,Air,Intra-Asia,90.48
2024-04-10,0,0.55,1759.25,Sea,Commodity,90.48
2024-04-10,0,0.56,84624.54,Air,Intra-Asia,90.48
2024-04-10,0,0.69,72435.93,Air,Pacific,90.48
2024-04-10,0,0.17,1704.69,Sea,Commodity,90.48
2024-04-10,0,0.44,68001.12,Air,Pacific,90.48
2024-04-10,0,0.23,5071.29,Sea,Commodity,90.48
2025-02-12,0,0.45,4260.1,Sea,Pacific,75.18
2025-02-12,0,0.4,2662.1,Sea,Suez,75.18
2025-02-12,0,0.18,2338.17,Sea,Atlantic,75.18
2025-02-12,0,0.86,7283.76,Sea,Atlantic,75.18
2025-02-12,0,0.84,4861.28,Sea,Intra-Asia,75.18
2025-02-12,0,0.87,3274.37,Sea,Commodity,75.18
2025-02-12,0,0.19,3716.96,Sea,Suez,75.18
2025-02-12,0,0.62,15957.81,Air,Pacific,75.18
2025-02-12,0,0.34,2280.01,Sea,Commodity,75.18
2025-02-12,0,0.53,3750.03,Sea,Commodity,75.18
2025-02-12,0,0.77,25788.01,Air,Suez,75.18
2025-02-12,2,0.36,3395.17,Sea,Atlantic,75.18
2025-02-12,0,0.78,3117.67,Sea,Atlantic,75.18
2025-02-12,3,0.62,4446.09,Sea,Pacific,75.18
2025-02-12,0,0.6,7064.8,Sea,Atlantic,75.18
2025-02-12,0,0.23,2335.15,Sea,Commodity,75.18
2025-02-12,0,0.15,913.1,Sea,Intra-Asia,75.18
2025-02-12,0,0.14,2143.77,Sea,Commodity,75.18
2025-02-12,0,0.44,5638.32,Sea,Atlantic,75.18
2025-02-12,0,0.86,2560.29,Sea,Atlantic,75.18
2025-02-12,0,0.71,6682.68,Sea,Intra-Asia,75.18
2025-02-12,0,0.11,3722.39,Sea,Intra-Asia,75.18
2025-02-12,0,0.41,397.62,Sea,Intra-Asia,75.18
2025-02-12,0,0.36,6578.32,Sea,Suez,75.18
2024-01-26,0,0.83,100106.49,Air,Suez,83.55
2024-01-26,0,0.24,530.1,Sea,Suez,83.55
2024-01-26,0,0.66,4540.1,Sea,Pacific,83.55
2024-01-26,0,0.29,34822.26,Air,Pacific,83.55
2024-01-26,0,0.74,590.73,Sea,Pacific,83.55
2024-01-26,0,0.67,7509.15,Sea,Pacific,83.55
2024-01-26,14,0.75,2764.99,Sea,Suez,83.55
2024-01-26,0,0.88,2684.64,Sea,Suez,83.55
2024-01-26,0,0.18,3109.89,Sea,Suez,83.55
2024-01-26,0,0.32,3237.3,Sea,Intra-Asia,83.55
2024-01-26,5,0.42,4876.56,Sea,Commodity,83.55
2024-01-26,14,0.53,138483.95,Air,Suez,83.55
2024-01-26,1,0.53,4505.39,Sea,Atlantic,83.55
2024-01-26,0,0.12,4337.76,Sea,Commodity,83.55
2024-01-26,0,0.89,8197.88,Sea,Pacific,83.55
2024-01-26,8,0.68,1344.0,Sea,Suez,83.55
2024-01-26,0,0.74,4964.22,Sea,Atlantic,83.55
2024-01-26,0,0.34,412.05,Sea,Pacific,83.55
2024-01-26,0,0.27,55013.86,Air,Atlantic,83.55
2024-01-26,0,0.15,60511.27,Air,Commodity,83.55
2024-01-26,0,0.15,748.65,Sea,Suez,83.55
2024-01-26,0,0.72,6080.2,Sea,Pacific,83.55
2025-03-28,2,0.87,501.91,Sea,Intra-Asia,73.63
2025-03-28,0,0.38,3665.97,Sea,Suez,73.63
2025-03-28,0,0.57,3441.44,Sea,Pacific,73.63
2025-03-28,0,0.47,3067.89,Sea,Commodity,73.63
2025-03-28,0,0.5,74778.0,Air,Suez,73.63
2025-03-28,0,0.44,282.24,Sea,Commodity,73.63
2025-03-28,0,0.77,2667.39,Air,Suez,73.63
2025-03-28,0,0.38,69084.18,Air,Suez,73.63
2025-03-28,0,0.74,108.75,Sea,Suez,73.63
2025-03-28,0,0.22,1565.26,Sea,Commodity,73.63
2025-03-28,0,0.22,4401.76,Sea,Intra-Asia,73.63
2024-04-11,0,0.43,5399.68,Sea,Pacific,89.74
2024-04-11,0,0.11,2061.27,Sea,Pacific,89.74
2024-04-11,0,0.51,6785.19,Sea,Commodity,89.74
2024-04-11,0,0.21,2753.36,Sea,Suez,89.74
2024-04-11,0,0.18,1029.55,Sea,Pacific,89.74
2024-04-11,0,0.28,5932.16,Sea,Pacific,89.74
2024-04-11,0,0.73,33083.65,Air,Commodity,89.74
2024-04-11,0,0.67,2646.11,Sea,Intra-Asia,89.74
2024-04-11,0,0.42,751.89,Sea,Atlantic,89.74
2024-04-11,0,0.19,3598.56,Sea,Intra-Asia,89.74
2024-04-11,0,0.86,4490.04,Sea,Suez,89.74
2024-04-11,5,0.7,6898.43,Sea,Atlantic,89.74
2024-04-11,0,0.63,1391.2,Sea,Pacific,89.74
2024-04-11,0,0.7,620.5,Sea,Pacific,89.74
2024-04-11,0,0.76,7018.0,Air,Commodity,89.74
2024-04-11,0,0.57,7477.12,Sea,Atlantic,89.74
2024-04-11,0,0.26,49542.57,Air,Intra-Asia,89.74
2024-10-28,0,0.7,8225.45,Sea,Suez,71.42
2024-10-28,0,0.79,5207.11,Sea,Pacific,71.42
2024-10-28,0,0.1,537.35,Sea,Suez,71.42
2024-10-28,0,0.83,1488.71,Sea,Suez,71.42
2024-10-28,0,0.81,6991.12,Sea,Pacific,71.42
2024-10-28,0,0.61,4176.34,Sea,Suez,71.42
2024-10-28,0,0.9,44464.75,Air,Commodity,71.42
2024-10-28,0,0.75,5506.38,Sea,Pacific,71.42
2024-10-28,0,0.36,1671.44,Sea,Atlantic,71.42
2024-10-28,0,0.67,6922.15,Sea,Suez,71.42
2024-10-28,0,0.21,31285.15,Air,Commodity,71.42
2024-10-28,0,0.3,1749.8,Sea,Atlantic,71.42
2024-10-28,0,0.22,42098.54,Air,Atlantic,71.42
2024-10-28,0,0.3,3455.4,Sea,Suez,71.42
2024-10-28,0,0.1,2401.85,Sea,Suez,71.42
2024-10-28,0,0.58,43597.73,Air,Pacific,71.42
2024-10-28,0,0.56,5020.08,Sea,Intra-Asia,71.42
2024-10-28,0,0.28,4473.6,Sea,Atlantic,71.42
2024-10-28,0,0.46,4606.3,Sea,Atlantic,71.42
2025-08-27,0,0.85,8709.8,Sea,Suez,68.05
2025-08-27,0,0.4,2573.9,Sea,Suez,68.05
2025-08-27,2,0.22,6552.32,Sea,Atlantic,68.05
2025-08-27,0,0.16,2498.06,Sea,Suez,68.05
2025-08-27,0,0.74,2603.91,Sea,Intra-Asia,68.05
2025-08-27,0,0.5,5673.75,Sea,Pacific,68.05
2025-08-27,0,0.19,4291.73,Sea,Pacific,68.05
2025-02-27,0,0.57,7593.3,Sea,Suez,74.04
2025-02-27,3,0.11,2773.51,Sea,Intra-Asia,74.04
2025-02-27,6,0.87,8462.5,Sea,Intra-Asia,74.04
2025-02-27,0,0.72,6773.36,Sea,Commodity,74.04
2025-02-27,0,0.14,4567.41,Sea,Intra-Asia,74.04
2025-02-27,0,0.47,4083.66,Sea,Commodity,74.04
2025-02-27,0,0.65,6703.95,Sea,Pacific,74.04
2025-02-27,0,0.72,1812.88,Sea,Intra-Asia,74.04
2025-02-27,0,0.37,51124.98,Air,Intra-Asia,74.04
2025-02-27,0,0.23,4587.9,Sea,Suez,74.04
2025-02-27,0,0.75,6165.25,Sea,Suez,74.04
2025-02-27,13,0.32,5729.86,Sea,Suez,74.04
2025-02-27,0,0.71,2590.65,Sea,Intra-Asia,74.04
2025-02-27,0,0.72,1508.44,Sea,Atlantic,74.04
2025-02-27,15,0.56,8538.82,Sea,Suez,74.04
2025-11-24,0,0.58,6107.49,Sea,Intra-Asia,63.37
2025-11-24,0,0.74,3131.13,Sea,Suez,63.37
2025-11-24,0,0.37,1836.49,Sea,Suez,63.37
2025-11-24,0,0.47,5164.11,Sea,Intra-Asia,63.37
2025-11-24,9,0.21,8192.18,Sea,Suez,63.37
2025-11-24,0,0.22,1747.04,Sea,Suez,63.37
2025-11-24,0,0.16,4640.58,Sea,Commodity,63.37
2025-11-24,0,0.19,346.29,Sea,Intra-Asia,63.37
2025-11-24,0,0.67,54356.83,Air,Commodity,63.37
2025-11-24,0,0.13,60962.93,Air,Suez,63.37
2025-11-24,0,0.59,196.36,Sea,Commodity,63.37
2025-11-24,0,0.54,5338.41,Sea,Commodity,63.37
2025-11-24,0,0.75,4626.12,Sea,Pacific,63.37
2025-11-24,0,0.2,4993.2,Sea,Atlantic,63.37
2025-11-24,0,0.63,24833.05,Air,Suez,63.37
2024-01-16,0,0.51,25438.22,Air,Suez,78.29
2024-01-16,0,0.41,4911.03,Sea,Intra-Asia,78.29
2024-01-16,0,0.42,74507.4,Air,Atlantic,78.29
2024-01-16,0,0.26,5431.86,Sea,Suez,78.29
2024-01-16,0,0.27,4034.16,Sea,Commodity,78.29
2024-01-16,0,0.38,1437.27,Sea,Pacific,78.29
2024-01-16,0,0.76,12487.2,Air,Suez,78.29
2024-01-16,0,0.32,5873.34,Air,Pacific,78.29
2024-01-16,0,0.66,1438.39,Sea,Commodity,78.29
2024-01-16,0,0.42,2022.79,Sea,Atlantic,78.29
2024-01-16,0,0.78,1051.09,Sea,Intra-Asia,78.29
2024-01-16,0,0.59,2513.79,Sea,Intra-Asia,78.29
2024-01-16,0,0.82,9059.05,Sea,Suez,78.29
2024-01-16,0,0.6,5076.8,Sea,Commodity,78.29
2024-01-16,0,0.5,72014.25,Air,Atlantic,78.29
2024-01-16,0,0.56,4501.38,Sea,Atlantic,78.29
2024-08-06,0,0.29,2276.2,Sea,Suez,76.48
2024-08-06,0,0.51,2168.36,Sea,Commodity,76.48
2024-08-06,0,0.7,51387.6,Air,Atlantic,76.48
2024-08-06,0,0.33,2924.67,Sea,Suez,76.48
2024-08-06,0,0.59,1177.39,Sea,Intra-Asia,76.48
2024-08-06,0,0.57,11959.47,Air,Commodity,76.48
2024-08-06,0,0.42,50483.84,Air,Atlantic,76.48
2024-08-06,0,0.35,4361.18,Sea,Atlantic,76.48
2024-08-06,0,0.29,2917.98,Sea,Suez,76.48
2024-08-06,0,0.35,5568.75,Air,Commodity,76.48
2024-08-06,0,0.82,8846.11,Sea,Suez,76.48
2024-08-06,5,0.84,7344.08,Sea,Atlantic,76.48
2024-08-06,0,0.33,34680.42,Air,Suez,76.48
2025-10-17,0,0.3,1686.75,Sea,Intra-Asia,61.29
2025-10-17,0,0.76,3534.96,Sea,Pacific,61.29
2025-10-17,0,0.64,3648.18,Sea,Intra-Asia,61.29
2025-10-17,0,0.51,1546.24,Sea,Intra-Asia,61.29
2025-10-17,0,0.59,74262.54,Air,Commodity,61.29
2025-10-17,0,0.69,7819.63,Sea,Intra-Asia,61.29
2025-10-17,4,0.75,2104.98,Sea,Atlantic,61.29
2025-10-17,0,0.18,1786.52,Sea,Pacific,61.29
2025-10-17,0,0.37,62352.13,Air,Commodity,61.29
2025-10-17,0,0.19,1869.49,Sea,Commodity,61.29
2025-10-17,0,0.21,37367.82,Air,Pacific,61.29
2024-05-22,0,0.61,6957.61,Sea,Suez,81.9
2024-05-22,0,0.47,5035.48,Sea,Commodity,81.9
2024-05-22,1,0.67,5683.84,Sea,Suez,81.9
2024-05-22,0,0.7,3422.1,Sea,Pacific,81.9
2024-05-22,0,0.12,5438.72,Sea,Intra-Asia,81.9
2024-05-22,0,0.5,7200.0,Sea,Suez,81.9
2024-05-22,13,0.64,8331.2,Sea,Suez,81.9
2024-05-22,0,0.7,39419.6,Air,Suez,81.9
2024-05-22,0,0.34,2519.2,Sea,Suez,81.9
2024-05-22,0,0.66,6757.03,Sea,Commodity,81.9
2024-05-22,0,0.27,2960.37,Sea,Suez,81.9
2024-05-22,0,0.68,5334.84,Sea,Suez,81.9
2024-05-22,0,0.68,118.44,Sea,Atlantic,81.9
2024-05-22,0,0.49,4466.27,Sea,Commodity,81.9
2024-05-22,0,0.55,3730.08,Sea,Suez,81.9
2024-05-22,0,0.16,4491.52,Sea,Suez,81.9
2024-05-22,0,0.72,8096.04,Sea,Suez,81.9
2024-05-22,0,0.61,203.66,Sea,Suez,81.9
2024-05-22,0,0.35,4345.65,Sea,Suez,81.9
2024-05-22,0,0.57,23202.24,Air,Suez,81.9
2025-05-23,0,0.5,4839.75,Sea,Atlantic,64.78
2025-05-23,0,0.58,5507.88,Sea,Pacific,64.78
2025-05-23,0,0.77,3068.3,Sea,Pacific,64.78
2025-05-23,0,0.11,3312.8,Sea,Suez,64.78
2025-05-23,0,0.34,1255.58,Sea,Commodity,64.78
2025-05-23,0,0.49,4011.08,Sea,Suez,64.78
2025-05-23,0,0.38,628.59,Sea,Commodity,64.78
2025-05-23,0,0.27,1905.0,Sea,Intra-Asia,64.78
2025-05-23,0,0.83,81264.81,Air,Intra-Asia,64.78
2025-05-23,0,0.63,4301.57,Sea,Pacific,64.78
2025-05-23,0,0.33,4342.45,Sea,Suez,64.78
2025-05-23,13,0.68,19250.78,Sea,Suez,64.78
2025-11-06,0,0.66,1182.75,Sea,Suez,63.38
2025-11-06,0,0.24,3579.88,Sea,Suez,63.38
2025-11-06,0,0.61,2143.71,Sea,Intra-Asia,63.38
2025-11-06,0,0.67,4589.99,Sea,Suez,63.38
2025-11-06,0,0.16,2271.86,Sea,Intra-Asia,63.38
2025-11-06,0,0.39,5856.07,Sea,Commodity,63.38
2025-11-06,0,0.45,6698.27,Sea,Commodity,63.38
2025-11-06,0,0.78,6220.21,Sea,Intra-Asia,63.38
2025-11-06,0,0.38,1851.27,Sea,Pacific,63.38
2025-11-06,9,0.61,200576.38,Air,Suez,63.38
2025-02-06,0,0.21,2989.3,Sea,Intra-Asia,74.29
2025-02-06,0,0.56,965.64,Sea,Commodity,74.29
2025-02-06,0,0.87,9066.69,Sea,Commodity,74.29
2025-02-06,0,0.61,1832.18,Sea,Suez,74.29
2025-02-06,0,0.65,2758.8,Sea,Suez,74.29
2025-02-06,0,0.64,1247.22,Sea,Atlantic,74.29
2025-02-06,0,0.54,77695.31,Air,Suez,74.29
2025-02-06,0,0.51,645.52,Sea,Pacific,74.29
2025-02-06,0,0.75,2634.62,Sea,Pacific,74.29
2025-02-06,0,0.38,3187.8,Sea,Suez,74.29
2025-02-06,9,0.68,5912.26,Sea,Suez,74.29
2025-02-06,5,0.59,7128.05,Air,Commodity,74.29
2025-10-01,10,0.76,7368.06,Sea,Suez,65.35
2025-10-01,0,0.63,4805.24,Sea,Pacific,65.35
2025-10-01,0,0.18,9607.47,Sea,Intra-Asia,65.35
2025-10-01,0,0.67,6046.23,Sea,Commodity,65.35
2025-10-01,0,0.17,43410.51,Air,Commodity,65.35
2025-10-01,0,0.18,4823.25,Sea,Intra-Asia,65.35
2025-10-01,0,0.42,19259.46,Air,Pacific,65.35
2025-10-01,0,0.53,2668.32,Sea,Pacific,65.35
2025-10-01,0,0.42,6286.34,Sea,Commodity,65.35
2025-10-01,0,0.48,1786.36,Sea,Commodity,65.35
2025-10-01,0,0.64,5686.7,Sea,Suez,65.35
2025-05-09,0,0.44,503.28,Sea,Suez,63.91
2025-05-09,0,0.83,6873.48,Sea,Suez,63.91
2025-05-09,0,0.16,34062.82,Air,Pacific,63.91
2025-05-09,0,0.32,301.62,Sea,Atlantic,63.91
2025-05-09,0,0.86,7574.85,Sea,Commodity,63.91
2025-05-09,0,0.59,5987.14,Sea,Suez,63.91
2025-05-09,0,0.49,78442.54,Air,Pacific,63.91
2025-05-09,0,0.6,4012.8,Sea,Commodity,63.91
2025-05-09,0,0.17,3151.98,Sea,Intra-Asia,63.91
2025-05-09,0,0.52,1276.04,Sea,Intra-Asia,63.91
2025-05-09,3,0.83,118492.74,Air,Commodity,63.91
2025-05-09,0,0.44,5334.48,Sea,Intra-Asia,63.91
2025-05-09,0,0.47,15312.99,Air,Atlantic,63.91
2025-05-09,0,0.88,7207.92,Sea,Suez,63.91
2025-05-09,0,0.35,5202.9,Sea,Atlantic,63.91
2025-05-09,2,0.22,177.14,Sea,Pacific,63.91
2025-05-09,0,0.47,35226.35,Air,Atlantic,63.91
2025-05-09,0,0.26,2312.73,Sea,Commodity,63.91
2025-05-09,3,0.79,1846.92,Sea,Intra-Asia,63.91
2025-02-11,0,0.49,5869.11,Sea,Atlantic,77.0
2025-02-11,0,0.81,4289.7,Sea,Intra-Asia,77.0
2025-02-11,0,0.35,5768.55,Sea,Suez,77.0
2025-02-11,0,0.77,966.42,Sea,Commodity,77.0
2025-02-11,1,0.89,4284.63,Sea,Suez,77.0
2025-02-11,0,0.77,2190.38,Sea,Commodity,77.0
2025-02-11,0,0.9,8880.6,Sea,Intra-Asia,77.0
2025-02-11,0,0.68,7413.0,Sea,Pacific,77.0
2025-02-11,0,0.75,13349.88,Air,Intra-Asia,77.0
2025-02-11,0,0.31,4981.93,Sea,Atlantic,77.0
2025-02-11,0,0.77,71990.32,Air,Commodity,77.0
2025-02-11,17,0.17,2726.57,Sea,Suez,77.0
2025-02-11,0,0.63,7849.26,Sea,Commodity,77.0
2025-02-11,0,0.27,1633.86,Sea,Pacific,77.0
2025-02-11,0,0.65,5690.02,Sea,Suez,77.0
2024-09-06,0,0.2,1350.6,Sea,Intra-Asia,71.06
2024-09-06,0,0.34,6300.68,Sea,Commodity,71.06
2024-09-06,0,0.67,829.99,Sea,Suez,71.06
2024-09-06,0,0.37,3544.19,Sea,Atlantic,71.06
2024-09-06,0,0.59,1252.12,Sea,Suez,71.06
2024-09-06,0,0.58,3408.85,Sea,Intra-Asia,71.06
2024-09-06,0,0.66,6923.03,Sea,Pacific,71.06
2024-09-06,0,0.63,53404.5,Air,Suez,71.06
2024-09-06,5,0.75,1174.94,Sea,Intra-Asia,71.06
2024-09-06,0,0.73,2500.72,Sea,Suez,71.06
2024-09-06,0,0.74,3841.05,Sea,Atlantic,71.06
2024-09-06,0,0.67,6139.76,Sea,Atlantic,71.06
2024-09-06,0,0.74,3268.59,Sea,Commodity,71.06
2024-09-06,0,0.23,46543.2,Air,Suez,71.06
2025-05-28,0,0.46,3260.18,Sea,Atlantic,64.9
2025-05-28,0,0.49,5237.35,Sea,Pacific,64.9
2025-05-28,0,0.11,3900.54,Sea,Intra-Asia,64.9
2025-05-28,10,0.72,6891.01,Sea,Suez,64.9
2025-05-28,0,0.58,36028.74,Air,Commodity,64.9
2025-05-28,0,0.65,3101.17,Sea,Commodity,64.9
2025-05-28,0,0.9,2570.7,Sea,Suez,64.9
2025-05-28,0,0.29,4106.07,Sea,Commodity,64.9
2025-05-28,0,0.38,6710.94,Sea,Commodity,64.9
2025-05-28,0,0.22,2448.54,Sea,Suez,64.9
2025-05-28,0,0.14,3192.57,Sea,Intra-Asia,64.9
2025-05-28,0,0.19,1836.17,Sea,Atlantic,64.9
2025-05-28,0,0.2,2502.6,Sea,Intra-Asia,64.9
2025-05-28,0,0.86,8901.96,Sea,Atlantic,64.9
2025-05-05,1,0.7,2985.2,Sea,Pacific,60.23
2025-05-05,0,0.25,66660.0,Air,Suez,60.23
2025-05-05,0,0.2,34821.6,Air,Suez,60.23
2025-05-05,0,0.22,4678.09,Sea,Suez,60.23
2025-05-05,0,0.62,4134.24,Sea,Suez,60.23
2025-05-05,0,0.62,6404.67,Sea,Atlantic,60.23
2025-05-05,0,0.39,6593.47,Sea,Suez,60.23
2025-05-05,0,0.28,1879.68,Sea,Atlantic,60.23
2025-05-05,0,0.1,3527.15,Sea,Pacific,60.23
2025-05-05,0,0.47,7236.81,Sea,Suez,60.23
2025-05-05,0,0.71,63022.9,Air,Commodity,60.23
2025-05-05,0,0.55,1749.17,Sea,Atlantic,60.23
2025-05-05,0,0.31,6338.44,Sea,Suez,60.23
2025-05-05,0,0.12,2453.92,Sea,Commodity,60.23
2025-05-05,6,0.72,6602.13,Sea,Atlantic,60.23
2025-05-05,0,0.58,1672.43,Sea,Suez,60.23
2025-05-05,0,0.53,2151.18,Sea,Intra-Asia,60.23
2024-07-10,0,0.48,513.56,Sea,Suez,85.08
2024-07-10,0,0.85,6156.8,Sea,Intra-Asia,85.08
2024-07-10,0,0.23,1583.01,Air,Suez,85.08
2024-07-10,0,0.35,3258.9,Sea,Pacific,85.08
2024-07-10,6,0.85,8033.17,Sea,Commodity,85.08
2024-07-10,0,0.84,83297.72,Air,Suez,85.08
2024-07-10,0,0.52,1220.56,Sea,Suez,85.08
2024-07-10,0,0.35,6217.43,Sea,Commodity,85.08
2024-07-10,0,0.89,3914.19,Sea,Pacific,85.08
2024-06-24,0,0.69,3221.14,Sea,Suez,86.01
2024-06-24,0,0.32,1240.8,Sea,Suez,86.01
2024-06-24,3,0.39,869.24,Sea,Atlantic,86.01
2024-06-24,0,0.39,5778.23,Sea,Pacific,86.01
2024-06-24,6,0.48,630.04,Sea,Intra-Asia,86.01
2024-06-24,0,0.86,7648.32,Sea,Suez,86.01
2024-06-24,0,0.29,69147.87,Air,Suez,86.01
2024-06-24,0,0.89,1996.79,Sea,Commodity,86.01
2025-11-03,0,0.39,635.23,Sea,Commodity,64.89
2025-11-03,0,0.64,6164.76,Sea,Commodity,64.89
2025-11-03,0,0.66,2822.0,Sea,Suez,64.89
2025-11-03,0,0.28,17607.04,Air,Atlantic,64.89
2025-11-03,0,0.68,3370.92,Sea,Suez,64.89
2025-11-03,0,0.47,5926.31,Sea,Intra-Asia,64.89
2025-11-03,0,0.3,2746.9,Sea,Suez,64.89
2025-11-03,0,0.37,3053.73,Sea,Intra-Asia,64.89
2025-11-03,0,0.64,6961.8,Sea,Suez,64.89
2025-11-03,0,0.33,1135.82,Sea,Atlantic,64.89
2025-11-03,0,0.42,4938.05,Sea,Intra-Asia,64.89
2025-11-03,0,0.7,2754.0,Sea,Pacific,64.89
2025-11-03,0,0.5,2738.25,Sea,Intra-Asia,64.89
2025-11-03,0,0.31,32047.84,Air,Atlantic,64.89
2025-11-03,0,0.87,20014.61,Air,Intra-Asia,64.89
2025-11-03,0,0.43,73875.94,Air,Intra-Asia,64.89
2025-11-03,18,0.38,4073.76,Sea,Suez,64.89
2025-11-03,0,0.74,75650.85,Air,Suez,64.89
2025-11-03,0,0.87,8757.21,Sea,Atlantic,64.89
2024-04-30,0,0.57,2081.82,Sea,Suez,87.86
2024-04-30,0,0.65,3792.52,Sea,Intra-Asia,87.86
2024-04-30,0,0.83,4605.2,Sea,Intra-Asia,87.86
2024-04-30,0,0.76,7507.28,Sea,Atlantic,87.86
2024-04-30,0,0.84,8538.52,Sea,Commodity,87.86
2024-04-30,0,0.43,6194.05,Sea,Commodity,87.86
2024-04-30,0,0.73,44292.32,Air,Suez,87.86
2024-04-30,0,0.76,80731.2,Air,Atlantic,87.86
2024-04-30,0,0.51,3920.72,Sea,Commodity,87.86
2024-04-30,0,0.34,6546.57,Sea,Suez,87.86
2025-12-24,0,0.27,3524.25,Sea,Suez,62.24
2025-12-24,0,0.16,3390.1,Sea,Intra-Asia,62.24
2025-12-24,0,0.64,35159.96,Air,Atlantic,62.24
2025-12-24,0,0.35,1541.7,Sea,Atlantic,62.24
2025-12-24,0,0.71,5653.26,Sea,Pacific,62.24
2025-12-24,0,0.23,2288.41,Sea,Commodity,62.24
2025-12-24,0,0.79,76475.96,Air,Suez,62.24
2025-12-24,0,0.26,2379.51,Sea,Suez,62.24
2025-12-24,0,0.15,13548.15,Air,Atlantic,62.24
2025-12-24,3,0.35,10068.3,Sea,Pacific,62.24
2025-12-24,0,0.21,26407.04,Air,Suez,62.24
2025-08-04,19,0.16,120398.26,Air,Suez,68.76
2025-08-04,0,0.8,7939.8,Sea,Suez,68.76
2025-08-04,14,0.67,11925.14,Sea,Suez,68.76
2025-08-04,0,0.43,3484.19,Sea,Suez,68.76
2025-08-04,0,0.85,8166.83,Sea,Pacific,68.76
2025-08-04,0,0.61,6242.77,Sea,Suez,68.76
2025-08-04,0,0.37,41073.29,Air,Suez,68.76
2025-08-04,2,0.17,32860.96,Air,Pacific,68.76
2025-08-04,0,0.1,3392.95,Sea,Commodity,68.76
2025-08-04,0,0.43,6698.84,Sea,Pacific,68.76
2025-08-04,0,0.43,38562.1,Air,Commodity,68.76
2025-08-04,0,0.68,7092.12,Sea,Suez,68.76
2025-08-04,0,0.48,7382.24,Sea,Suez,68.76
2025-08-04,0,0.25,3795.0,Sea,Intra-Asia,68.76
2025-08-04,0,0.17,1860.88,Sea,Suez,68.76
2025-08-04,0,0.26,1295.28,Sea,Intra-Asia,68.76
2025-08-04,0,0.32,1616.34,Sea,Intra-Asia,68.76
2025-08-04,0,0.64,1143.9,Sea,Pacific,68.76
2025-11-11,0,0.44,2140.56,Sea,Pacific,65.16
2025-11-11,0,0.19,1648.15,Sea,Atlantic,65.16
2025-11-11,0,0.44,6056.64,Sea,Suez,65.16
2025-11-11,0,0.62,4237.11,Sea,Intra-Asia,65.16
2025-11-11,7,0.62,12166.85,Sea,Suez,65.16
2025-11-11,0,0.39,1530.39,Sea,Atlantic,65.16
2025-11-11,0,0.86,3108.06,Sea,Suez,65.16
2025-11-11,0,0.1,49071.55,Air,Suez,65.16
2025-11-11,0,0.34,2649.85,Sea,Atlantic,65.16
2025-11-11,0,0.26,2446.29,Sea,Suez,65.16
2025-11-11,0,0.5,5761.5,Sea,Suez,65.16
2025-11-11,0,0.28,3254.4,Sea,Suez,65.16
2025-11-11,3,0.39,738.51,Sea,Intra-Asia,65.16
2025-09-08,0,0.21,2984.46,Sea,Commodity,66.02
2025-09-08,0,0.21,4437.07,Sea,Commodity,66.02
2025-09-08,0,0.62,3135.51,Sea,Pacific,66.02
2025-09-08,0,0.26,7193.34,Air,Suez,66.02
2025-09-08,0,0.55,2614.85,Sea,Suez,66.02
2025-09-08,0,0.87,65021.77,Air,Pacific,66.02
2025-09-08,0,0.62,6263.73,Sea,Intra-Asia,66.02
2025-09-08,0,0.15,4628.17,Sea,Pacific,66.02
2025-09-08,0,0.4,5883.5,Sea,Commodity,66.02
2025-09-08,0,0.6,5262.4,Sea,Suez,66.02
2025-09-08,0,0.73,4030.03,Sea,Suez,66.02
2025-09-08,0,0.14,2728.59,Sea,Atlantic,66.02
2025-09-08,0,0.24,4375.34,Sea,Atlantic,66.02
2025-09-08,0,0.3,2310.1,Sea,Commodity,66.02
2024-07-02,0,0.59,4909.92,Sea,Commodity,86.24
2024-07-02,14,0.25,4006.0,Sea,Suez,86.24
2024-07-02,0,0.12,3070.48,Sea,Atlantic,86.24
2024-07-02,2,0.45,4226.75,Sea,Commodity,86.24
2024-07-02,0,0.8,7839.0,Sea,Commodity,86.24
2024-07-02,0,0.52,6742.72,Sea,Intra-Asia,86.24
2024-07-02,0,0.21,4951.93,Sea,Suez,86.24
2024-07-02,0,0.73,7021.2,Sea,Suez,86.24
2024-07-02,0,0.18,2312.8,Sea,Atlantic,86.24
2024-07-02,7,0.9,2897.88,Sea,Intra-Asia,86.24
2024-07-02,0,0.46,20990.42,Air,Suez,86.24
2024-07-02,4,0.72,24880.75,Air,Commodity,86.24
2025-10-08,0,0.86,7930.11,Sea,Commodity,66.25
2025-10-08,0,0.68,4821.6,Sea,Suez,66.25
2025-10-08,0,0.62,12384.9,Air,Atlantic,66.25
2025-10-08,0,0.79,6905.82,Sea,Commodity,66.25
2025-10-08,0,0.55,5062.3,Sea,Suez,66.25
2025-10-08,3,0.35,2940.3,Sea,Atlantic,66.25
2025-10-08,0,0.56,1022.58,Sea,Atlantic,66.25
2024-10-21,0,0.63,2682.98,Sea,Intra-Asia,74.29
2024-10-21,0,0.78,18180.03,Air,Pacific,74.29
2024-10-21,0,0.74,6720.75,Sea,Atlantic,74.29
2024-10-21,0,0.55,1486.45,Sea,Pacific,74.29
2024-10-21,0,0.81,1710.45,Sea,Commodity,74.29
2024-10-21,0,0.53,3318.57,Sea,Commodity,74.29
2024-10-21,0,0.19,5280.83,Sea,Atlantic,74.29
2024-10-21,4,0.49,7214.46,Sea,Commodity,74.29
2024-10-21,0,0.74,2491.68,Sea,Suez,74.29
2024-10-21,0,0.73,4157.19,Sea,Atlantic,74.29
2024-10-21,0,0.31,6396.07,Sea,Intra-Asia,74.29
2024-10-21,0,0.6,26760.8,Air,Intra-Asia,74.29
2024-10-21,0,0.48,72380.88,Air,Suez,74.29
2024-10-21,0,0.79,3042.11,Sea,Intra-Asia,74.29
2024-10-21,0,0.74,21886.59,Air,Atlantic,74.29
2024-10-21,0,0.24,63153.2,Air,Atlantic,74.29
2024-10-21,0,0.88,3722.4,Sea,Suez,74.29
2024-10-21,0,0.6,2783.2,Sea,Suez,74.29
2024-10-21,0,0.34,4247.13,Sea,Intra-Asia,74.29
2024-10-08,10,0.66,144772.58,Air,Suez,77.18
2024-10-08,0,0.28,39198.72,Air,Suez,77.18
2024-10-08,0,0.2,7128.0,Air,Suez,77.18
2024-10-08,0,0.54,2765.84,Sea,Suez,77.18
2024-10-08,0,0.81,5852.64,Sea,Intra-Asia,77.18
2024-10-08,0,0.46,35966.37,Air,Suez,77.18
2024-10-08,0,0.51,1524.35,Sea,Intra-Asia,77.18
2024-10-08,0,0.6,6203.2,Sea,Atlantic,77.18
2024-10-08,0,0.3,5688.15,Sea,Pacific,77.18
2024-10-08,0,0.79,29800.82,Air,Atlantic,77.18
2024-10-08,0,0.44,31751.28,Air,Intra-Asia,77.18
2024-10-08,0,0.37,3914.78,Sea,Suez,77.18
2024-10-08,0,0.3,824.2,Sea,Suez,77.18
2024-10-08,0,0.11,3188.48,Sea,Intra-Asia,77.18
2024-10-08,0,0.19,747.32,Sea,Atlantic,77.18
2024-10-08,0,0.52,578.36,Sea,Intra-Asia,77.18
2024-10-08,0,0.14,2509.71,Sea,Atlantic,77.18
2024-10-08,4,0.54,4976.97,Sea,Commodity,77.18
2024-10-08,0,0.36,1106.36,Sea,Suez,77.18
2024-10-08,0,0.54,29822.87,Air,Intra-Asia,77.18
2024-10-08,0,0.22,4171.18,Sea,Pacific,77.18
2025-05-12,0,0.38,5001.81,Sea,Suez,64.96
2025-05-12,0,0.26,2454.48,Sea,Atlantic,64.96
2025-05-12,0,0.81,7527.79,Sea,Suez,64.96
2025-05-12,0,0.17,1800.04,Sea,Suez,64.96
2025-05-12,0,0.75,7910.88,Sea,Atlantic,64.96
2025-05-12,0,0.81,3103.24,Sea,Intra-Asia,64.96
2025-05-12,0,0.72,5291.58,Sea,Suez,64.96
2025-05-12,0,0.38,2251.95,Sea,Pacific,64.96
2025-05-12,0,0.51,4126.07,Sea,Atlantic,64.96
2025-05-12,0,0.41,4912.44,Sea,Commodity,64.96
2025-05-12,0,0.77,6656.09,Sea,Pacific,64.96
2025-05-12,0,0.15,55293.15,Air,Atlantic,64.96
2025-05-12,0,0.64,1679.36,Sea,Intra-Asia,64.96
2025-05-12,0,0.49,5708.19,Sea,Suez,64.96
2025-03-05,0,0.49,2700.62,Sea,Atlantic,69.3
2025-03-05,0,0.84,2470.2,Sea,Intra-Asia,69.3
2025-03-05,0,0.28,6386.56,Sea,Suez,69.3
2025-03-05,18,0.23,7479.38,Sea,Suez,69.3
2025-03-05,0,0.47,5671.26,Sea,Suez,69.3
2025-03-05,0,0.7,7661.05,Sea,Commodity,69.3
2025-03-05,1,0.13,3325.02,Sea,Suez,69.3
2025-03-05,0,0.57,51835.9,Air,Atlantic,69.3
2025-03-05,0,0.23,4763.79,Sea,Pacific,69.3
2025-03-05,0,0.81,4353.05,Sea,Suez,69.3
2025-03-05,0,0.7,6574.75,Sea,Suez,69.3
2025-01-06,0,0.73,86310.57,Air,Intra-Asia,76.3
2025-01-06,0,0.38,6160.32,Sea,Atlantic,76.3
2025-01-06,0,0.11,8919.41,Air,Suez,76.3
2025-01-06,0,0.9,9100.05,Sea,Pacific,76.3
2025-01-06,0,0.17,4382.82,Sea,Atlantic,76.3
2025-01-06,0,0.86,8371.86,Sea,Intra-Asia,76.3
2025-01-06,0,0.71,5444.64,Sea,Intra-Asia,76.3
2025-01-06,0,0.9,892.05,Sea,Commodity,76.3
2025-01-06,0,0.59,5623.03,Sea,Intra-Asia,76.3
2025-01-06,0,0.55,1943.7,Air,Pacific,76.3
2025-01-06,0,0.58,4713.14,Sea,Intra-Asia,76.3
2025-01-06,0,0.71,3982.59,Sea,Atlantic,76.3
2025-01-06,0,0.14,316.92,Sea,Pacific,76.3
2025-01-06,4,0.65,91834.0,Air,Pacific,76.3
2025-01-06,3,0.63,52778.75,Air,Atlantic,76.3
2025-01-06,0,0.81,73527.63,Air,Pacific,76.3
2025-01-06,0,0.44,6668.64,Sea,Suez,76.3
2025-01-06,0,0.88,3993.12,Sea,Intra-Asia,76.3
2025-01-06,0,0.53,6123.06,Sea,Pacific,76.3
2025-01-06,0,0.28,25372.16,Air,Suez,76.3
2025-01-06,0,0.47,24238.83,Air,Suez,76.3
2025-01-06,0,0.37,5455.34,Air,Suez,76.3
2025-01-06,0,0.65,45338.7,Air,Atlantic,76.3
2025-01-06,0,0.26,4085.55,Sea,Suez,76.3
2025-01-06,0,0.77,6126.86,Sea,Commodity,76.3
2025-01-14,0,0.51,190.26,Sea,Suez,79.92
2025-01-14,0,0.79,3901.31,Sea,Pacific,79.92
2025-01-14,0,0.74,80885.64,Air,Suez,79.92
2025-01-14,0,0.63,7023.67,Sea,Suez,79.92
2025-01-14,0,0.33,122.36,Sea,Pacific,79.92
2025-01-14,0,0.34,3505.44,Sea,Suez,79.92
2025-01-14,0,0.14,4833.6,Sea,Commodity,79.92
2025-01-14,0,0.83,49197.72,Air,Atlantic,79.92
2025-01-14,0,0.67,79551.29,Air,Suez,79.92
2025-01-14,0,0.74,3573.96,Sea,Suez,79.92
2025-01-14,0,0.28,5932.16,Sea,Suez,79.92
2025-01-14,0,0.79,403.64,Sea,Suez,79.92
2025-01-14,0,0.4,2755.2,Sea,Commodity,79.92
2025-01-14,0,0.64,3718.7,Sea,Atlantic,79.92
2025-01-14,0,0.85,349.65,Sea,Commodity,79.92
2025-01-14,0,0.7,2429.3,Sea,Intra-Asia,79.92
2024-01-08,0,0.6,40145.6,Air,Pacific,76.12
2024-01-08,12,0.55,6048.72,Sea,Suez,76.12
2024-01-08,0,0.32,2523.18,Sea,Suez,76.12
2024-01-08,0,0.4,4781.0,Sea,Pacific,76.12
2024-01-08,0,0.58,4313.4,Sea,Suez,76.12
2024-01-08,0,0.86,129634.56,Air,Intra-Asia,76.12
2024-01-08,0,0.78,4927.04,Sea,Pacific,76.12
2024-01-08,0,0.67,3071.13,Sea,Pacific,76.12
2025-10-13,0,0.39,3415.93,Sea,Intra-Asia,63.32
2025-10-13,0,0.23,1217.09,Sea,Intra-Asia,63.32
2025-10-13,0,0.28,503.04,Sea,Intra-Asia,63.32
2025-10-13,0,0.25,3684.38,Sea,Pacific,63.32
2025-10-13,0,0.25,2176.88,Sea,Suez,63.32
2025-10-13,0,0.59,6414.06,Sea,Atlantic,63.32
2025-10-13,0,0.77,3667.44,Sea,Pacific,63.32
2025-10-13,0,0.42,3344.81,Sea,Commodity,63.32
2025-10-13,0,0.57,1419.28,Sea,Pacific,63.32
2025-10-13,0,0.72,8863.07,Sea,Atlantic,63.32
2025-10-13,1,0.84,163991.06,Air,Intra-Asia,63.32
2025-10-13,0,0.62,7639.11,Sea,Intra-Asia,63.32
2025-10-13,0,0.35,2612.25,Sea,Suez,63.32
2025-10-13,0,0.56,6587.1,Sea,Suez,63.32
2025-10-13,0,0.89,6324.89,Sea,Commodity,63.32
2025-10-13,0,0.59,2485.96,Sea,Suez,63.32
2025-07-02,0,0.16,45795.64,Air,Intra-Asia,69.11
2025-07-02,0,0.6,6169.6,Sea,Suez,69.11
2025-07-02,0,0.86,1512.18,Sea,Suez,69.11
2025-07-02,0,0.39,3124.03,Sea,Pacific,69.11
2025-07-02,0,0.38,1726.38,Sea,Suez,69.11
2025-07-02,0,0.48,537.98,Sea,Pacific,69.11
2025-07-02,0,0.77,5288.76,Sea,Suez,69.11
2025-07-02,0,0.57,1279.55,Sea,Suez,69.11
2025-07-02,0,0.4,5313.0,Sea,Atlantic,69.11
2025-07-02,0,0.84,8015.96,Sea,Atlantic,69.11
2025-07-02,0,0.36,2346.0,Sea,Intra-Asia,69.11
2025-07-02,0,0.7,6853.55,Sea,Pacific,69.11
2025-07-02,8,0.21,448.67,Sea,Intra-Asia,69.11
2025-07-02,0,0.35,4405.05,Sea,Commodity,69.11
2025-07-02,0,0.85,4668.48,Sea,Intra-Asia,69.11
2025-07-02,0,0.42,5574.92,Sea,Intra-Asia,69.11
2025-07-02,0,0.5,78944.25,Air,Atlantic,69.11
2025-07-02,0,0.35,1929.15,Sea,Suez,69.11
2025-07-02,0,0.32,39770.28,Air,Atlantic,69.11
2025-09-12,0,0.26,1119.51,Sea,Intra-Asia,66.99
2025-09-12,0,0.36,18475.6,Air,Suez,66.99
2025-09-12,0,0.21,779.85,Sea,Suez,66.99
2025-09-12,0,0.69,3621.67,Sea,Intra-Asia,66.99
2025-09-12,0,0.81,8373.06,Sea,Suez,66.99
2025-09-12,0,0.26,420.21,Sea,Commodity,66.99
2025-09-12,0,0.72,14114.32,Air,Suez,66.99
2025-09-12,0,0.2,3459.6,Sea,Intra-Asia,66.99
2025-09-12,0,0.58,206.98,Sea,Suez,66.99
2025-09-12,0,0.64,2276.32,Sea,Suez,66.99
2025-09-12,0,0.75,2962.75,Sea,Pacific,66.99
2025-09-12,0,0.89,4944.24,Sea,Atlantic,66.99
2025-05-14,0,0.44,9187.2,Air,Suez,66.09
2025-05-14,0,0.49,2390.7,Sea,Commodity,66.09
2025-05-14,0,0.8,712.8,Sea,Atlantic,66.09
2025-05-14,0,0.42,2744.86,Sea,Atlantic,66.09
2025-05-14,0,0.45,3435.05,Sea,Atlantic,66.09
2025-05-14,0,0.87,858.33,Sea,Atlantic,66.09
2025-05-14,0,0.34,4151.32,Sea,Intra-Asia,66.09
2025-05-14,0,0.85,1319.98,Sea,Commodity,66.09
2025-05-14,9,0.33,4794.38,Sea,Suez,66.09
2024-08-23,0,0.29,2347.8,Sea,Suez,79.02
2024-08-23,0,0.53,5389.43,Sea,Atlantic,79.02
2024-08-23,0,0.42,4325.32,Sea,Suez,79.02
2024-08-23,0,0.14,910.86,Sea,Atlantic,79.02
2024-08-23,0,0.59,2815.09,Sea,Suez,79.02
2024-08-23,0,0.18,29769.63,Air,Commodity,79.02
2024-08-23,0,0.7,7378.0,Sea,Intra-Asia,79.02
2024-08-23,0,0.63,7536.3,Sea,Commodity,79.02
2024-08-23,0,0.74,6581.55,Sea,Suez,79.02
2024-08-23,0,0.4,765.1,Sea,Commodity,79.02
2024-08-23,11,0.9,28365.48,Air,Suez,79.02
2024-08-23,4,0.61,5046.46,Sea,Atlantic,79.02
2024-08-23,0,0.29,2489.06,Sea,Commodity,79.02
2025-07-31,0,0.38,155.25,Sea,Pacific,72.53
2025-07-31,0,0.61,37306.11,Air,Suez,72.53
2025-07-31,4,0.41,107554.09,Air,Intra-Asia,72.53
2025-07-31,0,0.72,3760.78,Sea,Atlantic,72.53
2025-07-31,0,0.31,3212.78,Sea,Pacific,72.53
2025-07-31,0,0.72,8114.96,Sea,Pacific,72.53
2025-07-31,0,0.36,9095.68,Air,Suez,72.53
2025-07-31,0,0.64,6349.26,Sea,Pacific,72.53
2025-07-31,0,0.82,94724.63,Air,Commodity,72.53
2025-07-31,0,0.17,2157.48,Sea,Suez,72.53
2025-07-31,12,0.17,9262.66,Sea,Suez,72.53
2025-07-31,1,0.17,1816.42,Sea,Commodity,72.53
2025-07-31,0,0.59,3676.87,Sea,Suez,72.53
2025-07-31,0,0.59,5260.51,Sea,Atlantic,72.53
2025-07-31,0,0.4,6318.9,Sea,Intra-Asia,72.53
2025-07-31,0,0.87,714.34,Sea,Pacific,72.53
2025-07-31,0,0.81,56066.56,Air,Atlantic,72.53
2024-01-18,0,0.86,8994.03,Sea,Suez,79.1
2024-01-18,0,0.21,321.25,Sea,Suez,79.1
2024-01-18,0,0.36,584.8,Sea,Suez,79.1
2024-01-18,0,0.15,33484.55,Air,Intra-Asia,79.1
2024-01-18,0,0.89,89532.14,Air,Pacific,79.1
2024-01-18,0,0.57,22917.29,Air,Atlantic,79.1
2024-01-18,0,0.33,4095.07,Sea,Pacific,79.1
2024-01-18,0,0.18,3456.22,Sea,Atlantic,79.1
2024-01-18,0,0.59,1555.02,Sea,Intra-Asia,79.1
2024-11-04,5,0.41,766.98,Sea,Atlantic,75.08
2024-11-04,0,0.46,1284.8,Sea,Atlantic,75.08
2024-11-04,0,0.73,6902.7,Sea,Atlantic,75.08
2024-11-04,0,0.13,1133.39,Sea,Atlantic,75.08
2024-11-04,0,0.43,6627.34,Sea,Suez,75.08
2024-11-04,0,0.3,9009.0,Air,Intra-Asia,75.08
2024-11-04,0,0.58,2995.68,Sea,Commodity,75.08
2024-11-04,0,0.61,6903.68,Sea,Atlantic,75.08
2024-11-04,0,0.8,13939.2,Air,Atlantic,75.08
2024-11-04,0,0.48,6330.7,Sea,Suez,75.08
2024-11-04,0,0.71,3288.33,Sea,Suez,75.08
2024-11-04,0,0.63,4065.22,Sea,Intra-Asia,75.08
2024-11-04,0,0.87,548.85,Sea,Suez,75.08
2024-11-04,0,0.47,428.5,Sea,Intra-Asia,75.08
2024-10-25,0,0.21,4915.02,Sea,Intra-Asia,76.05
2024-10-25,0,0.71,124.83,Sea,Intra-Asia,76.05
2024-10-25,0,0.39,2983.64,Sea,Pacific,76.05
2024-10-25,4,0.29,4329.37,Sea,Atlantic,76.05
2024-10-25,0,0.17,5213.52,Sea,Commodity,76.05
2024-10-25,0,0.27,3769.99,Sea,Pacific,76.05
2024-10-25,0,0.26,59500.98,Air,Atlantic,76.05
2024-10-25,0,0.42,44220.22,Air,Suez,76.05
2024-10-25,0,0.33,1406.48,Sea,Intra-Asia,76.05
2024-10-25,0,0.35,6698.03,Sea,Atlantic,76.05
2024-10-25,0,0.66,5873.08,Sea,Atlantic,76.05
2024-03-25,0,0.86,8295.6,Sea,Pacific,86.75
2024-03-25,0,0.42,4220.24,Sea,Intra-Asia,86.75
2024-03-25,4,0.79,4892.48,Sea,Intra-Asia,86.75
2024-03-25,0,0.12,3516.24,Sea,Suez,86.75
2024-03-25,0,0.21,3764.91,Sea,Pacific,86.75
2024-03-25,0,0.37,5387.53,Sea,Atlantic,86.75
2024-03-25,0,0.68,5289.48,Sea,Atlantic,86.75
2024-03-25,0,0.89,3727.08,Sea,Atlantic,86.75
2024-03-25,0,0.12,34754.72,Air,Suez,86.75
2024-03-25,0,0.39,2041.91,Sea,Suez,86.75
2024-03-25,0,0.88,5004.56,Sea,Suez,86.75
2024-03-25,0,0.17,1581.25,Sea,Commodity,86.75
2024-03-25,17,0.31,2695.99,Sea,Suez,86.75
2024-03-25,0,0.13,4034.1,Sea,Commodity,86.75
2024-03-25,3,0.13,2292.09,Sea,Commodity,86.75
2024-03-25,0,0.33,6479.1,Sea,Pacific,86.75
2024-09-19,0,0.26,2854.53,Sea,Suez,74.88
2024-09-19,0,0.71,3141.27,Sea,Suez,74.88
2024-09-19,14,0.49,9690.96,Sea,Suez,74.88
2024-09-19,0,0.43,4357.93,Sea,Suez,74.88
2024-09-19,0,0.3,52237.9,Air,Pacific,74.88
2024-09-19,0,0.45,3751.15,Sea,Suez,74.88
2024-09-19,0,0.85,9038.18,Sea,Intra-Asia,74.88
2024-09-19,0,0.68,8186.64,Sea,Atlantic,74.88
2024-09-19,0,0.59,45316.59,Air,Intra-Asia,74.88
2024-09-19,0,0.39,4518.89,Sea,Pacific,74.88
2024-09-19,0,0.87,7693.18,Sea,Pacific,74.88
2024-09-19,0,0.67,7425.65,Sea,Suez,74.88
2024-09-19,0,0.51,4127.59,Sea,Suez,74.88
2024-09-19,7,0.65,11301.84,Sea,Suez,74.88
2024-07-25,0,0.22,4059.55,Sea,Suez,82.37
2024-07-25,5,0.48,89758.15,Air,Pacific,82.37
2024-07-25,0,0.38,5004.57,Sea,Pacific,82.37
2024-07-25,0,0.35,6467.18,Sea,Commodity,82.37
2024-07-25,9,0.84,4354.18,Sea,Intra-Asia,82.37
2024-07-25,0,0.82,2386.93,Sea,Pacific,82.37
2024-07-25,0,0.2,3891.0,Sea,Commodity,82.37
2024-07-25,0,0.23,5062.68,Sea,Suez,82.37
2024-07-25,0,0.42,6147.89,Sea,Intra-Asia,82.37
2024-07-25,0,0.36,5467.88,Sea,Pacific,82.37
2024-07-25,0,0.68,36119.16,Air,Suez,82.37
2024-07-25,3,0.18,3411.14,Sea,Atlantic,82.37
2024-07-25,0,0.38,1304.1,Sea,Commodity,82.37
2024-07-25,0,0.88,36500.2,Air,Suez,82.37
2024-07-25,0,0.53,3020.99,Sea,Atlantic,82.37
2024-07-25,3,0.85,5445.66,Sea,Intra-Asia,82.37
2024-07-25,0,0.19,4422.64,Sea,Atlantic,82.37
2024-07-25,0,0.2,1701.6,Sea,Atlantic,82.37
2024-07-25,0,0.86,88264.44,Air,Commodity,82.37
2024-07-25,0,0.67,7233.6,Sea,Suez,82.37
2024-07-25,0,0.82,629.72,Sea,Suez,82.37
2024-02-05,0,0.33,1920.52,Sea,Commodity,77.99
2024-02-05,0,0.46,724.89,Sea,Pacific,77.99
2024-02-05,0,0.28,2899.2,Sea,Intra-Asia,77.99
2024-02-05,3,0.84,88065.25,Air,Pacific,77.99
2024-02-05,0,0.33,1104.57,Air,Suez,77.99
2024-02-05,4,0.2,3057.78,Sea,Intra-Asia,77.99
2024-02-05,0,0.87,7619.32,Sea,Suez,77.99
2024-02-05,0,0.75,820.75,Sea,Atlantic,77.99
2024-02-05,0,0.75,172.38,Sea,Atlantic,77.99
2024-02-05,10,0.88,4994.78,Sea,Suez,77.99
2024-02-05,0,0.58,3338.54,Sea,Suez,77.99
2024-02-05,0,0.79,466.3,Sea,Suez,77.99
2024-02-05,0,0.6,7241.6,Sea,Atlantic,77.99
2024-02-05,0,0.77,3193.08,Sea,Commodity,77.99
2025-07-29,0,0.74,318.42,Sea,Intra-Asia,72.51
2025-07-29,0,0.49,2578.45,Sea,Pacific,72.51
2025-07-29,4,0.45,2951.9,Sea,Pacific,72.51
2025-07-29,6,0.69,8621.12,Sea,Atlantic,72.51
2025-07-29,0,0.16,1498.72,Sea,Commodity,72.51
2025-07-29,0,0.5,5998.5,Sea,Suez,72.51
2025-07-29,0,0.83,8639.43,Sea,Atlantic,72.51
2025-07-29,0,0.32,1588.62,Sea,Suez,72.51
2025-07-29,0,0.55,6919.98,Sea,Intra-Asia,72.51
2025-04-08,0,0.77,5503.82,Sea,Commodity,62.82
2025-04-08,0,0.29,59654.76,Air,Intra-Asia,62.82
2025-04-08,0,0.79,35254.94,Air,Suez,62.82
2025-04-08,0,0.63,10874.55,Air,Atlantic,62.82
2025-04-08,0,0.41,2340.6,Sea,Intra-Asia,62.82
2025-04-08,0,0.13,1203.45,Sea,Pacific,62.82
2025-04-08,0,0.73,4350.95,Sea,Commodity,62.82
2025-04-08,0,0.88,83164.62,Air,Suez,62.82
2025-04-08,0,0.79,5003.05,Sea,Atlantic,62.82
2024-05-30,0,0.62,3882.33,Sea,Commodity,81.86
2024-05-30,0,0.66,6485.62,Sea,Atlantic,81.86
2024-05-30,0,0.14,1489.98,Sea,Commodity,81.86
2024-05-30,1,0.39,480.25,Sea,Intra-Asia,81.86
2024-05-30,0,0.42,216.55,Sea,Pacific,81.86
2024-05-30,0,0.71,4039.88,Sea,Pacific,81.86
2024-05-30,14,0.54,5717.71,Sea,Suez,81.86
2024-05-30,0,0.89,1955.21,Sea,Pacific,81.86
2024-05-30,0,0.82,33533.5,Air,Pacific,81.86
2024-05-30,0,0.47,5989.52,Sea,Commodity,81.86
2024-05-30,0,0.16,4339.56,Sea,Suez,81.86
2024-05-30,0,0.57,5134.68,Sea,Suez,81.86
2024-05-30,0,0.85,111.93,Sea,Commodity,81.86
2024-05-30,0,0.55,33008.8,Air,Suez,81.86
2024-05-30,0,0.79,2094.3,Sea,Atlantic,81.86
2025-12-02,2,0.72,2499.33,Sea,Pacific,62.45
2025-12-02,9,0.54,63525.0,Air,Suez,62.45
2025-12-02,0,0.44,3692.16,Sea,Commodity,62.45
2025-12-02,1,0.39,31535.63,Air,Suez,62.45
2025-12-02,0,0.17,4974.84,Sea,Pacific,62.45
2025-12-02,0,0.32,3853.74,Sea,Suez,62.45
2025-12-02,0,0.6,1048.0,Sea,Commodity,62.45
2024-08-20,0,0.36,5673.24,Sea,Atlantic,77.2
2024-08-20,0,0.88,2362.22,Sea,Atlantic,77.2
2024-08-20,0,0.67,3801.75,Sea,Intra-Asia,77.2
2024-08-20,0,0.61,1514.2,Sea,Intra-Asia,77.2
2024-08-20,0,0.85,3652.83,Air,Suez,77.2
2024-08-20,0,0.6,4268.0,Sea,Atlantic,77.2
2024-08-20,0,0.31,77.95,Sea,Commodity,77.2
2024-08-20,0,0.31,714.61,Sea,Atlantic,77.2
2024-08-20,0,0.28,2516.48,Sea,Pacific,77.2
2024-08-20,13,0.28,6420.48,Sea,Suez,77.2
2024-08-20,0,0.76,5749.92,Sea,Suez,77.2
2024-08-20,0,0.14,4366.77,Sea,Atlantic,77.2
2024-08-20,0,0.22,3216.53,Sea,Pacific,77.2
2024-08-20,0,0.35,3950.78,Sea,Atlantic,77.2
2024-08-20,0,0.46,581.08,Sea,Suez,77.2
2024-08-20,0,0.9,2408.25,Sea,Atlantic,77.2
2024-08-20,0,0.59,7721.04,Sea,Commodity,77.2
2024-08-12,0,0.1,58878.6,Air,Pacific,82.3
2024-08-12,0,0.23,82.41,Sea,Intra-Asia,82.3
2024-08-12,0,0.86,7534.86,Sea,Pacific,82.3
2024-08-12,0,0.17,3831.16,Sea,Suez,82.3
2024-08-12,0,0.37,6763.69,Sea,Pacific,82.3
2024-08-12,0,0.44,3328.56,Sea,Intra-Asia,82.3
2024-08-12,7,0.75,7581.0,Sea,Intra-Asia,82.3
2024-08-12,0,0.12,4497.36,Sea,Pacific,82.3
2024-08-12,0,0.54,61568.43,Air,Suez,82.3
2024-08-12,0,0.49,4624.22,Sea,Commodity,82.3
2024-08-12,0,0.16,3687.64,Sea,Atlantic,82.3
2024-08-12,0,0.87,2020.54,Sea,Atlantic,82.3
2024-08-12,0,0.85,6401.0,Sea,Suez,82.3
2024-08-12,10,0.38,4473.68,Sea,Intra-Asia,82.3
2024-08-12,0,0.25,30511.25,Air,Commodity,82.3
2024-08-12,0,0.65,504.07,Sea,Suez,82.3
2024-10-31,0,0.7,3176.45,Sea,Suez,73.16
2024-10-31,0,0.49,2974.04,Sea,Commodity,73.16
2024-10-31,1,0.6,62233.6,Air,Commodity,73.16
2024-10-31,0,0.44,5023.44,Sea,Atlantic,73.16
2024-10-31,0,0.85,292.3,Sea,Intra-Asia,73.16
2024-10-31,0,0.11,229.22,Sea,Suez,73.16
2024-10-31,0,0.15,4717.3,Sea,Commodity,73.16
2024-10-31,0,0.15,555.45,Sea,Suez,73.16
2024-10-31,1,0.3,4748.25,Sea,Suez,73.16
2024-10-31,0,0.37,57861.27,Air,Suez,73.16
2024-10-31,0,0.4,6267.8,Sea,Suez,73.16
2024-10-31,0,0.39,783.27,Sea,Suez,73.16
2024-10-31,0,0.67,4255.99,Sea,Commodity,73.16
2024-10-31,0,0.42,43532.94,Air,Intra-Asia,73.16
2024-10-31,0,0.41,2303.94,Sea,Atlantic,73.16
2024-10-31,0,0.23,4137.1,Sea,Pacific,73.16
2024-10-31,0,0.43,1404.26,Sea,Suez,73.16
2024-10-31,0,0.7,7983.2,Sea,Intra-Asia,73.16
2026-01-02,0,0.57,4369.31,Sea,Atlantic,60.75
2026-01-02,1,0.75,3872.75,Sea,Suez,60.75
2026-01-02,0,0.12,4739.84,Sea,Suez,60.75
2026-01-02,0,0.45,5860.18,Sea,Suez,60.75
2026-01-02,0,0.36,5466.52,Sea,Suez,60.75
2026-01-02,0,0.63,2752.25,Sea,Suez,60.75
2026-01-02,0,0.62,3963.33,Sea,Atlantic,60.75
2026-01-02,0,0.18,4252.72,Sea,Suez,60.75
2026-01-02,0,0.53,7122.91,Sea,Atlantic,60.75
2024-11-27,0,0.89,3966.17,Sea,Commodity,72.83
2024-11-27,0,0.71,7901.05,Sea,Suez,72.83
2024-11-27,0,0.18,4193.72,Sea,Commodity,72.83
2024-11-27,0,0.31,2155.61,Sea,Commodity,72.83
2024-11-27,0,0.33,4117.68,Sea,Pacific,72.83
2024-11-27,0,0.12,2075.92,Sea,Pacific,72.83
2024-11-27,11,0.26,6482.45,Sea,Suez,72.83
2024-11-27,0,0.47,3204.6,Sea,Atlantic,72.83
2024-11-27,0,0.41,5604.05,Sea,Suez,72.83
2024-11-27,0,0.89,77837.76,Air,Intra-Asia,72.83
2024-11-27,0,0.28,1142.4,Sea,Suez,72.83
2024-11-27,0,0.73,6035.97,Sea,Pacific,72.83
2024-11-27,0,0.26,6050.52,Sea,Pacific,72.83
2024-11-27,0,0.58,4524.33,Sea,Intra-Asia,72.83
2024-11-27,0,0.37,4634.71,Sea,Suez,72.83
2024-11-27,0,0.49,3975.32,Sea,Suez,72.83
2024-11-27,0,0.38,2337.03,Sea,Atlantic,72.83
2024-11-27,4,0.24,2929.19,Sea,Atlantic,72.83
2025-08-25,0,0.6,4849.6,Sea,Intra-Asia,68.8
2025-08-25,0,0.66,7030.1,Sea,Pacific,68.8
2025-08-25,0,0.57,624.86,Sea,Suez,68.8
2025-08-25,0,0.48,3531.28,Sea,Intra-Asia,68.8
2025-08-25,0,0.46,5068.39,Sea,Commodity,68.8
2025-08-25,0,0.66,4917.75,Sea,Intra-Asia,68.8
2025-08-25,3,0.68,119301.34,Air,Intra-Asia,68.8
2025-08-25,0,0.62,6002.1,Sea,Suez,68.8
2025-08-25,0,0.74,1573.83,Sea,Intra-Asia,68.8
2025-08-25,0,0.53,1155.15,Sea,Pacific,68.8
2025-12-04,1,0.87,4838.62,Sea,Suez,63.26
2025-12-04,0,0.63,2638.15,Sea,Suez,63.26
2025-12-04,0,0.24,2825.96,Sea,Pacific,63.26
2025-12-04,0,0.68,8359.68,Sea,Atlantic,63.26
2025-12-04,0,0.25,4620.62,Sea,Suez,63.26
2025-12-04,0,0.28,3022.72,Sea,Suez,63.26
2025-12-04,0,0.82,3286.01,Sea,Commodity,63.26
2025-12-04,9,0.86,6257.04,Sea,Suez,63.26
2025-12-04,0,0.75,58751.0,Air,Atlantic,63.26
2025-12-04,0,0.83,7977.89,Sea,Suez,63.26
2025-12-04,0,0.4,1317.4,Sea,Intra-Asia,63.26
2025-12-04,0,0.7,7034.6,Sea,Intra-Asia,63.26
2025-12-04,0,0.13,4358.97,Sea,Commodity,63.26
2025-12-04,0,0.54,5438.51,Sea,Suez,63.26
2025-12-04,2,0.15,3192.54,Sea,Atlantic,63.26
2025-12-04,0,0.71,82707.57,Air,Pacific,63.26
2025-12-04,0,0.45,2082.2,Sea,Intra-Asia,63.26
2024-04-25,0,0.19,5633.46,Sea,Suez,89.01
2024-04-25,2,0.27,2942.79,Sea,Commodity,89.01
2024-04-25,0,0.75,1530.38,Sea,Pacific,89.01
2024-04-25,0,0.68,16992.36,Air,Suez,89.01
2024-04-25,0,0.2,1763.4,Sea,Intra-Asia,89.01
2024-04-25,0,0.2,5721.0,Sea,Commodity,89.01
2024-04-25,9,0.13,119447.33,Air,Suez,89.01
2024-04-25,0,0.72,93814.82,Air,Pacific,89.01
2024-04-25,0,0.55,7584.15,Sea,Suez,89.01
2024-04-25,0,0.35,1142.78,Sea,Commodity,89.01
2024-04-25,5,0.45,7346.57,Sea,Pacific,89.01
2024-04-25,0,0.62,4604.04,Sea,Intra-Asia,89.01
2024-04-25,0,0.68,5685.96,Sea,Suez,89.01
2024-04-25,0,0.66,2600.39,Sea,Atlantic,89.01
2024-05-10,0,0.59,6445.06,Sea,Suez,82.79
2024-05-10,0,0.86,1229.46,Sea,Suez,82.79
2024-05-10,0,0.38,2384.64,Sea,Pacific,82.79
2024-05-10,0,0.67,4941.53,Sea,Pacific,82.79
2024-05-10,13,0.37,165125.02,Air,Suez,82.79
2024-05-10,0,0.42,6496.5,Sea,Atlantic,82.79
2024-05-10,0,0.82,967.33,Sea,Suez,82.79
2024-05-10,20,0.21,102236.76,Air,Suez,82.79
2024-05-10,1,0.6,37911.72,Air,Atlantic,82.79
2024-05-10,0,0.62,52230.42,Air,Pacific,82.79
2025-06-05,6,0.45,43371.24,Air,Intra-Asia,65.34
2025-06-05,0,0.62,1629.72,Sea,Pacific,65.34
2025-06-05,0,0.33,1389.19,Sea,Suez,65.34
2025-06-05,0,0.2,342.0,Sea,Suez,65.34
2025-06-05,0,0.48,3857.62,Sea,Suez,65.34
2025-06-05,0,0.39,3198.39,Sea,Pacific,65.34
2025-06-05,4,0.66,2758.17,Sea,Commodity,65.34
2025-06-05,0,0.37,1052.16,Sea,Commodity,65.34
2025-06-05,0,0.69,962.45,Sea,Suez,65.34
2025-06-05,0,0.57,5846.68,Sea,Suez,65.34
2025-06-05,1,0.7,7531.0,Sea,Pacific,65.34
2025-06-05,4,0.4,2502.89,Air,Pacific,65.34
2025-06-05,0,0.24,644.18,Sea,Suez,65.34
2024-10-15,0,0.22,4201.07,Sea,Atlantic,74.25
2024-10-15,0,0.72,7888.78,Sea,Atlantic,74.25
2024-10-15,0,0.34,462.97,Sea,Commodity,74.25
2024-10-15,10,0.86,7939.97,Sea,Suez,74.25
2024-10-15,0,0.38,2533.68,Sea,Suez,74.25
2024-10-15,0,0.83,34452.5,Air,Intra-Asia,74.25
2024-10-15,0,0.19,50344.14,Air,Intra-Asia,74.25
2024-10-15,0,0.19,3120.77,Sea,Intra-Asia,74.25
2024-10-15,16,0.38,3958.94,Sea,Suez,74.25
2024-10-15,0,0.46,3374.79,Sea,Pacific,74.25
2024-10-15,0,0.52,4175.44,Sea,Atlantic,74.25
2024-10-15,0,0.52,669.56,Sea,Suez,74.25
2024-10-15,1,0.42,99458.01,Air,Atlantic,74.25
2024-10-15,0,0.63,3911.18,Sea,Pacific,74.25
2024-10-15,0,0.2,1164.0,Sea,Suez,74.25
2024-10-15,0,0.57,67301.19,Air,Suez,74.25
2024-10-15,3,0.69,8694.54,Sea,Atlantic,74.25
2024-10-15,0,0.79,8471.17,Sea,Pacific,74.25
2025-02-20,0,0.7,2874.7,Sea,Atlantic,76.48
2025-02-20,0,0.45,3667.78,Sea,Commodity,76.48
2025-02-20,0,0.51,1936.58,Sea,Intra-Asia,76.48
2025-02-20,0,0.44,829.44,Sea,Intra-Asia,76.48
2025-02-20,0,0.57,7843.72,Sea,Atlantic,76.48
2025-02-20,0,0.64,8037.64,Sea,Suez,76.48
2025-02-20,0,0.12,15554.0,Air,Suez,76.48
2025-02-20,0,0.81,3075.19,Sea,Suez,76.48
2025-02-20,0,0.77,3239.99,Sea,Suez,76.48
2025-02-20,7,0.41,6380.81,Sea,Commodity,76.48
2025-02-20,0,0.88,2432.72,Sea,Suez,76.48
2025-02-20,0,0.69,4933.11,Sea,Atlantic,76.48
2025-02-20,0,0.48,5370.92,Sea,Intra-Asia,76.48
2024-03-27,0,0.76,1518.88,Sea,Pacific,86.09
2024-03-27,0,0.45,68002.82,Air,Commodity,86.09
2024-03-27,0,0.69,7485.01,Sea,Suez,86.09
2024-03-27,0,0.22,722.85,Sea,Commodity,86.09
2024-03-27,0,0.62,1677.51,Sea,Suez,86.09
2024-03-27,0,0.54,6754.44,Sea,Commodity,86.09
2024-03-27,0,0.2,2361.6,Sea,Suez,86.09
2024-03-27,14,0.62,42040.94,Air,Suez,86.09
2024-03-27,0,0.24,3993.42,Sea,Suez,86.09
2024-03-27,0,0.1,5177.15,Sea,Suez,86.09
2024-03-27,11,0.71,4091.69,Sea,Suez,86.09
2024-03-27,14,0.61,8977.36,Sea,Suez,86.09
2025-11-12,0,0.43,3805.94,Sea,Pacific,62.71
2025-11-12,0,0.42,4898.29,Sea,Suez,62.71
2025-11-12,9,0.17,52169.83,Air,Suez,62.71
2025-11-12,10,0.45,736.61,Sea,Suez,62.71
2025-11-12,0,0.4,5051.2,Air,Suez,62.71
2025-11-12,0,0.72,7898.24,Sea,Commodity,62.71
2025-11-12,0,0.71,2777.04,Sea,Intra-Asia,62.71
2025-11-12,0,0.5,2226.75,Sea,Commodity,62.71
2025-11-12,0,0.59,35154.9,Air,Commodity,62.71
2025-11-12,7,0.73,11366.78,Sea,Suez,62.71
2025-11-12,0,0.6,15945.6,Air,Suez,62.71
2025-11-12,0,0.59,57096.1,Air,Pacific,62.71
2025-11-12,2,0.3,1766.41,Sea,Atlantic,62.71
2025-11-12,0,0.25,1113.75,Sea,Suez,62.71
2024-02-29,0,0.67,30356.42,Air,Commodity,83.62
2024-02-29,0,0.85,7865.28,Sea,Pacific,83.62
2024-02-29,4,0.45,3592.73,Sea,Intra-Asia,83.62
2024-02-29,0,0.3,45087.9,Air,Suez,83.62
2024-02-29,0,0.38,13495.02,Air,Pacific,83.62
2024-02-29,0,0.18,2574.17,Sea,Suez,83.62
2024-02-29,5,0.62,327.89,Sea,Pacific,83.62
2024-02-29,7,0.46,3447.28,Sea,Commodity,83.62
2024-02-29,4,0.11,55735.3,Air,Atlantic,83.62
2024-02-29,0,0.12,55957.44,Air,Atlantic,83.62
2024-02-29,0,0.5,64358.25,Air,Pacific,83.62
2024-02-29,0,0.44,259.92,Sea,Suez,83.62
2024-02-29,0,0.58,77306.24,Air,Suez,83.62
2024-02-29,7,0.82,9462.54,Sea,Suez,83.62
2024-02-29,0,0.27,4996.18,Sea,Suez,83.62
2024-02-29,0,0.67,31173.89,Air,Commodity,83.62
2025-12-10,0,0.79,3275.7,Sea,Commodity,62.21
2025-12-10,0,0.19,3862.14,Sea,Commodity,62.21
2025-12-10,0,0.22,629.52,Sea,Suez,62.21
2025-12-10,0,0.46,5828.32,Sea,Suez,62.21
2025-12-10,0,0.48,5519.66,Sea,Suez,62.21
2025-12-10,0,0.41,5801.44,Sea,Intra-Asia,62.21
2025-12-10,0,0.17,1869.66,Sea,Suez,62.21
2025-12-10,0,0.51,3174.78,Sea,Intra-Asia,62.21
2025-12-10,0,0.62,1072.44,Sea,Suez,62.21
2025-12-10,0,0.17,3564.4,Sea,Suez,62.21
2025-12-10,0,0.16,1298.04,Sea,Atlantic,62.21
2024-03-12,0,0.72,8473.58,Sea,Atlantic,81.92
2024-03-12,0,0.78,6682.12,Sea,Commodity,81.92
2024-03-12,2,0.1,4020.83,Sea,Commodity,81.92
2024-03-12,0,0.17,3109.86,Sea,Atlantic,81.92
2024-03-12,0,0.81,8763.11,Sea,Suez,81.92
2024-03-12,0,0.3,300.95,Sea,Intra-Asia,81.92
2024-03-12,0,0.11,2778.89,Sea,Intra-Asia,81.92
2024-03-12,0,0.88,8889.58,Sea,Suez,81.92
2024-03-12,0,0.66,2389.57,Sea,Pacific,81.92
2024-03-12,0,0.34,1337.99,Sea,Commodity,81.92
2024-03-12,0,0.68,3310.44,Sea,Pacific,81.92
2024-03-12,0,0.41,238.99,Sea,Commodity,81.92
2025-01-22,0,0.56,3882.84,Sea,Pacific,79.0
2025-01-22,0,0.52,3739.96,Sea,Suez,79.0
2025-01-22,2,0.82,5632.63,Sea,Intra-Asia,79.0
2025-01-22,0,0.24,2532.7,Sea,Atlantic,79.0
2025-01-22,0,0.29,6918.7,Sea,Intra-Asia,79.0
2025-01-22,11,0.33,1587.49,Sea,Suez,79.0
2025-01-22,0,0.58,3468.1,Sea,Atlantic,79.0
2025-01-22,0,0.43,42612.57,Air,Intra-Asia,79.0
2025-01-22,0,0.62,2573.37,Sea,Commodity,79.0
2025-01-22,0,0.36,2161.72,Sea,Suez,79.0
2025-01-22,0,0.22,988.2,Sea,Suez,79.0
2025-01-22,0,0.15,31378.32,Air,Suez,79.0
2025-01-22,0,0.41,860.8,Sea,Pacific,79.0
2025-01-22,0,0.11,1284.83,Sea,Suez,79.0
2025-01-22,0,0.66,1198.52,Sea,Commodity,79.0
2025-01-22,0,0.26,4910.22,Sea,Atlantic,79.0
2025-08-11,0,0.59,83077.5,Air,Intra-Asia,66.63
2025-08-11,0,0.37,156.87,Sea,Atlantic,66.63
2025-08-11,5,0.59,4390.31,Sea,Intra-Asia,66.63
2025-08-11,0,0.36,6632.72,Sea,Suez,66.63
2025-08-11,9,0.84,39492.29,Air,Suez,66.63
2025-08-11,0,0.19,4802.84,Sea,Suez,66.63
2025-08-11,0,0.72,54224.72,Air,Atlantic,66.63
2025-08-11,3,0.84,9175.8,Sea,Commodity,66.63
2024-06-27,0,0.47,2826.81,Sea,Pacific,86.39
2024-06-27,0,0.82,1683.5,Sea,Commodity,86.39
2024-06-27,0,0.51,6788.2,Sea,Intra-Asia,86.39
2024-06-27,1,0.89,8142.41,Sea,Commodity,86.39
2024-06-27,0,0.22,3013.4,Sea,Atlantic,86.39
2024-06-27,5,0.19,17365.19,Air,Atlantic,86.39
2024-06-27,0,0.87,7414.55,Sea,Atlantic,86.39
2024-06-27,0,0.47,577.71,Sea,Suez,86.39
2024-06-27,6,0.26,4855.85,Sea,Atlantic,86.39
2024-06-27,0,0.15,171.92,Sea,Atlantic,86.39
2024-06-27,0,0.44,25011.36,Air,Pacific,86.39
2024-06-27,0,0.57,7757.37,Sea,Pacific,86.39
2024-06-27,0,0.66,110.39,Sea,Pacific,86.39
2024-06-27,0,0.55,5022.78,Sea,Commodity,86.39
2024-06-27,0,0.38,5280.57,Sea,Suez,86.39
2024-06-27,0,0.31,71956.34,Air,Atlantic,86.39
2024-06-27,0,0.73,5493.61,Sea,Atlantic,86.39
2024-06-27,0,0.78,981.67,Sea,Atlantic,86.39
2024-06-27,0,0.8,83526.3,Air,Suez,86.39
2024-05-13,0,0.42,717.1,Sea,Intra-Asia,83.36
2024-05-13,0,0.45,52977.92,Air,Suez,83.36
2024-05-13,0,0.69,2912.71,Sea,Pacific,83.36
2024-05-13,0,0.56,63860.94,Air,Commodity,83.36
2024-05-13,0,0.51,7231.39,Sea,Atlantic,83.36
2024-05-13,0,0.28,6168.96,Sea,Intra-Asia,83.36
2024-05-13,0,0.75,1939.0,Sea,Intra-Asia,83.36
2024-05-13,0,0.79,6175.5,Sea,Intra-Asia,83.36
2024-05-13,0,0.83,3292.17,Sea,Suez,83.36
2024-05-13,0,0.43,278.13,Sea,Pacific,83.36
2024-05-13,0,0.39,526.81,Sea,Intra-Asia,83.36
2024-05-13,0,0.52,5739.52,Sea,Commodity,83.36
2024-05-13,0,0.19,2100.94,Air,Suez,83.36
2024-05-13,0,0.29,23292.89,Air,Intra-Asia,83.36
2024-05-13,0,0.18,5476.38,Sea,Atlantic,83.36
2024-09-12,0,0.63,3568.07,Sea,Suez,71.97
2024-09-12,0,0.59,6360.0,Sea,Commodity,71.97
2024-09-12,0,0.21,2926.99,Sea,Atlantic,71.97
2024-09-12,0,0.67,2369.73,Sea,Atlantic,71.97
2024-09-12,17,0.58,10687.12,Sea,Suez,71.97
2024-09-12,0,0.16,24907.52,Air,Pacific,71.97
2024-09-12,0,0.48,3173.86,Sea,Atlantic,71.97
2024-09-12,0,0.39,2159.37,Sea,Pacific,71.97
2024-09-12,0,0.72,4165.84,Sea,Atlantic,71.97
2024-09-12,0,0.25,532.5,Sea,Commodity,71.97
2024-09-12,0,0.54,33126.17,Air,Suez,71.97
2024-09-12,0,0.37,1558.38,Sea,Commodity,71.97
2024-09-12,0,0.55,1440.73,Air,Intra-Asia,71.97
2024-09-12,0,0.3,6162.0,Sea,Commodity,71.97
2024-09-12,0,0.44,1435.68,Sea,Commodity,71.97
2024-09-12,0,0.83,805.2,Sea,Atlantic,71.97
2024-09-12,0,0.83,6214.68,Sea,Suez,71.97
2024-09-12,0,0.27,2941.95,Sea,Suez,71.97
2024-09-12,0,0.68,6931.68,Sea,Atlantic,71.97
2024-09-17,0,0.82,1293.11,Sea,Commodity,73.7
2024-09-17,0,0.31,2287.91,Sea,Suez,73.7
2024-09-17,2,0.79,2955.65,Sea,Pacific,73.7
2024-09-17,0,0.34,43011.32,Air,Intra-Asia,73.7
2024-09-17,0,0.54,2831.29,Sea,Commodity,73.7
2024-09-17,4,0.71,9168.34,Sea,Intra-Asia,73.7
2024-09-17,0,0.65,80912.7,Air,Commodity,73.7
2024-09-17,0,0.23,2733.06,Sea,Pacific,73.7
2024-09-17,0,0.52,6542.08,Sea,Pacific,73.7
2024-09-17,0,0.5,3900.0,Sea,Atlantic,73.7
2024-09-17,0,0.16,4147.58,Sea,Pacific,73.7
2024-09-17,0,0.73,168.68,Sea,Intra-Asia,73.7
2024-09-10,0,0.43,3070.21,Sea,Intra-Asia,69.19
2024-09-10,0,0.61,2035.04,Sea,Pacific,69.19
2024-09-10,0,0.58,73604.3,Air,Atlantic,69.19
2024-09-10,0,0.21,2780.58,Sea,Intra-Asia,69.19
2024-09-10,0,0.17,3676.14,Sea,Atlantic,69.19
2024-09-10,5,0.1,2220.57,Sea,Intra-Asia,69.19
2024-09-10,0,0.14,2508.57,Sea,Suez,69.19
2024-09-10,5,0.68,261.07,Sea,Intra-Asia,69.19
2024-09-10,0,0.84,2420.52,Sea,Commodity,69.19
2024-09-10,9,0.77,9394.45,Sea,Intra-Asia,69.19
2024-09-10,0,0.12,889.28,Sea,Suez,69.19
2024-09-10,15,0.22,4709.2,Sea,Suez,69.19
2024-09-10,0,0.57,4951.78,Sea,Atlantic,69.19
2024-09-10,0,0.37,4112.06,Sea,Intra-Asia,69.19
2025-01-21,0,0.29,1382.88,Sea,Suez,79.29
2025-01-21,0,0.8,2259.9,Sea,Suez,79.29
2025-01-21,0,0.28,52342.4,Air,Intra-Asia,79.29
2025-01-21,0,0.64,2813.42,Sea,Intra-Asia,79.29
2025-01-21,0,0.14,5028.54,Sea,Suez,79.29
2025-01-21,0,0.44,1561.68,Sea,Atlantic,79.29
2025-01-21,0,0.83,79704.74,Air,Commodity,79.29
2025-01-21,19,0.52,8549.7,Sea,Suez,79.29
2025-12-18,0,0.19,4065.63,Sea,Atlantic,59.82
2025-12-18,0,0.46,3106.15,Sea,Intra-Asia,59.82
2025-12-18,0,0.3,25933.05,Air,Atlantic,59.82
2025-12-18,0,0.62,2166.75,Sea,Suez,59.82
2025-12-18,0,0.83,8799.56,Sea,Suez,59.82
2025-12-18,0,0.29,560.5,Sea,Atlantic,59.82
2025-12-18,0,0.65,7001.77,Sea,Suez,59.82
2025-12-18,0,0.77,3062.99,Sea,Atlantic,59.82
2025-12-18,0,0.19,972.82,Sea,Suez,59.82
2025-12-18,0,0.43,5765.76,Sea,Commodity,59.82
2025-12-18,0,0.88,319.6,Sea,Commodity,59.82
2025-12-18,0,0.44,6963.12,Sea,Atlantic,59.82
2025-12-18,0,0.48,291.56,Sea,Suez,59.82
2024-10-01,0,0.57,5237.52,Sea,Commodity,73.56
2024-10-01,0,0.6,5736.0,Sea,Pacific,73.56
2024-10-01,0,0.84,66751.52,Air,Intra-Asia,73.56
2024-10-01,0,0.85,2295.85,Sea,Suez,73.56
2024-10-01,0,0.1,4087.6,Sea,Suez,73.56
2024-10-01,0,0.53,7340.94,Sea,Atlantic,73.56
2024-10-01,0,0.33,5106.53,Sea,Atlantic,73.56
2024-10-01,17,0.16,13446.72,Sea,Suez,73.56
2024-10-01,0,0.29,460.53,Sea,Pacific,73.56
2024-10-01,0,0.22,14782.13,Air,Suez,73.56
2024-10-01,0,0.88,44782.54,Air,Suez,73.56
2024-10-01,0,0.74,46567.62,Air,Suez,73.56
2024-10-01,3,0.73,6029.66,Sea,Intra-Asia,73.56
2024-10-01,5,0.54,7809.34,Sea,Commodity,73.56
2024-10-01,15,0.44,10017.79,Sea,Suez,73.56
2024-10-01,0,0.69,2643.16,Sea,Suez,73.56
2024-10-01,0,0.54,4144.14,Sea,Suez,73.56
2024-06-17,8,0.61,8554.9,Sea,Suez,84.25
2024-06-17,0,0.58,2030.3,Sea,Pacific,84.25
2024-06-17,0,0.36,1317.84,Sea,Pacific,84.25
2024-06-17,11,0.14,2541.74,Sea,Suez,84.25
2024-06-17,0,0.51,3961.49,Air,Intra-Asia,84.25
2024-06-17,0,0.74,8044.02,Sea,Atlantic,84.25
2024-06-17,0,0.3,24681.8,Air,Atlantic,84.25
2024-06-17,0,0.12,570.08,Sea,Suez,84.25
2024-06-17,0,0.11,4151.4,Sea,Suez,84.25
2024-06-17,0,0.55,3965.68,Sea,Commodity,84.25
2024-06-17,0,0.12,1073.52,Sea,Suez,84.25
2024-06-17,0,0.6,5293.6,Sea,Commodity,84.25
2024-12-12,6,0.78,8333.25,Sea,Pacific,73.41
2024-12-12,0,0.15,5401.55,Sea,Atlantic,73.41
2024-12-12,0,0.54,2457.84,Sea,Commodity,73.41
2024-12-12,0,0.25,4283.12,Sea,Commodity,73.41
2024-12-12,0,0.27,6306.82,Sea,Commodity,73.41
2024-12-12,0,0.43,6743.88,Sea,Suez,73.41
2024-12-12,0,0.44,2981.52,Sea,Atlantic,73.41
2024-12-12,3,0.3,3712.99,Sea,Atlantic,73.41
2024-12-12,3,0.2,109.56,Sea,Pacific,73.41
2024-12-12,0,0.75,2059.75,Sea,Pacific,73.41
2025-03-19,0,0.29,8400.48,Air,Pacific,70.78
2025-03-19,0,0.83,69710.19,Air,Intra-Asia,70.78
2025-03-19,0,0.74,4779.78,Sea,Suez,70.78
2025-03-19,0,0.13,46109.08,Air,Suez,70.78
2025-03-19,0,0.65,3894.0,Sea,Pacific,70.78
2025-03-19,0,0.86,7462.32,Sea,Commodity,70.78
2025-03-19,0,0.8,5238.0,Sea,Intra-Asia,70.78
2025-03-19,14,0.81,9519.15,Sea,Suez,70.78
2025-03-19,0,0.49,74795.76,Air,Suez,70.78
2025-03-19,0,0.82,507.78,Sea,Commodity,70.78
2025-03-19,0,0.21,5076.56,Sea,Atlantic,70.78
2025-03-19,0,0.28,1301.12,Sea,Pacific,70.78
2025-03-19,0,0.15,4995.6,Sea,Suez,70.78
2025-03-19,0,0.85,4229.1,Sea,Suez,70.78
2025-03-19,3,0.24,6292.13,Sea,Intra-Asia,70.78
2025-03-19,0,0.54,1356.74,Sea,Atlantic,70.78
2025-03-19,0,0.59,7686.85,Air,Commodity,70.78
2024-04-12,0,0.2,722.4,Sea,Commodity,90.45
2024-04-12,0,0.24,3131.62,Sea,Suez,90.45
2024-04-12,0,0.83,4852.24,Sea,Commodity,90.45
2024-04-12,0,0.72,2962.7,Sea,Pacific,90.45
2024-04-12,0,0.2,174.6,Sea,Suez,90.45
2024-04-12,0,0.85,2528.95,Sea,Suez,90.45
2024-04-12,0,0.76,6629.04,Sea,Atlantic,90.45
2024-04-12,0,0.53,6934.73,Sea,Pacific,90.45
2024-04-12,16,0.21,1836.77,Sea,Suez,90.45
2024-04-12,0,0.59,1440.54,Sea,Intra-Asia,90.45
2024-04-12,0,0.56,7043.4,Sea,Intra-Asia,90.45
2024-04-12,0,0.88,4525.16,Sea,Commodity,90.45
2024-04-12,0,0.49,3245.22,Sea,Atlantic,90.45
2024-04-12,0,0.77,38978.94,Air,Intra-Asia,90.45
2024-04-12,0,0.86,6580.68,Sea,Intra-Asia,90.45
2024-04-12,0,0.68,2192.4,Sea,Suez,90.45
2024-04-12,0,0.33,1145.8,Sea,Atlantic,90.45
2024-04-12,0,0.2,840.6,Sea,Atlantic,90.45
2024-04-12,0,0.79,4074.04,Sea,Pacific,90.45
2024-04-12,0,0.51,6611.53,Sea,Commodity,90.45
2024-12-03,0,0.46,1986.33,Sea,Suez,73.62
2024-12-03,0,0.33,3079.62,Sea,Commodity,73.62
2024-12-03,0,0.23,37058.67,Air,Suez,73.62
2024-12-03,0,0.79,5395.95,Sea,Intra-Asia,73.62
2024-12-03,0,0.31,525.31,Sea,Commodity,73.62
2024-12-03,0,0.21,1232.99,Sea,Intra-Asia,73.62
2024-12-03,0,0.63,6486.58,Sea,Atlantic,73.62
2024-12-03,0,0.53,1240.83,Sea,Commodity,73.62
2024-12-03,0,0.11,6446.88,Air,Intra-Asia,73.62
2024-12-03,3,0.48,61299.08,Air,Intra-Asia,73.62
2024-12-03,0,0.38,5376.48,Sea,Suez,73.62
2024-12-03,0,0.23,3247.2,Sea,Commodity,73.62
2024-12-03,0,0.49,6288.55,Sea,Commodity,73.62
2024-12-03,17,0.63,1129.26,Sea,Suez,73.62
2024-12-03,0,0.21,19512.46,Air,Intra-Asia,73.62
2024-12-03,0,0.41,2892.61,Sea,Suez,73.62
2024-12-03,0,0.26,3939.39,Sea,Suez,73.62
2024-12-03,3,0.76,1887.6,Sea,Pacific,73.62
2024-12-03,0,0.29,5721.15,Sea,Commodity,73.62
2024-07-29,7,0.71,5328.02,Sea,Pacific,79.78
2024-07-29,11,0.74,12999.89,Sea,Suez,79.78
2024-07-29,0,0.57,2661.15,Sea,Suez,79.78
2024-07-29,0,0.24,4958.76,Sea,Atlantic,79.78
2024-07-29,0,0.22,5283.82,Sea,Pacific,79.78
2024-07-29,0,0.54,82963.65,Air,Commodity,79.78
2024-07-29,0,0.16,54823.34,Air,Commodity,79.78
2024-07-29,0,0.12,4268.32,Sea,Pacific,79.78
2024-07-29,7,0.64,2082.14,Sea,Intra-Asia,79.78
2024-07-29,0,0.79,33029.97,Air,Pacific,79.78
2024-07-29,0,0.49,5890.72,Sea,Suez,79.78
2024-07-29,0,0.17,5397.8,Sea,Suez,79.78
2024-07-29,0,0.35,2734.43,Sea,Pacific,79.78
2024-07-29,0,0.24,4371.62,Sea,Atlantic,79.78
2024-07-29,7,0.77,2265.24,Sea,Intra-Asia,79.78
2024-07-29,0,0.77,3311.67,Sea,Atlantic,79.78
2024-07-29,0,0.6,2407.2,Sea,Pacific,79.78
2024-07-29,0,0.45,364.68,Sea,Commodity,79.78
2024-07-29,0,0.58,69563.45,Air,Suez,79.78
2024-07-29,0,0.64,1621.14,Sea,Pacific,79.78
2024-07-29,16,0.64,10372.67,Sea,Suez,79.78
2024-04-24,0,0.22,2644.96,Sea,Commodity,88.02
2024-04-24,0,0.65,6105.0,Sea,Atlantic,88.02
2024-04-24,2,0.73,8875.59,Sea,Pacific,88.02
2024-04-24,0,0.76,1093.84,Sea,Pacific,88.02
2024-04-24,0,0.67,5969.41,Sea,Atlantic,88.02
2024-04-24,0,0.62,3559.95,Sea,Suez,88.02
2024-04-24,0,0.18,1611.29,Sea,Pacific,88.02
2024-04-24,0,0.42,20977.66,Air,Pacific,88.02
2024-04-24,0,0.9,6676.6,Sea,Intra-Asia,88.02
2024-04-24,0,0.11,5146.52,Sea,Pacific,88.02
2024-04-24,0,0.35,6383.48,Sea,Commodity,88.02
2024-04-24,0,0.5,63995.25,Air,Suez,88.02
2024-04-24,0,0.28,19923.2,Air,Commodity,88.02
2024-04-24,0,0.15,3268.87,Sea,Suez,88.02
2024-04-24,0,0.56,5518.5,Sea,Pacific,88.02
2024-04-24,0,0.75,4586.75,Sea,Pacific,88.02
2024-04-24,0,0.53,2684.39,Sea,Pacific,88.02
2025-12-09,0,0.72,3027.2,Sea,Commodity,61.94
2025-12-09,1,0.18,2544.67,Sea,Atlantic,61.94
2025-12-09,0,0.15,4074.45,Sea,Commodity,61.94
2025-12-09,0,0.63,350.45,Sea,Suez,61.94
2025-12-09,0,0.44,1272.24,Sea,Intra-Asia,61.94
2025-12-09,0,0.88,4843.82,Sea,Suez,61.94
2025-12-09,0,0.86,2875.56,Sea,Suez,61.94
2025-12-09,0,0.46,2110.43,Sea,Suez,61.94
2025-12-09,0,0.23,3392.95,Sea,Commodity,61.94
2025-12-09,0,0.43,6412.84,Sea,Suez,61.94
2025-12-09,0,0.25,3529.38,Sea,Suez,61.94
2025-12-09,0,0.86,1492.65,Sea,Suez,61.94
2025-06-13,11,0.36,9093.5,Sea,Suez,74.23
2025-06-13,0,0.34,2017.37,Sea,Atlantic,74.23
2025-06-13,0,0.65,15890.32,Air,Suez,74.23
2025-06-13,0,0.56,61347.0,Air,Commodity,74.23
2025-06-13,0,0.11,3178.49,Sea,Atlantic,74.23
2025-06-13,0,0.25,4140.0,Sea,Suez,74.23
2025-06-13,3,0.43,1092.45,Sea,Commodity,74.23
2025-06-13,0,0.13,1057.68,Sea,Pacific,74.23
2025-06-13,0,0.41,50547.09,Air,Pacific,74.23
2025-06-13,0,0.66,51684.93,Air,Atlantic,74.23
2025-06-13,0,0.81,4938.59,Sea,Commodity,74.23
2025-06-13,0,0.56,6385.86,Sea,Suez,74.23
2025-08-19,0,0.32,1437.48,Sea,Atlantic,65.79
2025-08-19,0,0.32,744.48,Sea,Suez,65.79
2025-08-19,0,0.34,219.09,Sea,Intra-Asia,65.79
2025-08-19,0,0.81,4850.8,Sea,Intra-Asia,65.79
2025-08-19,0,0.76,4089.36,Sea,Pacific,65.79
2025-08-19,0,0.3,4059.9,Sea,Commodity,65.79
2025-08-19,0,0.13,1520.41,Sea,Suez,65.79
2025-08-19,0,0.58,28833.42,Air,Atlantic,65.79
2025-08-19,6,0.31,7729.52,Sea,Intra-Asia,65.79
2025-08-19,0,0.49,4006.61,Sea,Suez,65.79
2025-08-19,0,0.3,3744.0,Sea,Pacific,65.79
2025-08-19,0,0.87,1400.63,Sea,Pacific,65.79
2025-08-19,0,0.68,5418.0,Sea,Commodity,65.79
2025-04-23,0,0.62,7920.18,Sea,Commodity,66.12
2025-04-23,0,0.14,3609.24,Sea,Pacific,66.12
2025-04-23,0,0.77,4102.86,Sea,Pacific,66.12
2025-04-23,2,0.53,2452.97,Sea,Atlantic,66.12
2025-04-23,7,0.2,6140.16,Sea,Suez,66.12
2025-04-23,0,0.11,240.87,Sea,Atlantic,66.12
2025-04-23,0,0.51,329.94,Sea,Suez,66.12
2025-04-23,0,0.5,332.25,Sea,Atlantic,66.12
2025-04-23,0,0.18,3941.2,Sea,Suez,66.12
2025-04-23,0,0.36,4241.16,Sea,Suez,66.12
2025-04-23,4,0.66,2365.58,Sea,Atlantic,66.12
2025-04-23,0,0.57,5135.47,Sea,Pacific,66.12
2025-04-23,0,0.3,29836.95,Air,Pacific,66.12
2025-04-23,0,0.32,3866.94,Sea,Suez,66.12
2025-04-23,0,0.77,4692.27,Sea,Suez,66.12
2025-04-23,16,0.29,5880.34,Sea,Suez,66.12
2024-09-23,0,0.89,6070.68,Sea,Suez,73.9
2024-09-23,0,0.7,5140.8,Sea,Commodity,73.9
2024-09-23,0,0.44,4207.68,Sea,Suez,73.9
2024-09-23,0,0.28,3459.84,Sea,Pacific,73.9
2024-09-23,0,0.4,1990.8,Sea,Suez,73.9
2024-09-23,0,0.77,762.87,Sea,Atlantic,73.9
2024-09-23,5,0.88,11272.1,Sea,Pacific,73.9
2024-09-23,0,0.49,1615.9,Sea,Intra-Asia,73.9
2024-09-23,15,0.49,6113.18,Sea,Suez,73.9
2024-09-23,0,0.87,6674.03,Sea,Pacific,73.9
2024-09-23,0,0.85,54059.78,Air,Atlantic,73.9
2024-09-23,0,0.84,4899.0,Sea,Commodity,73.9
2024-09-23,0,0.28,3118.72,Sea,Suez,73.9
2024-09-23,0,0.13,3874.77,Sea,Commodity,73.9
2024-09-23,0,0.82,2537.08,Sea,Suez,73.9
2024-09-23,0,0.75,643.12,Sea,Suez,73.9
2024-09-23,0,0.72,3956.86,Sea,Atlantic,73.9
2024-09-23,0,0.38,2014.8,Sea,Commodity,73.9
2024-09-23,0,0.12,16268.56,Air,Suez,73.9
2024-09-23,0,0.69,6013.02,Sea,Pacific,73.9
2024-09-23,0,0.59,1232.25,Sea,Suez,73.9
2024-01-17,18,0.49,5830.08,Sea,Suez,77.88
2024-01-17,0,0.29,2970.87,Sea,Intra-Asia,77.88
2024-01-17,0,0.13,5405.35,Sea,Commodity,77.88
2024-01-17,0,0.74,19857.75,Air,Suez,77.88
2024-01-17,0,0.76,5438.4,Sea,Commodity,77.88
2024-01-17,0,0.39,638.01,Sea,Commodity,77.88
2024-01-17,0,0.47,2279.24,Sea,Suez,77.88
2024-01-17,0,0.86,6107.31,Sea,Pacific,77.88
2024-06-14,0,0.8,4305.6,Sea,Intra-Asia,82.62
2024-06-14,0,0.35,4110.07,Sea,Atlantic,82.62
2024-06-14,9,0.12,2595.71,Sea,Suez,82.62
2024-06-14,0,0.8,8228.7,Sea,Pacific,82.62
2024-06-14,0,0.37,3498.3,Sea,Pacific,82.62
2024-06-14,0,0.27,4993.01,Sea,Suez,82.62
2024-06-14,0,0.52,3033.92,Sea,Atlantic,82.62
2024-06-14,1,0.32,1594.56,Sea,Intra-Asia,82.62
2024-06-14,0,0.77,7639.32,Sea,Pacific,82.62
2024-06-14,0,0.85,35012.18,Air,Intra-Asia,82.62
2025-09-09,9,0.32,5262.84,Sea,Intra-Asia,66.39
2025-09-09,0,0.61,7475.23,Sea,Suez,66.39
2025-09-09,0,0.27,2151.38,Sea,Intra-Asia,66.39
2025-09-09,11,0.11,5411.47,Sea,Suez,66.39
2025-09-09,0,0.83,6681.33,Sea,Suez,66.39
2025-09-09,6,0.41,5396.63,Sea,Pacific,66.39
2025-09-09,0,0.22,18975.88,Air,Suez,66.39
2025-09-09,0,0.48,71200.58,Air,Suez,66.39
2025-09-09,0,0.4,4232.9,Sea,Commodity,66.39
2025-09-09,0,0.7,43561.65,Air,Pacific,66.39
2025-09-09,0,0.46,3914.26,Sea,Intra-Asia,66.39
2025-06-09,0,0.63,2445.0,Sea,Pacific,67.04
2025-06-09,0,0.82,6476.47,Sea,Suez,67.04
2025-06-09,0,0.46,5238.48,Sea,Commodity,67.04
2025-06-09,4,0.58,3613.3,Air,Pacific,67.04
2025-06-09,0,0.75,33389.12,Air,Commodity,67.04
2025-06-09,0,0.56,77803.44,Air,Suez,67.04
2025-06-09,10,0.37,3571.86,Sea,Suez,67.04
2025-06-09,0,0.68,4808.16,Sea,Pacific,67.04
2025-06-09,0,0.46,1222.02,Sea,Intra-Asia,67.04
2025-06-09,10,0.23,4911.15,Sea,Suez,67.04
2025-06-09,0,0.4,6858.6,Sea,Intra-Asia,67.04
2024-08-01,6,0.5,1062.0,Sea,Pacific,79.52
2024-08-01,7,0.31,7043.34,Sea,Pacific,79.52
2024-08-01,0,0.63,174.41,Sea,Commodity,79.52
2024-08-01,0,0.45,3340.07,Sea,Suez,79.52
2024-08-01,0,0.7,216.75,Sea,Intra-Asia,79.52
2024-08-01,0,0.54,6975.43,Sea,Commodity,79.52
2024-08-01,0,0.3,5075.85,Sea,Commodity,79.52
2024-08-01,0,0.59,4859.83,Sea,Suez,79.52
2024-08-01,0,0.49,7397.1,Sea,Commodity,79.52
2024-08-01,0,0.46,5817.37,Sea,Atlantic,79.52
2024-08-01,17,0.17,3931.2,Sea,Suez,79.52
2024-08-01,0,0.76,72106.32,Air,Suez,79.52
2024-08-01,0,0.11,3140.75,Sea,Atlantic,79.52
2024-08-01,0,0.78,78094.83,Air,Suez,79.52
2024-08-01,0,0.6,7728.8,Sea,Pacific,79.52
2024-08-01,0,0.16,372.36,Sea,Pacific,79.52
2024-08-01,0,0.11,48040.25,Air,Atlantic,79.52
2024-08-01,0,0.63,4623.49,Sea,Intra-Asia,79.52
2024-08-01,0,0.55,6396.07,Sea,Suez,79.52
2025-03-06,0,0.51,6942.23,Sea,Suez,69.46
2025-03-06,0,0.43,4101.24,Sea,Intra-Asia,69.46
2025-03-06,15,0.74,9026.42,Air,Suez,69.46
2025-03-06,0,0.6,3484.0,Sea,Intra-Asia,69.46
2025-03-06,0,0.16,4229.36,Sea,Suez,69.46
2025-03-06,0,0.4,910.7,Sea,Atlantic,69.46
2025-03-06,0,0.28,1049.6,Sea,Atlantic,69.46
2025-03-06,0,0.88,1855.56,Sea,Pacific,69.46
2025-03-06,0,0.12,1272.88,Sea,Suez,69.46
2025-03-06,4,0.3,5070.06,Sea,Intra-Asia,69.46
2025-03-06,0,0.29,183.18,Sea,Pacific,69.46
2025-03-06,0,0.7,2320.5,Sea,Commodity,69.46
2025-03-06,0,0.66,7455.89,Sea,Intra-Asia,69.46
2025-03-06,0,0.4,4445.7,Sea,Suez,69.46
2025-03-06,0,0.3,2217.8,Sea,Pacific,69.46
2025-03-06,0,0.72,57866.82,Air,Atlantic,69.46
2025-03-06,18,0.19,5481.62,Sea,Suez,69.46
2025-12-11,0,0.65,2931.22,Sea,Suez,61.28
2025-12-11,0,0.64,6273.82,Sea,Intra-Asia,61.28
2025-12-11,2,0.29,1574.39,Sea,Intra-Asia,61.28
2025-12-11,17,0.44,171224.06,Air,Suez,61.28
2025-12-11,0,0.67,964.42,Sea,Intra-Asia,61.28
2025-12-11,19,0.19,9121.1,Sea,Suez,61.28
2025-12-11,0,0.4,5983.6,Sea,Suez,61.28
2025-12-11,0,0.27,4979.03,Sea,Pacific,61.28
2025-12-11,0,0.61,61745.91,Air,Commodity,61.28
2025-12-11,0,0.43,5279.56,Sea,Commodity,61.28
2025-12-11,0,0.13,4177.04,Sea,Suez,61.28
2025-12-11,0,0.39,342.64,Sea,Intra-Asia,61.28
2025-12-11,0,0.29,5708.25,Sea,Atlantic,61.28
2025-12-11,0,0.11,5372.4,Sea,Atlantic,61.28
2024-09-25,0,0.81,1229.89,Sea,Pacific,73.46
2024-09-25,0,0.28,3585.28,Sea,Atlantic,73.46
2024-09-25,0,0.18,45332.65,Air,Pacific,73.46
2024-09-25,0,0.83,8506.76,Sea,Atlantic,73.46
2024-09-25,0,0.66,3489.32,Sea,Commodity,73.46
2024-09-25,0,0.56,5665.14,Sea,Suez,73.46
2024-09-25,0,0.53,4035.38,Sea,Atlantic,73.46
2024-09-25,0,0.75,8260.0,Sea,Atlantic,73.46
2024-09-25,0,0.38,1601.49,Sea,Commodity,73.46
2024-09-25,0,0.38,445.74,Sea,Suez,73.46
2024-09-25,0,0.52,5674.16,Sea,Pacific,73.46
2024-09-25,0,0.38,2298.39,Sea,Pacific,73.46
2025-01-17,0,0.87,9234.06,Sea,Pacific,80.79
2025-01-17,18,0.78,10510.54,Sea,Suez,80.79
2025-01-17,0,0.18,30632.8,Air,Commodity,80.79
2025-01-17,4,0.55,4883.12,Sea,Atlantic,80.79
2025-01-17,0,0.12,5157.04,Sea,Suez,80.79
2025-01-17,0,0.59,5097.54,Sea,Intra-Asia,80.79
2025-01-17,0,0.13,4582.71,Sea,Pacific,80.79
2025-01-17,0,0.45,22449.62,Air,Pacific,80.79
2025-01-17,0,0.85,2881.38,Sea,Suez,80.79
2025-01-17,0,0.2,4723.2,Sea,Commodity,80.79
2025-01-17,0,0.42,3515.21,Sea,Atlantic,80.79
2025-01-17,0,0.27,1299.21,Sea,Suez,80.79
2025-01-17,2,0.48,774.93,Sea,Atlantic,80.79
2025-01-17,0,0.84,57532.2,Air,Atlantic,80.79
2025-01-17,0,0.52,4791.8,Sea,Atlantic,80.79
2025-01-17,0,0.46,6404.29,Sea,Atlantic,80.79
2025-01-17,0,0.27,6076.95,Sea,Intra-Asia,80.79
2025-01-17,0,0.17,10765.75,Air,Suez,80.79
2025-01-17,0,0.83,4204.43,Sea,Suez,80.79
2025-01-17,0,0.64,6474.72,Sea,Suez,80.79
2025-01-17,0,0.56,1314.3,Sea,Atlantic,80.79
2025-01-17,0,0.81,2021.77,Sea,Commodity,80.79
2025-01-17,0,0.75,1834.0,Sea,Atlantic,80.79
2025-01-17,0,0.76,3887.84,Sea,Atlantic,80.79
2025-09-23,0,0.18,3163.58,Sea,Suez,67.63
2025-09-23,5,0.31,1041.46,Sea,Intra-Asia,67.63
2025-09-23,8,0.28,9683.97,Sea,Suez,67.63
2025-09-23,8,0.21,2908.36,Sea,Intra-Asia,67.63
2025-09-23,0,0.32,1906.74,Sea,Suez,67.63
2025-09-23,11,0.62,98002.87,Air,Suez,67.63
2025-09-23,0,0.53,4748.36,Sea,Atlantic,67.63
2025-09-23,0,0.5,2689.5,Sea,Pacific,67.63
2025-09-23,0,0.35,4069.58,Sea,Suez,67.63
2025-09-23,0,0.86,2550.99,Sea,Suez,67.63
2025-09-23,0,0.3,2945.8,Sea,Atlantic,67.63
2025-09-23,0,0.83,4153.19,Sea,Commodity,67.63
2025-09-23,0,0.67,1610.71,Sea,Atlantic,67.63
2025-09-23,0,0.53,820.85,Sea,Pacific,67.63
2024-10-14,0,0.24,2829.06,Sea,Commodity,77.46
2024-10-14,0,0.22,3426.98,Sea,Atlantic,77.46
2024-10-14,0,0.45,4347.1,Sea,Commodity,77.46
2024-10-14,0,0.76,5139.2,Sea,Suez,77.46
2024-10-14,0,0.76,5750.8,Sea,Pacific,77.46
2024-10-14,0,0.4,33856.9,Air,Intra-Asia,77.46
2024-10-14,0,0.67,3405.13,Sea,Atlantic,77.46
2024-10-14,0,0.41,1378.98,Sea,Suez,77.46
2024-10-14,0,0.83,2528.14,Sea,Suez,77.46
2024-10-14,0,0.58,7346.21,Sea,Intra-Asia,77.46
2024-07-19,6,0.46,3009.94,Sea,Pacific,82.63
2024-07-19,0,0.39,1257.95,Sea,Suez,82.63
2024-07-19,0,0.12,5561.92,Sea,Atlantic,82.63
2024-07-19,0,0.2,2237.4,Sea,Intra-Asia,82.63
2024-07-19,0,0.75,8052.62,Sea,Pacific,82.63
2024-07-19,0,0.41,2025.46,Sea,Intra-Asia,82.63
2024-07-19,0,0.26,3667.86,Sea,Commodity,82.63
2024-07-19,0,0.73,2236.89,Sea,Suez,82.63
2024-07-19,0,0.31,1516.98,Sea,Commodity,82.63
2024-07-19,0,0.51,3420.15,Sea,Pacific,82.63
2024-07-19,0,0.52,6907.64,Sea,Suez,82.63
2024-07-19,0,0.43,3201.77,Sea,Pacific,82.63
2024-07-19,0,0.39,2169.1,Sea,Suez,82.63
2024-07-19,0,0.15,5112.9,Sea,Intra-Asia,82.63
2025-07-25,0,0.19,4850.44,Sea,Suez,68.44
2025-07-25,0,0.51,14068.67,Air,Suez,68.44
2025-07-25,0,0.13,27488.94,Air,Intra-Asia,68.44
2025-07-25,0,0.39,2891.9,Sea,Suez,68.44
2025-07-25,0,0.25,954.38,Sea,Suez,68.44
2025-07-25,0,0.21,5553.3,Sea,Suez,68.44
2025-07-25,0,0.73,1637.44,Sea,Pacific,68.44
2025-07-25,14,0.78,1886.8,Sea,Suez,68.44
2025-07-25,0,0.36,4439.04,Sea,Suez,68.44
2025-07-25,0,0.36,3197.36,Sea,Pacific,68.44
2024-02-15,0,0.49,61216.65,Air,Atlantic,82.86
2024-02-15,0,0.51,7541.69,Sea,Commodity,82.86
2024-02-15,0,0.14,2674.44,Sea,Pacific,82.86
2024-02-15,0,0.59,6548.41,Sea,Suez,82.86
2024-02-15,0,0.46,5129.71,Sea,Commodity,82.86
2024-02-15,0,0.55,4542.28,Sea,Atlantic,82.86
2024-02-15,0,0.81,16714.44,Air,Atlantic,82.86
2024-02-15,0,0.87,4397.31,Sea,Intra-Asia,82.86
2024-02-15,0,0.56,4428.84,Sea,Pacific,82.86
2024-02-15,17,0.16,102666.96,Air,Suez,82.86
2024-02-15,0,0.2,658.8,Sea,Pacific,82.86
2024-02-15,0,0.39,6229.29,Sea,Intra-Asia,82.86
2024-02-15,0,0.73,5701.22,Sea,Pacific,82.86
2024-02-15,0,0.63,380.6,Sea,Suez,82.86
2024-02-15,0,0.63,3986.98,Sea,Pacific,82.86
2024-02-15,0,0.54,5767.3,Sea,Intra-Asia,82.86
2025-11-04,0,0.45,4331.88,Sea,Suez,64.44
2025-11-04,0,0.24,5736.86,Sea,Intra-Asia,64.44
2025-11-04,0,0.16,234.32,Sea,Atlantic,64.44
2025-11-04,0,0.78,3495.92,Sea,Atlantic,64.44
2025-11-04,0,0.61,2643.62,Sea,Suez,64.44
2025-11-04,0,0.37,6056.77,Sea,Intra-Asia,64.44
2025-11-04,0,0.27,9506.59,Air,Pacific,64.44
2025-11-04,0,0.26,4796.82,Sea,Atlantic,64.44
2025-11-04,0,0.63,2269.77,Sea,Intra-Asia,64.44
2025-11-04,0,0.66,900.55,Sea,Suez,64.44
2025-11-04,0,0.56,54706.08,Air,Commodity,64.44
2025-11-04,0,0.75,79810.5,Air,Atlantic,64.44
2024-02-23,1,0.26,2559.25,Sea,Intra-Asia,81.62
2024-02-23,0,0.78,202.03,Sea,Suez,81.62
2024-02-23,5,0.3,2625.48,Sea,Atlantic,81.62
2024-02-23,2,0.62,52616.67,Air,Intra-Asia,81.62
2024-02-23,0,0.54,83454.91,Air,Commodity,81.62
2024-02-23,0,0.23,5269.32,Sea,Intra-Asia,81.62
2024-02-23,0,0.37,39332.7,Air,Suez,81.62
2024-02-23,0,0.32,1911.36,Sea,Intra-Asia,81.62
2024-02-23,0,0.78,23319.78,Air,Pacific,81.62
2024-02-23,0,0.5,397.5,Sea,Suez,81.62
2024-02-23,0,0.24,7611.12,Air,Commodity,81.62
2024-02-23,0,0.29,14182.91,Air,Suez,81.62
2024-02-23,0,0.69,3788.13,Sea,Suez,81.62
2025-10-31,0,0.6,3077.36,Sea,Intra-Asia,65.07
2025-10-31,0,0.68,2311.68,Sea,Pacific,65.07
2025-10-31,0,0.9,12205.6,Air,Suez,65.07
2025-10-31,0,0.14,5117.46,Sea,Suez,65.07
2025-10-31,0,0.6,4544.0,Sea,Intra-Asia,65.07
2025-10-31,0,0.45,7102.82,Sea,Suez,65.07
2025-10-31,13,0.28,5850.11,Sea,Suez,65.07
2025-10-31,0,0.31,2481.8,Sea,Intra-Asia,65.07
2025-10-31,0,0.89,6534.68,Sea,Atlantic,65.07
2025-10-31,4,0.32,79348.9,Air,Intra-Asia,65.07
2025-10-31,0,0.66,6786.91,Sea,Intra-Asia,65.07
2025-10-31,0,0.69,4467.51,Sea,Intra-Asia,65.07
2025-10-31,6,0.64,8402.13,Sea,Pacific,65.07
2025-10-31,0,0.46,41193.9,Air,Atlantic,65.07
2025-10-31,0,0.81,4590.16,Sea,Suez,65.07
2025-10-31,0,0.52,6830.88,Sea,Suez,65.07
2024-08-22,0,0.52,5504.68,Sea,Atlantic,77.22
2024-08-22,9,0.58,3750.29,Sea,Intra-Asia,77.22
2024-08-22,0,0.16,4923.62,Sea,Intra-Asia,77.22
2024-08-22,2,0.29,45047.57,Air,Commodity,77.22
2024-08-22,0,0.87,2649.79,Sea,Intra-Asia,77.22
2024-08-22,5,0.14,4340.09,Sea,Commodity,77.22
2024-08-22,0,0.73,414.33,Sea,Pacific,77.22
2024-08-22,0,0.14,1000.92,Sea,Pacific,77.22
2025-10-27,0,0.17,40366.75,Air,Commodity,65.62
2025-10-27,0,0.16,2457.46,Sea,Intra-Asia,65.62
2025-10-27,0,0.87,3544.59,Sea,Atlantic,65.62
2025-10-27,0,0.55,1140.8,Sea,Atlantic,65.62
2025-10-27,0,0.47,5866.77,Sea,Intra-Asia,65.62
2025-10-27,0,0.19,119.59,Sea,Commodity,65.62
2025-10-27,0,0.14,3236.46,Sea,Intra-Asia,65.62
2025-10-27,0,0.2,4058.4,Sea,Intra-Asia,65.62
2025-10-27,0,0.3,5009.55,Sea,Atlantic,65.62
2025-10-27,0,0.27,2160.91,Sea,Suez,65.62
2025-04-10,0,0.77,57767.49,Air,Suez,63.33
2025-04-10,0,0.53,7453.4,Sea,Atlantic,63.33
2025-04-10,0,0.45,6029.82,Sea,Suez,63.33
2025-04-10,0,0.15,4282.02,Sea,Atlantic,63.33
2025-04-10,0,0.32,6582.84,Sea,Intra-Asia,63.33
2025-04-10,12,0.18,13014.46,Sea,Suez,63.33
2025-04-10,0,0.39,5419.61,Sea,Pacific,63.33
2025-04-10,0,0.36,60453.36,Air,Suez,63.33
2024-05-23,0,0.29,3675.86,Sea,Atlantic,81.36
2024-05-23,0,0.54,2802.03,Sea,Pacific,81.36
2024-05-23,0,0.88,5423.8,Sea,Suez,81.36
2024-05-23,0,0.43,3733.01,Sea,Suez,81.36
2024-05-23,0,0.22,2587.62,Sea,Atlantic,81.36
2024-05-23,0,0.81,8930.54,Sea,Suez,81.36
2024-05-23,0,0.33,51168.43,Air,Commodity,81.36
2024-05-23,0,0.11,5292.48,Sea,Suez,81.36
2024-05-23,0,0.35,1634.18,Sea,Suez,81.36
2024-05-23,0,0.42,2128.58,Sea,Pacific,81.36
2024-05-23,0,0.69,2389.66,Sea,Commodity,81.36
2024-05-23,14,0.47,7988.56,Sea,Suez,81.36
2024-05-23,0,0.82,5418.14,Sea,Commodity,81.36
2024-05-23,0,0.44,2150.64,Sea,Suez,81.36
2024-05-23,0,0.74,3461.73,Sea,Suez,81.36
2024-05-23,4,0.76,8684.9,Sea,Intra-Asia,81.36
2024-05-23,0,0.68,21187.32,Air,Commodity,81.36
2024-03-04,0,0.3,4821.05,Sea,Commodity,82.8
2024-03-04,0,0.31,5138.48,Sea,Suez,82.8
2024-03-04,0,0.51,4799.53,Sea,Atlantic,82.8
2024-03-04,0,0.17,11164.72,Air,Pacific,82.8
2024-03-04,0,0.57,4525.52,Sea,Atlantic,82.8
2024-03-04,0,0.84,6180.56,Sea,Intra-Asia,82.8
2024-03-04,0,0.84,5796.92,Sea,Intra-Asia,82.8
2024-03-04,9,0.35,5348.16,Sea,Suez,82.8
2024-03-04,0,0.32,4249.08,Sea,Commodity,82.8
2024-03-04,17,0.42,10080.86,Sea,Suez,82.8
2024-03-04,0,0.12,1311.52,Sea,Suez,82.8
2024-03-04,0,0.49,5154.65,Sea,Commodity,82.8
2025-11-10,3,0.29,1609.15,Sea,Commodity,64.06
2025-11-10,0,0.71,8325.99,Sea,Pacific,64.06
2025-11-10,0,0.39,4686.39,Sea,Intra-Asia,64.06
2025-11-10,0,0.21,5232.64,Sea,Atlantic,64.06
2025-11-10,0,0.76,3091.44,Sea,Suez,64.06
2025-11-10,0,0.12,1443.68,Sea,Commodity,64.06
2025-11-10,0,0.87,82506.27,Air,Pacific,64.06
2025-11-10,0,0.89,6982.61,Sea,Atlantic,64.06
2025-11-10,0,0.29,3089.55,Sea,Suez,64.06
2025-11-10,0,0.41,5308.65,Sea,Intra-Asia,64.06
2025-11-10,12,0.27,715.26,Sea,Suez,64.06
2024-07-09,0,0.41,71508.85,Air,Atlantic,84.66
2024-07-09,15,0.73,7117.9,Sea,Suez,84.66
2024-07-09,0,0.88,7593.32,Sea,Suez,84.66
2024-07-09,0,0.75,2647.75,Sea,Intra-Asia,84.66
2024-07-09,0,0.22,1220.0,Sea,Atlantic,84.66
2024-07-09,0,0.86,3215.94,Sea,Suez,84.66
2024-07-09,0,0.42,1691.22,Sea,Commodity,84.66
2024-07-09,0,0.83,7076.61,Sea,Atlantic,84.66
2024-07-09,5,0.44,3264.62,Sea,Atlantic,84.66
2024-07-09,0,0.33,170.24,Sea,Commodity,84.66
2025-10-29,0,0.61,7822.18,Sea,Suez,64.92
2025-10-29,0,0.12,5373.76,Sea,Suez,64.92
2025-10-29,0,0.43,461.89,Sea,Intra-Asia,64.92
2025-10-29,0,0.58,55390.06,Air,Atlantic,64.92
2025-10-29,0,0.21,5979.82,Sea,Commodity,64.92
2025-10-29,0,0.44,2505.6,Sea,Atlantic,64.92
2025-10-29,2,0.52,3454.35,Sea,Atlantic,64.92
2025-10-29,20,0.12,58648.13,Air,Suez,64.92
2025-10-29,0,0.22,4907.45,Sea,Suez,64.92
2025-10-29,0,0.45,6259.65,Sea,Intra-Asia,64.92
2025-10-29,0,0.54,3096.94,Sea,Intra-Asia,64.92
2025-10-29,0,0.39,2975.3,Sea,Suez,64.92
2025-10-29,0,0.64,2906.9,Sea,Atlantic,64.92
2025-08-28,8,0.66,8073.58,Sea,Pacific,68.62
2025-08-28,0,0.23,4776.09,Air,Atlantic,68.62
2025-08-28,0,0.59,4675.39,Sea,Atlantic,68.62
2025-08-28,0,0.43,849.42,Air,Suez,68.62
2025-08-28,0,0.62,6612.03,Sea,Intra-Asia,68.62
2025-08-28,0,0.74,5344.41,Sea,Pacific,68.62
2025-08-28,0,0.68,2900.52,Sea,Suez,68.62
2025-08-28,0,0.63,76839.01,Air,Suez,68.62
2025-08-28,0,0.79,3792.12,Sea,Pacific,68.62
2025-08-28,0,0.81,123.98,Sea,Commodity,68.62
2025-08-28,0,0.29,1497.05,Sea,Pacific,68.62
2025-08-28,8,0.62,1640.74,Sea,Intra-Asia,68.62
2025-08-28,0,0.15,1501.9,Sea,Atlantic,68.62
2025-08-28,0,0.32,45164.46,Air,Suez,68.62
2024-05-01,0,0.14,1609.68,Sea,Atlantic,83.44
2024-05-01,10,0.29,82568.76,Air,Suez,83.44
2024-05-01,0,0.17,1114.42,Sea,Atlantic,83.44
2024-05-01,0,0.61,47312.26,Air,Pacific,83.44
2024-05-01,0,0.12,368.48,Sea,Suez,83.44
2024-05-01,0,0.6,952.0,Sea,Atlantic,83.44
2024-05-01,0,0.2,4846.8,Sea,Pacific,83.44
2024-05-01,1,0.39,6120.17,Sea,Atlantic,83.44
2024-05-01,0,0.86,37237.2,Air,Pacific,83.44
2024-05-01,14,0.57,12114.11,Sea,Suez,83.44
2024-05-01,0,0.41,5226.87,Sea,Suez,83.44
2024-05-01,0,0.32,3858.36,Sea,Atlantic,83.44
2024-05-01,3,0.61,5439.62,Sea,Pacific,83.44
2024-05-01,0,0.78,112.14,Sea,Pacific,83.44
2025-03-07,0,0.74,7662.96,Sea,Atlantic,70.36
2025-03-07,0,0.22,1659.81,Sea,Atlantic,70.36
2025-03-07,0,0.17,1470.69,Sea,Atlantic,70.36
2025-03-07,0,0.31,2836.81,Sea,Commodity,70.36
2025-03-07,4,0.69,7449.01,Sea,Commodity,70.36
2025-03-07,2,0.52,666.29,Sea,Intra-Asia,70.36
2025-03-07,0,0.12,2173.36,Sea,Commodity,70.36
2025-03-07,0,0.58,1159.72,Sea,Pacific,70.36
2025-03-07,0,0.47,3913.88,Sea,Commodity,70.36
2025-03-07,0,0.24,2365.3,Sea,Commodity,70.36
2025-03-07,0,0.68,3509.52,Sea,Suez,70.36
2025-07-23,0,0.6,1886.4,Sea,Suez,68.51
2025-07-23,0,0.24,575.98,Sea,Commodity,68.51
2025-07-23,0,0.39,39654.62,Air,Suez,68.51
2025-07-23,0,0.51,1167.98,Sea,Suez,68.51
2025-07-23,0,0.15,595.12,Sea,Suez,68.51
2025-07-23,0,0.24,5777.16,Sea,Suez,68.51
2025-07-23,0,0.2,1777.8,Sea,Suez,68.51
2025-07-23,0,0.17,3851.64,Sea,Suez,68.51
2025-07-23,0,0.44,3983.76,Sea,Pacific,68.51
2025-07-23,0,0.42,5787.92,Sea,Atlantic,68.51
2025-07-23,0,0.26,3795.75,Sea,Suez,68.51
2025-07-23,7,0.7,146.88,Sea,Suez,68.51
2025-07-23,0,0.58,82242.16,Air,Suez,68.51
2025-07-23,0,0.8,439.2,Sea,Intra-Asia,68.51
2025-07-23,0,0.24,1058.96,Sea,Atlantic,68.51
2025-07-23,0,0.7,551.65,Sea,Atlantic,68.51
2025-07-23,0,0.68,1559.04,Sea,Suez,68.51
2025-07-23,0,0.61,52634.12,Air,Atlantic,68.51
2025-09-15,0,0.85,4354.9,Sea,Suez,67.44
2025-09-15,0,0.5,655.5,Sea,Atlantic,67.44
2025-09-15,0,0.8,1704.6,Sea,Suez,67.44
2025-09-15,0,0.68,1516.2,Sea,Pacific,67.44
2025-09-15,0,0.21,4250.73,Sea,Intra-Asia,67.44
2025-09-15,0,0.54,2783.55,Sea,Commodity,67.44
2025-09-15,0,0.21,3640.28,Sea,Suez,67.44
2025-09-15,0,0.69,27680.51,Air,Suez,67.44
2025-09-15,0,0.74,6341.43,Sea,Suez,67.44
2025-09-15,0,0.67,355.71,Sea,Atlantic,67.44
2025-09-15,0,0.65,30165.3,Air,Atlantic,67.44
2025-09-15,2,0.89,8009.45,Sea,Intra-Asia,67.44
2025-09-15,0,0.67,4805.43,Sea,Atlantic,67.44
2025-03-24,0,0.32,2999.7,Sea,Intra-Asia,73.0
2025-03-24,0,0.16,3222.48,Sea,Suez,73.0
2025-03-24,0,0.48,3991.56,Sea,Intra-Asia,73.0
2025-03-24,0,0.85,5661.93,Sea,Suez,73.0
2025-03-24,0,0.53,413.1,Sea,Pacific,73.0
2025-03-24,0,0.26,2411.01,Sea,Commodity,73.0
2025-03-24,0,0.35,5832.0,Sea,Suez,73.0
2025-03-24,0,0.78,1515.67,Sea,Commodity,73.0
2025-03-24,0,0.44,3046.32,Sea,Pacific,73.0
2024-02-20,0,0.47,318.99,Sea,Suez,82.34
2024-02-20,0,0.48,2169.68,Sea,Suez,82.34
2024-02-20,0,0.88,9147.14,Sea,Suez,82.34
2024-02-20,0,0.44,27775.44,Air,Suez,82.34
2024-02-20,0,0.86,6177.06,Sea,Suez,82.34
2024-02-20,0,0.19,2069.41,Sea,Atlantic,82.34
2024-02-20,0,0.52,8140.97,Sea,Intra-Asia,82.34
2024-02-20,10,0.15,5117.04,Sea,Suez,82.34
2024-02-20,0,0.65,39766.65,Air,Suez,82.34
2024-02-20,0,0.65,11289.3,Air,Atlantic,82.34
2025-09-17,0,0.88,3069.1,Sea,Pacific,67.95
2025-09-17,0,0.83,1323.09,Sea,Atlantic,67.95
2025-09-17,0,0.9,49010.5,Air,Atlantic,67.95
2025-09-17,0,0.32,1920.6,Sea,Commodity,67.95
2025-09-17,0,0.58,4643.62,Sea,Suez,67.95
2025-09-17,13,0.82,5663.11,Sea,Suez,67.95
2025-09-17,0,0.19,3831.2,Sea,Atlantic,67.95
2025-09-17,0,0.19,30322.98,Air,Suez,67.95
2025-09-17,0,0.16,1367.06,Sea,Pacific,67.95
2025-06-04,0,0.28,3665.28,Sea,Intra-Asia,64.86
2025-06-04,0,0.57,6215.63,Sea,Suez,64.86
2025-06-04,0,0.65,7033.12,Sea,Suez,64.86
2025-06-04,0,0.66,3173.92,Sea,Intra-Asia,64.86
2025-06-04,0,0.64,4301.72,Sea,Commodity,64.86
2025-06-04,0,0.37,4016.16,Sea,Suez,64.86
2025-06-04,0,0.82,1076.53,Sea,Suez,64.86
2025-02-26,0,0.25,6186.88,Sea,Atlantic,72.53
2025-02-26,0,0.52,3920.08,Sea,Commodity,72.53
2025-02-26,5,0.25,734.25,Sea,Commodity,72.53
2025-02-26,0,0.76,7997.44,Sea,Intra-Asia,72.53
2025-02-26,0,0.77,7259.65,Sea,Intra-Asia,72.53
2025-02-26,0,0.62,7949.34,Sea,Intra-Asia,72.53
2025-02-26,0,0.68,7487.76,Sea,Intra-Asia,72.53
2025-02-26,4,0.87,5840.85,Sea,Intra-Asia,72.53
2025-02-26,0,0.85,85073.18,Air,Commodity,72.53
2025-02-26,0,0.18,4601.41,Sea,Atlantic,72.53
2025-02-26,0,0.77,391.17,Sea,Pacific,72.53
2025-02-26,0,0.76,16930.32,Air,Atlantic,72.53
2025-02-26,0,0.73,6234.06,Sea,Suez,72.53
2025-02-26,0,0.31,19741.7,Air,Commodity,72.53
2025-06-25,0,0.12,4583.6,Sea,Pacific,67.68
2025-06-25,0,0.25,26901.88,Air,Commodity,67.68
2025-06-25,0,0.7,51574.6,Air,Commodity,67.68
2025-06-25,0,0.66,4723.53,Sea,Intra-Asia,67.68
2025-06-25,0,0.67,3786.72,Sea,Atlantic,67.68
2025-06-25,12,0.88,99040.66,Air,Suez,67.68
2025-06-25,0,0.53,50077.67,Air,Commodity,67.68
2025-06-25,0,0.32,6592.74,Sea,Commodity,67.68
2025-06-25,0,0.65,7832.55,Sea,Suez,67.68
2025-06-25,0,0.4,3892.7,Sea,Commodity,67.68
2025-06-25,0,0.6,7044.0,Sea,Intra-Asia,67.68
2025-06-25,0,0.42,2103.02,Sea,Pacific,67.68
2025-06-25,0,0.48,43736.22,Air,Suez,67.68
2025-06-25,0,0.48,2800.16,Sea,Pacific,67.68
2025-06-25,0,0.31,4939.36,Sea,Suez,67.68
2025-06-25,0,0.56,4840.68,Sea,Commodity,67.68
2025-06-25,0,0.73,81077.32,Air,Atlantic,67.68
2025-06-25,0,0.12,2378.32,Sea,Atlantic,67.68
2025-06-25,0,0.47,2677.61,Sea,Suez,67.68
2024-02-14,0,0.13,132.77,Sea,Suez,81.6
2024-02-14,0,0.69,2478.38,Sea,Intra-Asia,81.6
2024-02-14,0,0.24,3831.6,Sea,Commodity,81.6
2024-02-14,0,0.7,2192.15,Sea,Suez,81.6
2024-02-14,0,0.44,3876.48,Sea,Commodity,81.6
2024-02-14,0,0.67,1042.08,Sea,Pacific,81.6
2024-02-14,0,0.47,6344.52,Sea,Suez,81.6
2024-02-14,0,0.32,2337.72,Sea,Atlantic,81.6
2025-05-16,0,0.75,6311.38,Sea,Commodity,65.41
2025-05-16,0,0.65,1574.92,Sea,Suez,65.41
2025-05-16,0,0.46,3852.94,Sea,Atlantic,65.41
2025-05-16,0,0.29,5508.3,Sea,Commodity,65.41
2025-05-16,0,0.48,4519.92,Sea,Suez,65.41
2025-05-16,0,0.48,2066.08,Sea,Atlantic,65.41
2025-05-16,0,0.34,4613.62,Sea,Suez,65.41
2025-05-16,0,0.39,1130.77,Sea,Atlantic,65.41
2025-05-16,0,0.48,76947.42,Air,Suez,65.41
2025-12-12,0,0.32,1528.56,Sea,Intra-Asia,61.12
2025-12-12,0,0.16,1358.94,Sea,Pacific,61.12
2025-12-12,0,0.43,4594.59,Sea,Commodity,61.12
2025-12-12,0,0.26,4788.0,Sea,Pacific,61.12
2025-12-12,0,0.41,1735.0,Sea,Suez,61.12
2025-12-12,0,0.78,8875.08,Sea,Intra-Asia,61.12
2025-12-12,0,0.38,297.39,Sea,Pacific,61.12
2025-12-12,3,0.52,5473.29,Sea,Atlantic,61.12
2025-12-12,0,0.69,5950.49,Sea,Suez,61.12
2025-12-12,0,0.25,351.25,Sea,Atlantic,61.12
2025-12-12,0,0.28,5582.72,Sea,Suez,61.12
2025-12-12,0,0.67,132.76,Sea,Pacific,61.12
2025-12-12,0,0.14,3969.48,Sea,Suez,61.12
2025-12-12,0,0.12,5476.8,Sea,Suez,61.12
2024-12-30,0,0.83,1592.1,Sea,Commodity,74.39
2024-12-30,0,0.31,6517.25,Sea,Atlantic,74.39
2024-12-30,0,0.74,4991.19,Sea,Commodity,74.39
2024-12-30,0,0.5,29064.75,Air,Intra-Asia,74.39
2024-12-30,3,0.85,7140.82,Sea,Pacific,74.39
2024-12-30,17,0.65,10820.03,Sea,Suez,74.39
2024-12-30,0,0.54,3412.64,Sea,Intra-Asia,74.39
2024-12-30,0,0.39,2378.99,Sea,Intra-Asia,74.39
2024-12-30,3,0.74,2622.18,Sea,Atlantic,74.39
2024-12-30,6,0.51,4030.41,Sea,Intra-Asia,74.39
2024-12-30,0,0.21,5982.24,Sea,Suez,74.39
2024-12-30,0,0.49,9399.66,Air,Commodity,74.39
2024-12-30,0,0.25,5333.75,Sea,Intra-Asia,74.39
2024-12-30,0,0.76,3028.08,Sea,Commodity,74.39
2024-11-14,0,0.89,8382.15,Sea,Suez,72.56
2024-11-14,0,0.9,96620.7,Air,Suez,72.56
2024-11-14,0,0.64,3997.5,Sea,Intra-Asia,72.56
2024-11-14,18,0.19,4387.78,Sea,Suez,72.56
2024-11-14,14,0.76,10054.53,Sea,Suez,72.56
2024-11-14,0,0.6,5528.8,Sea,Atlantic,72.56
2024-11-14,0,0.87,33889.08,Air,Atlantic,72.56
2024-11-14,0,0.15,587.07,Sea,Pacific,72.56
2024-11-14,0,0.19,3414.11,Sea,Pacific,72.56
2024-11-14,0,0.85,4527.88,Sea,Suez,72.56
2024-11-14,0,0.4,4155.9,Sea,Intra-Asia,72.56
2024-11-14,8,0.6,9908.48,Sea,Suez,72.56
2025-12-03,0,0.68,7852.32,Sea,Atlantic,62.67
2025-12-03,0,0.62,1801.44,Sea,Suez,62.67
2025-12-03,6,0.5,3898.95,Sea,Intra-Asia,62.67
2025-12-03,0,0.19,4727.87,Sea,Atlantic,62.67
2025-12-03,0,0.23,2558.4,Sea,Pacific,62.67
2025-12-03,0,0.82,6353.62,Sea,Intra-Asia,62.67
2025-12-03,0,0.82,8046.54,Sea,Atlantic,62.67
2025-12-03,0,0.79,7060.65,Sea,Commodity,62.67
2025-12-03,0,0.46,1209.61,Sea,Suez,62.67
2025-12-03,0,0.88,25084.84,Air,Suez,62.67
2025-12-03,0,0.86,7401.87,Sea,Atlantic,62.67
2024-01-09,0,0.39,3466.66,Sea,Atlantic,77.59
2024-01-09,0,0.51,2257.45,Sea,Suez,77.59
2024-01-09,0,0.81,4759.4,Sea,Atlantic,77.59
2024-01-09,0,0.44,6440.4,Sea,Suez,77.59
2024-01-09,0,0.75,4025.88,Sea,Commodity,77.59
2024-01-09,0,0.27,5517.52,Sea,Intra-Asia,77.59
2024-01-09,17,0.36,7211.26,Sea,Suez,77.59
2024-01-09,0,0.72,1726.88,Sea,Commodity,77.59
2024-01-09,0,0.65,6356.62,Sea,Pacific,77.59
2024-01-09,0,0.57,7049.3,Sea,Pacific,77.59
2024-01-09,0,0.37,1709.76,Sea,Suez,77.59
2024-01-09,0,0.76,3894.88,Sea,Suez,77.59
2024-01-09,11,0.18,46618.97,Air,Suez,77.59
2024-01-09,0,0.71,7750.57,Sea,Pacific,77.59
2024-01-09,0,0.11,247.53,Sea,Suez,77.59
2025-09-26,0,0.6,4608.8,Sea,Commodity,70.13
2025-09-26,0,0.75,3948.0,Sea,Suez,70.13
2025-09-26,12,0.31,4466.58,Sea,Suez,70.13
2025-09-26,0,0.67,6957.22,Sea,Suez,70.13
2025-09-26,15,0.3,3534.96,Sea,Suez,70.13
2025-09-26,0,0.53,749.7,Sea,Intra-Asia,70.13
2025-09-26,12,0.42,1932.34,Sea,Suez,70.13
2025-09-26,0,0.33,1099.25,Sea,Pacific,70.13
2025-09-26,16,0.6,99031.68,Air,Suez,70.13
2025-09-26,0,0.51,4169.11,Sea,Intra-Asia,70.13
2025-09-26,14,0.13,3826.62,Sea,Suez,70.13
2025-09-26,0,0.28,2446.72,Sea,Pacific,70.13
2025-09-26,0,0.29,12962.57,Air,Intra-Asia,70.13
2025-09-26,0,0.38,3305.1,Sea,Suez,70.13
2025-09-26,0,0.73,2142.61,Sea,Intra-Asia,70.13
2025-09-26,0,0.39,2208.02,Sea,Suez,70.13
2025-09-26,0,0.65,5192.55,Sea,Pacific,70.13
2025-08-13,0,0.71,7136.68,Sea,Atlantic,65.63
2025-08-13,0,0.85,337.62,Sea,Suez,65.63
2025-08-13,0,0.6,1724.8,Sea,Suez,65.63
2025-08-13,0,0.26,2691.36,Sea,Pacific,65.63
2025-08-13,0,0.16,1117.08,Sea,Commodity,65.63
2025-08-13,0,0.73,1592.46,Sea,Suez,65.63
2025-08-13,0,0.19,433.16,Sea,Atlantic,65.63
2025-08-13,5,0.76,5582.02,Sea,Pacific,65.63
2025-08-13,0,0.27,13599.8,Air,Intra-Asia,65.63
2025-08-13,0,0.38,75429.42,Air,Suez,65.63
2025-08-13,0,0.32,3822.06,Sea,Intra-Asia,65.63
2025-08-13,0,0.45,6271.97,Sea,Suez,65.63
2025-08-13,0,0.14,1923.75,Sea,Atlantic,65.63
2025-08-13,0,0.49,955.84,Sea,Commodity,65.63
2025-08-13,0,0.51,26019.56,Air,Suez,65.63
2025-08-13,0,0.59,2474.04,Sea,Commodity,65.63
2025-08-13,0,0.73,6975.36,Sea,Atlantic,65.63
2025-08-13,5,0.5,4042.8,Sea,Intra-Asia,65.63
2025-08-13,0,0.12,4597.6,Sea,Commodity,65.63
2024-05-31,0,0.26,5663.07,Sea,Commodity,81.62
2024-05-31,2,0.66,142781.33,Air,Intra-Asia,81.62
2024-05-31,0,0.69,8373.95,Sea,Suez,81.62
2024-05-31,1,0.79,4730.53,Sea,Pacific,81.62
2024-05-31,0,0.41,3883.14,Sea,Commodity,81.62
2024-05-31,0,0.81,5782.05,Sea,Atlantic,81.62
2024-05-31,0,0.22,1760.46,Sea,Intra-Asia,81.62
2024-05-31,0,0.17,2628.4,Sea,Suez,81.62
2024-05-31,0,0.58,4696.55,Sea,Pacific,81.62
2024-05-31,0,0.57,55557.59,Air,Intra-Asia,81.62
2024-05-31,0,0.26,3353.49,Sea,Suez,81.62
2024-05-31,0,0.74,6458.01,Sea,Commodity,81.62
2024-05-06,0,0.14,4267.59,Sea,Commodity,83.33
2024-05-06,0,0.75,1229.38,Sea,Intra-Asia,83.33
2024-05-06,9,0.62,8273.66,Sea,Suez,83.33
2024-05-06,4,0.43,3442.51,Sea,Commodity,83.33
2024-05-06,0,0.31,3888.74,Sea,Pacific,83.33
2024-05-06,1,0.36,7830.44,Sea,Pacific,83.33
2024-05-06,4,0.48,103405.27,Air,Atlantic,83.33
2024-05-06,0,0.28,48343.68,Air,Suez,83.33
2024-05-06,0,0.25,1779.38,Sea,Atlantic,83.33
2024-05-06,0,0.85,14438.33,Air,Pacific,83.33
2024-05-06,0,0.68,60161.64,Air,Suez,83.33
2024-05-06,0,0.71,7869.42,Sea,Suez,83.33
2024-08-30,0,0.71,8534.61,Sea,Suez,78.8
2024-08-30,0,0.45,606.82,Sea,Commodity,78.8
2024-08-30,0,0.53,6985.98,Sea,Commodity,78.8
2024-08-30,0,0.34,15079.02,Air,Pacific,78.8
2024-08-30,0,0.88,9345.48,Sea,Suez,78.8
2024-08-30,0,0.44,4191.84,Sea,Atlantic,78.8
2024-08-30,0,0.66,1650.87,Sea,Atlantic,78.8
2024-08-30,0,0.74,5246.97,Sea,Suez,78.8
2024-08-30,0,0.4,6994.4,Sea,Commodity,78.8
2024-08-30,0,0.15,5680.42,Sea,Atlantic,78.8
2024-08-30,8,0.2,1208.16,Sea,Pacific,78.8
2024-08-30,0,0.22,1208.41,Sea,Commodity,78.8
2024-08-30,0,0.74,1881.81,Sea,Suez,78.8
2025-05-06,16,0.48,5135.01,Sea,Suez,62.15
2025-05-06,0,0.23,4491.96,Sea,Suez,62.15
2025-05-06,0,0.51,1262.36,Sea,Suez,62.15
2025-05-06,0,0.9,5214.55,Sea,Atlantic,62.15
2025-05-06,0,0.47,2474.01,Sea,Intra-Asia,62.15
2025-05-06,0,0.29,2409.08,Sea,Commodity,62.15
2025-05-06,0,0.89,2850.12,Sea,Commodity,62.15
2025-05-06,0,0.31,53475.51,Air,Pacific,62.15
2025-05-06,0,0.6,7710.4,Sea,Suez,62.15
2025-05-06,1,0.35,3907.04,Sea,Intra-Asia,62.15
2025-05-06,0,0.9,4472.6,Sea,Pacific,62.15
2025-05-06,0,0.33,2002.32,Sea,Intra-Asia,62.15
2025-05-06,0,0.56,4176.12,Sea,Intra-Asia,62.15
2025-05-06,0,0.73,5977.15,Sea,Atlantic,62.15
2025-05-06,3,0.73,2391.11,Sea,Commodity,62.15
2025-05-06,0,0.33,3121.51,Sea,Commodity,62.15
2025-07-30,0,0.86,8770.83,Sea,Atlantic,73.24
2025-07-30,0,0.78,5175.35,Sea,Suez,73.24
2025-07-30,0,0.54,785.4,Sea,Suez,73.24
2025-07-30,0,0.26,424.62,Sea,Intra-Asia,73.24
2025-07-30,0,0.55,5976.03,Sea,Atlantic,73.24
2025-07-30,0,0.31,5083.45,Sea,Pacific,73.24
2025-07-30,0,0.82,8867.95,Sea,Pacific,73.24
2025-07-30,7,0.48,6114.77,Sea,Intra-Asia,73.24
2025-07-30,0,0.19,231.45,Sea,Suez,73.24
2025-07-30,0,0.75,2368.62,Sea,Suez,73.24
2025-07-30,0,0.1,14048.1,Air,Pacific,73.24
2025-07-30,0,0.82,79989.91,Air,Suez,73.24
2024-04-02,14,0.6,10497.28,Sea,Suez,88.92
2024-04-02,0,0.41,19418.52,Air,Suez,88.92
2024-04-02,0,0.77,5681.7,Sea,Suez,88.92
2024-04-02,0,0.26,2993.13,Sea,Suez,88.92
2024-04-02,0,0.84,7459.36,Sea,Suez,88.92
2024-04-02,0,0.54,79939.86,Air,Atlantic,88.92
2024-04-02,0,0.25,48874.38,Air,Commodity,88.92
2024-04-02,17,0.29,8110.5,Sea,Suez,88.92
2024-04-02,0,0.5,4027.5,Sea,Intra-Asia,88.92
2024-04-02,0,0.32,5630.46,Sea,Suez,88.92
2024-04-02,0,0.18,1957.03,Sea,Atlantic,88.92
2024-04-02,0,0.4,3575.6,Sea,Suez,88.92
2024-04-02,0,0.55,3111.62,Sea,Atlantic,88.92
2024-04-02,0,0.13,2518.2,Sea,Atlantic,88.92
2024-04-02,0,0.55,1804.98,Sea,Pacific,88.92
2024-04-02,0,0.29,3515.89,Sea,Atlantic,88.92
2024-04-02,0,0.75,78549.62,Air,Atlantic,88.92
2024-04-02,0,0.1,4023.8,Sea,Intra-Asia,88.92
2024-04-02,0,0.17,645.84,Sea,Intra-Asia,88.92
2024-04-02,0,0.54,2374.68,Sea,Commodity,88.92
2024-04-02,0,0.37,1538.51,Sea,Commodity,88.92
2024-06-10,0,0.14,1349.76,Sea,Suez,81.63
2024-06-10,12,0.37,5958.96,Sea,Suez,81.63
2024-06-10,0,0.84,1758.12,Sea,Commodity,81.63
2024-06-10,0,0.65,3696.82,Sea,Intra-Asia,81.63
2024-06-10,0,0.55,636.27,Sea,Suez,81.63
2024-06-10,8,0.5,907.2,Sea,Suez,81.63
2024-06-10,0,0.3,4276.35,Sea,Atlantic,81.63
2024-06-10,0,0.45,73035.05,Air,Suez,81.63
2024-06-10,0,0.4,983.5,Sea,Pacific,81.63
2024-06-10,0,0.28,45907.84,Air,Suez,81.63
2024-06-10,0,0.83,3832.02,Sea,Suez,81.63
2024-06-10,0,0.83,5865.15,Sea,Suez,81.63
2024-06-10,0,0.54,7534.45,Sea,Atlantic,81.63
2025-01-08,0,0.51,3689.68,Sea,Intra-Asia,76.16
2025-01-08,5,0.19,4209.74,Sea,Intra-Asia,76.16
2025-01-08,0,0.34,1553.73,Sea,Intra-Asia,76.16
2025-01-08,3,0.71,2052.17,Sea,Commodity,76.16
2025-01-08,0,0.56,7229.04,Sea,Suez,76.16
2025-01-08,0,0.53,5530.95,Sea,Suez,76.16
2025-01-08,8,0.55,1362.77,Sea,Suez,76.16
2025-01-08,0,0.36,5908.52,Sea,Atlantic,76.16
2025-01-08,0,0.86,9191.19,Sea,Suez,76.16
2025-01-08,6,0.39,1925.01,Sea,Atlantic,76.16
2024-12-26,0,0.19,47974.85,Air,Intra-Asia,73.26
2024-12-26,0,0.52,3629.0,Sea,Suez,73.26
2024-12-26,0,0.65,1599.67,Sea,Pacific,73.26
2024-12-26,0,0.11,3432.68,Sea,Suez,73.26
2024-12-26,0,0.64,7425.1,Sea,Commodity,73.26
2024-12-26,2,0.46,6905.0,Sea,Intra-Asia,73.26
2024-12-26,0,0.24,211.42,Sea,Pacific,73.26
2024-12-26,0,0.43,3566.42,Sea,Suez,73.26
2024-12-26,0,0.14,2300.52,Sea,Pacific,73.26
2024-12-26,0,0.78,53854.79,Air,Pacific,73.26
2024-12-26,0,0.89,4923.45,Sea,Intra-Asia,73.26
2024-12-26,0,0.1,57698.85,Air,Commodity,73.26
2024-12-26,0,0.36,50123.48,Air,Atlantic,73.26
2024-10-23,0,0.85,18691.48,Air,Intra-Asia,74.96
2024-10-23,0,0.89,35467.74,Air,Suez,74.96
2024-10-23,0,0.33,3329.66,Sea,Suez,74.96
2024-10-23,0,0.73,30904.72,Air,Atlantic,74.96
2024-10-23,0,0.61,4860.59,Sea,Suez,74.96
2024-10-23,0,0.3,2944.5,Sea,Commodity,74.96
2024-10-23,0,0.74,1896.6,Sea,Pacific,74.96
2024-10-23,0,0.7,8043.55,Sea,Suez,74.96
2024-10-23,0,0.38,5882.25,Sea,Pacific,74.96
2024-10-23,0,0.46,55214.28,Air,Atlantic,74.96
2024-10-23,0,0.12,3416.0,Sea,Suez,74.96
2025-12-26,0,0.53,6215.62,Sea,Atlantic,60.64
2025-12-26,0,0.36,470.56,Sea,Suez,60.64
2025-12-26,0,0.85,7801.45,Sea,Pacific,60.64
2025-12-26,0,0.18,3350.61,Sea,Commodity,60.64
2025-12-26,0,0.88,74416.98,Air,Commodity,60.64
2025-12-26,0,0.58,1878.62,Sea,Commodity,60.64
2025-12-26,0,0.41,6600.91,Sea,Suez,60.64
2025-12-26,0,0.87,8722.61,Sea,Intra-Asia,60.64
2025-12-26,0,0.38,2459.85,Sea,Atlantic,60.64
2025-12-26,0,0.79,7757.86,Sea,Intra-Asia,60.64
2025-12-26,0,0.32,4269.54,Sea,Commodity,60.64
2025-12-26,0,0.37,61267.09,Air,Atlantic,60.64
2025-12-26,0,0.87,188.87,Sea,Pacific,60.64
2025-12-26,1,0.53,318.93,Sea,Intra-Asia,60.64
2025-10-02,0,0.66,7382.85,Sea,Intra-Asia,64.11
2025-10-02,0,0.68,1898.4,Sea,Suez,64.11
2025-10-02,0,0.59,150.25,Sea,Suez,64.11
2025-10-02,5,0.65,285.87,Sea,Pacific,64.11
2025-10-02,0,0.26,3449.88,Sea,Suez,64.11
2025-10-02,0,0.1,2802.8,Sea,Atlantic,64.11
2025-10-02,2,0.3,4638.92,Sea,Intra-Asia,64.11
2025-10-02,0,0.28,8194.56,Air,Pacific,64.11
2025-10-02,0,0.81,3882.45,Sea,Suez,64.11
2025-10-02,0,0.39,3540.33,Sea,Intra-Asia,64.11
2025-10-02,0,0.88,1457.94,Sea,Commodity,64.11
2025-10-02,0,0.56,587.34,Sea,Atlantic,64.11
2025-10-02,0,0.66,3268.54,Sea,Intra-Asia,64.11
2025-10-02,0,0.36,44880.0,Air,Pacific,64.11
2025-10-02,0,0.88,3802.3,Sea,Suez,64.11
2025-10-02,0,0.3,5556.85,Sea,Atlantic,64.11
2025-10-02,4,0.32,1279.21,Sea,Commodity,64.11
2025-10-02,11,0.1,10674.84,Sea,Suez,64.11
2025-10-02,0,0.38,1633.92,Sea,Intra-Asia,64.11
2025-10-02,0,0.46,2728.74,Sea,Commodity,64.11
2025-10-02,0,0.33,66851.79,Air,Pacific,64.11
2025-10-02,0,0.69,5726.56,Sea,Commodity,64.11
2024-02-27,3,0.71,6397.28,Sea,Atlantic,83.65
2024-02-27,0,0.67,62274.3,Air,Intra-Asia,83.65
2024-02-27,0,0.49,5819.94,Sea,Suez,83.65
2024-02-27,0,0.72,6728.64,Sea,Intra-Asia,83.65
2024-02-27,0,0.67,4117.39,Sea,Suez,83.65
2024-02-27,0,0.65,7888.65,Sea,Commodity,83.65
2024-02-27,0,0.55,3226.33,Sea,Suez,83.65
2024-02-27,0,0.55,327.82,Sea,Suez,83.65
2024-02-27,0,0.64,48040.52,Air,Commodity,83.65
2024-02-27,3,0.58,78675.35,Air,Pacific,83.65
2024-02-27,0,0.61,65128.52,Air,Pacific,83.65
2024-02-27,0,0.59,6527.74,Sea,Suez,83.65
2024-02-27,0,0.2,1422.6,Sea,Pacific,83.65
2024-02-27,0,0.54,6311.69,Sea,Intra-Asia,83.65
2024-02-27,0,0.62,383.13,Sea,Pacific,83.65
2024-02-27,0,0.61,49800.52,Air,Pacific,83.65
2024-03-28,0,0.71,1788.66,Sea,Intra-Asia,87.48
2024-03-28,0,0.62,1249.02,Sea,Suez,87.48
2024-03-28,0,0.67,6154.78,Sea,Suez,87.48
2024-03-28,13,0.76,8549.38,Air,Suez,87.48
2024-03-28,0,0.65,1655.77,Sea,Suez,87.48
2024-03-28,0,0.85,8273.2,Sea,Atlantic,87.48
2024-03-28,0,0.66,2254.28,Sea,Suez,87.48
2024-03-28,0,0.19,50959.37,Air,Intra-Asia,87.48
2024-03-28,0,0.71,84231.18,Air,Commodity,87.48
2024-03-28,0,0.21,554.18,Sea,Suez,87.48
2024-03-28,0,0.28,32517.76,Air,Suez,87.48
2024-03-28,0,0.23,5444.6,Sea,Suez,87.48
2024-03-28,0,0.86,3295.92,Sea,Commodity,87.48
2024-03-28,0,0.62,5669.19,Sea,Intra-Asia,87.48
2024-03-28,0,0.57,1792.94,Sea,Pacific,87.48
2024-10-29,0,0.8,5038.2,Sea,Pacific,71.12
2024-10-29,1,0.56,3156.58,Sea,Commodity,71.12
2024-10-29,0,0.23,2878.2,Sea,Suez,71.12
2024-10-29,0,0.29,3557.82,Sea,Atlantic,71.12
2024-10-29,0,0.31,2918.03,Sea,Commodity,71.12
2024-10-29,0,0.29,4364.72,Sea,Commodity,71.12
2024-10-29,0,0.67,6092.99,Sea,Pacific,71.12
2024-10-29,0,0.48,3725.9,Sea,Suez,71.12
2024-10-29,0,0.57,455.3,Sea,Intra-Asia,71.12
2024-10-29,8,0.49,5317.52,Sea,Suez,71.12
2024-10-29,0,0.37,4464.83,Sea,Atlantic,71.12
2024-10-29,0,0.6,7968.8,Sea,Pacific,71.12
2024-10-29,11,0.56,5393.86,Sea,Suez,71.12
2024-10-29,0,0.56,5616.78,Sea,Suez,71.12
2024-10-29,0,0.47,3552.99,Sea,Suez,71.12
2024-10-29,0,0.35,2271.38,Sea,Commodity,71.12
2025-04-24,0,0.1,15209.7,Air,Intra-Asia,66.55
2025-04-24,0,0.5,32397.75,Air,Intra-Asia,66.55
2025-04-24,0,0.85,8933.65,Sea,Pacific,66.55
2025-04-24,0,0.38,4021.32,Sea,Suez,66.55
2025-04-24,1,0.23,505.34,Sea,Intra-Asia,66.55
2025-04-24,10,0.4,826.56,Sea,Suez,66.55
2025-04-24,16,0.28,1464.32,Sea,Suez,66.55
2025-08-07,0,0.38,5821.53,Sea,Atlantic,66.43
2025-08-07,0,0.45,32179.12,Air,Atlantic,66.43
2025-08-07,0,0.37,2005.68,Sea,Pacific,66.43
2025-08-07,3,0.77,2211.79,Sea,Commodity,66.43
2025-08-07,0,0.59,1892.89,Sea,Pacific,66.43
2025-08-07,8,0.45,6298.8,Sea,Suez,66.43
2025-08-07,0,0.31,4012.53,Sea,Atlantic,66.43
2025-08-07,0,0.59,55976.74,Air,Pacific,66.43
2024-02-28,4,0.59,1775.24,Sea,Intra-Asia,83.68
2024-02-28,0,0.35,1831.28,Sea,Suez,83.68
2024-02-28,0,0.28,4738.56,Sea,Atlantic,83.68
2024-02-28,0,0.45,4626.22,Sea,Atlantic,83.68
2024-02-28,0,0.11,4335.11,Sea,Intra-Asia,83.68
2024-02-28,0,0.81,16624.85,Air,Suez,83.68
2024-02-28,0,0.5,1669.5,Sea,Atlantic,83.68
2024-02-28,0,0.5,3533.25,Sea,Suez,83.68
2024-02-28,0,0.14,9530.4,Air,Commodity,83.68
2024-02-28,0,0.63,2057.06,Sea,Commodity,83.68
2024-02-28,2,0.58,3141.43,Sea,Pacific,83.68
2024-02-28,0,0.38,1521.45,Sea,Intra-Asia,83.68
2025-04-15,0,0.27,951.23,Sea,Atlantic,64.67
2025-04-15,0,0.54,5037.34,Sea,Atlantic,64.67
2025-04-15,0,0.21,5899.35,Sea,Pacific,64.67
2025-04-15,0,0.11,3850.59,Sea,Commodity,64.67
2025-04-15,0,0.14,60812.73,Air,Atlantic,64.67
2025-04-15,0,0.65,79215.68,Air,Commodity,64.67
2025-04-15,0,0.75,5485.38,Sea,Suez,64.67
2025-04-15,0,0.8,4560.3,Sea,Suez,64.67
2025-04-15,0,0.43,667.1,Sea,Suez,64.67
2025-04-15,0,0.18,1141.06,Sea,Atlantic,64.67
2025-04-15,0,0.7,475.15,Sea,Intra-Asia,64.67
2025-04-15,0,0.68,645.88,Sea,Commodity,64.67
2025-04-15,0,0.25,92.5,Sea,Intra-Asia,64.67
2025-04-15,0,0.86,64694.52,Air,Atlantic,64.67
2025-04-15,0,0.19,52503.99,Air,Intra-Asia,64.67
2024-09-20,14,0.75,10985.79,Sea,Suez,74.49
2024-09-20,0,0.16,3667.92,Sea,Suez,74.49
2024-09-20,0,0.66,4336.75,Sea,Suez,74.49
2024-09-20,0,0.16,2866.36,Sea,Intra-Asia,74.49
2024-09-20,0,0.55,5848.93,Sea,Suez,74.49
2024-09-20,0,0.14,2632.26,Sea,Suez,74.49
2024-09-20,0,0.33,4960.9,Sea,Commodity,74.49
2025-06-23,0,0.17,1963.26,Sea,Commodity,71.48
2025-06-23,0,0.66,1898.21,Sea,Suez,71.48
2025-06-23,0,0.78,7584.58,Sea,Commodity,71.48
2025-06-23,0,0.79,5121.19,Sea,Suez,71.48
2025-06-23,0,0.89,1639.58,Sea,Intra-Asia,71.48
2025-06-23,0,0.61,468.51,Sea,Atlantic,71.48
2025-06-23,0,0.84,2414.08,Sea,Intra-Asia,71.48
2025-06-23,0,0.48,4506.6,Sea,Intra-Asia,71.48
2025-06-23,0,0.27,1468.94,Sea,Atlantic,71.48
2025-06-23,0,0.52,5653.64,Sea,Intra-Asia,71.48
2025-06-23,0,0.28,1027.84,Air,Suez,71.48
2025-06-23,0,0.68,35962.08,Air,Suez,71.48
2025-06-23,0,0.59,5603.16,Sea,Commodity,71.48
2025-06-23,0,0.48,49230.72,Air,Intra-Asia,71.48
2025-06-23,0,0.77,7867.65,Sea,Pacific,71.48
2024-07-15,0,0.46,2529.45,Sea,Atlantic,84.85
2024-07-15,0,0.63,3515.09,Sea,Commodity,84.85
2024-07-15,0,0.79,2791.51,Sea,Atlantic,84.85
2024-07-15,0,0.67,6639.09,Sea,Suez,84.85
2024-07-15,0,0.79,3934.42,Sea,Atlantic,84.85
2024-07-15,0,0.4,5187.7,Sea,Atlantic,84.85
2024-04-01,0,0.74,7251.45,Sea,Suez,87.42
2024-04-01,0,0.17,2082.01,Sea,Atlantic,87.42
2024-04-01,0,0.23,2263.2,Sea,Commodity,87.42
2024-04-01,0,0.82,7677.67,Sea,Commodity,87.42
2024-04-01,0,0.61,4161.85,Sea,Suez,87.42
2024-04-01,12,0.74,65252.09,Air,Suez,87.42
2024-04-01,0,0.51,6114.74,Sea,Pacific,87.42
2024-04-01,0,0.22,4982.48,Sea,Intra-Asia,87.42
2024-04-01,0,0.57,2718.45,Sea,Commodity,87.42
2024-04-01,0,0.59,6166.81,Sea,Intra-Asia,87.42
2024-04-01,0,0.34,24291.52,Air,Suez,87.42
2024-04-01,0,0.41,41768.43,Air,Atlantic,87.42
2024-12-04,0,0.79,3134.29,Sea,Intra-Asia,72.31
2024-12-04,0,0.69,7556.84,Sea,Commodity,72.31
2024-12-04,0,0.55,4408.2,Sea,Suez,72.31
2024-12-04,9,0.78,9123.57,Sea,Suez,72.31
2024-12-04,0,0.37,25257.32,Air,Pacific,72.31
2024-12-04,3,0.44,6742.3,Sea,Intra-Asia,72.31
2024-12-04,0,0.74,232.29,Sea,Suez,72.31
2024-12-04,0,0.3,4873.05,Sea,Commodity,72.31
2024-12-04,4,0.21,1354.29,Sea,Atlantic,72.31
2024-12-04,0,0.8,313.2,Sea,Atlantic,72.31
2024-12-04,0,0.69,1775.35,Air,Suez,72.31
2024-12-04,0,0.52,2198.26,Sea,Commodity,72.31
2024-12-04,3,0.78,5392.33,Sea,Pacific,72.31
2024-11-13,0,0.31,2334.42,Sea,Intra-Asia,72.28
2024-11-13,0,0.23,3436.62,Sea,Intra-Asia,72.28
2024-11-13,0,0.57,787.35,Sea,Intra-Asia,72.28
2024-11-13,0,0.2,59419.8,Air,Suez,72.28
2024-11-13,0,0.13,769.53,Sea,Suez,72.28
2024-11-13,0,0.47,62319.18,Air,Intra-Asia,72.28
2024-11-13,0,0.23,5963.65,Sea,Pacific,72.28
2024-11-13,0,0.8,337.5,Sea,Suez,72.28
2024-07-11,0,0.16,200.68,Sea,Pacific,85.4
2024-07-11,0,0.22,4701.88,Sea,Intra-Asia,85.4
2024-07-11,0,0.35,6334.2,Sea,Pacific,85.4
2024-07-11,0,0.13,2704.09,Sea,Suez,85.4
2024-07-11,0,0.48,6763.6,Sea,Pacific,85.4
2024-07-11,0,0.5,4410.75,Sea,Commodity,85.4
2024-07-11,1,0.13,1942.18,Sea,Commodity,85.4
2024-07-11,5,0.11,398.36,Sea,Atlantic,85.4
2024-07-11,0,0.81,48650.08,Air,Suez,85.4
2024-07-11,0,0.25,558.12,Sea,Suez,85.4
2024-07-11,0,0.33,1754.27,Sea,Intra-Asia,85.4
2024-07-11,0,0.75,3549.0,Sea,Pacific,85.4
2024-07-11,0,0.22,4652.47,Sea,Atlantic,85.4
2024-05-14,4,0.58,65225.84,Air,Commodity,82.38
2024-05-14,0,0.73,8482.19,Sea,Commodity,82.38
2024-05-14,0,0.88,9263.7,Sea,Atlantic,82.38
2024-05-14,0,0.62,80831.52,Air,Intra-Asia,82.38
2024-05-14,16,0.34,6907.97,Sea,Suez,82.38
2024-05-14,17,0.32,487.87,Sea,Suez,82.38
2024-05-14,0,0.72,5780.06,Sea,Pacific,82.38
2024-05-14,0,0.32,326.04,Sea,Suez,82.38
2024-05-14,0,0.71,7695.0,Sea,Atlantic,82.38
2024-05-14,0,0.57,1443.61,Sea,Pacific,82.38
2024-05-14,0,0.67,219.6,Sea,Atlantic,82.38
2024-05-14,0,0.57,873.7,Sea,Suez,82.38
2024-05-14,0,0.65,2887.5,Sea,Pacific,82.38
2024-05-14,17,0.7,10046.32,Sea,Suez,82.38
2024-05-14,0,0.57,4133.02,Sea,Suez,82.38
2024-05-14,16,0.82,3747.74,Sea,Suez,82.38
2024-05-14,0,0.48,5389.42,Sea,Pacific,82.38
2024-05-14,0,0.24,4279.24,Sea,Pacific,82.38
2024-05-14,0,0.18,625.99,Sea,Suez,82.38
2024-05-14,0,0.31,1701.69,Sea,Suez,82.38
2024-05-14,0,0.67,4949.88,Sea,Suez,82.38
2024-05-14,0,0.1,2374.9,Sea,Intra-Asia,82.38
2024-05-14,0,0.57,3713.83,Sea,Commodity,82.38
2025-05-08,13,0.52,10542.72,Sea,Suez,62.84
2025-05-08,0,0.54,11824.12,Air,Commodity,62.84
2025-05-08,0,0.11,3797.31,Sea,Pacific,62.84
2025-05-08,4,0.33,4713.79,Sea,Atlantic,62.84
2025-05-08,0,0.87,4042.94,Sea,Commodity,62.84
2025-05-08,0,0.33,2088.1,Sea,Suez,62.84
2025-05-08,0,0.56,4668.3,Sea,Commodity,62.84
2025-05-08,0,0.53,2119.82,Sea,Intra-Asia,62.84
2025-05-08,0,0.18,47597.66,Air,Commodity,62.84
2025-05-08,0,0.61,4710.86,Sea,Commodity,62.84
2025-05-08,0,0.86,8931.72,Sea,Atlantic,62.84
2025-05-08,0,0.36,73842.56,Air,Suez,62.84
2025-05-08,0,0.65,6303.82,Sea,Atlantic,62.84
2025-05-08,0,0.8,83140.2,Air,Atlantic,62.84
2025-07-10,5,0.69,6392.26,Sea,Pacific,68.64
2025-07-10,0,0.46,3007.6,Sea,Pacific,68.64
2025-07-10,0,0.87,4092.5,Sea,Atlantic,68.64
2025-07-10,0,0.68,6401.64,Sea,Atlantic,68.64
2025-07-10,0,0.58,355.5,Sea,Intra-Asia,68.64
2025-07-10,0,0.83,160.12,Sea,Commodity,68.64
2025-07-10,0,0.73,47099.25,Air,Suez,68.64
2025-07-10,0,0.68,1869.0,Sea,Pacific,68.64
2025-07-10,0,0.85,6756.2,Sea,Pacific,68.64
2025-07-10,0,0.77,5515.32,Sea,Intra-Asia,68.64
2024-12-16,1,0.25,5195.62,Sea,Intra-Asia,73.91
2024-12-16,0,0.74,5296.56,Sea,Pacific,73.91
2024-12-16,0,0.26,2182.95,Sea,Atlantic,73.91
2024-12-16,0,0.43,4134.85,Sea,Suez,73.91
2024-12-16,0,0.26,3471.3,Sea,Atlantic,73.91
2024-12-16,0,0.37,6794.52,Sea,Commodity,73.91
2024-12-16,18,0.77,6582.98,Sea,Suez,73.91
2024-12-16,0,0.68,45174.36,Air,Suez,73.91
2024-12-16,0,0.48,2785.36,Sea,Intra-Asia,73.91
2024-12-16,0,0.51,53592.17,Air,Suez,73.91
2024-01-31,0,0.65,5357.55,Sea,Commodity,81.71
2024-01-31,7,0.44,1342.44,Sea,Pacific,81.71
2024-01-31,19,0.36,3519.68,Sea,Suez,81.71
2024-01-31,0,0.47,1633.9,Sea,Suez,81.71
2024-01-31,0,0.57,5525.61,Sea,Pacific,81.71
2024-01-31,0,0.18,1101.53,Sea,Intra-Asia,81.71
2024-01-31,0,0.59,2685.51,Sea,Commodity,81.71
2024-01-31,0,0.47,1571.43,Sea,Pacific,81.71
2024-01-31,17,0.18,6819.46,Sea,Suez,81.71
2024-01-31,0,0.72,3818.4,Sea,Suez,81.71
2024-01-31,0,0.15,184.57,Sea,Suez,81.71
2024-01-31,0,0.39,1992.57,Sea,Suez,81.71
2024-01-31,0,0.52,6565.64,Sea,Commodity,81.71
2024-01-31,0,0.67,6273.35,Sea,Suez,81.71
2024-01-31,0,0.3,5613.4,Sea,Intra-Asia,81.71
2024-01-31,0,0.64,2520.68,Sea,Intra-Asia,81.71
2024-02-09,0,0.84,8952.52,Sea,Suez,82.19
2024-02-09,0,0.71,5091.52,Sea,Commodity,82.19
2024-02-09,0,0.37,67264.95,Air,Atlantic,82.19
2024-02-09,3,0.76,3420.91,Sea,Commodity,82.19
2024-02-09,0,0.54,5791.94,Sea,Intra-Asia,82.19
2024-02-09,0,0.44,1557.36,Sea,Intra-Asia,82.19
2024-02-09,0,0.53,7542.9,Sea,Pacific,82.19
2024-02-09,0,0.82,4154.15,Sea,Suez,82.19
2024-02-09,0,0.79,605.91,Sea,Suez,82.19
2024-02-09,0,0.68,4152.12,Sea,Commodity,82.19
2024-02-09,0,0.1,2318.8,Sea,Commodity,82.19
2024-02-09,0,0.7,4981.85,Sea,Atlantic,82.19
2024-08-07,0,0.43,4332.9,Sea,Pacific,78.33
2024-08-07,0,0.15,1311.0,Sea,Suez,78.33
2024-08-07,0,0.38,69349.83,Air,Suez,78.33
2024-08-07,0,0.7,7236.9,Sea,Suez,78.33
2024-08-07,0,0.33,270.66,Sea,Suez,78.33
2024-08-07,0,0.44,1482.48,Sea,Suez,78.33
2024-08-07,0,0.81,7232.76,Sea,Suez,78.33
2024-08-07,0,0.23,5062.06,Sea,Suez,78.33
2024-08-07,0,0.77,5878.17,Sea,Suez,78.33
2024-08-07,0,0.46,1112.96,Sea,Atlantic,78.33
2024-08-07,0,0.58,869.79,Sea,Atlantic,78.33
2024-08-07,18,0.72,5465.47,Sea,Suez,78.33
2024-08-07,0,0.42,6576.73,Sea,Suez,78.33
2024-08-13,0,0.55,86.03,Sea,Commodity,80.69
2024-08-13,0,0.79,2251.82,Sea,Intra-Asia,80.69
2024-08-13,0,0.65,6468.82,Sea,Atlantic,80.69
2024-08-13,5,0.34,74.44,Sea,Commodity,80.69
2024-08-13,0,0.65,363.82,Sea,Suez,80.69
2024-08-13,0,0.65,788.7,Sea,Pacific,80.69
2024-08-13,0,0.89,7084.67,Sea,Atlantic,80.69
2024-08-13,0,0.16,1562.52,Sea,Suez,80.69
2024-08-13,6,0.48,4099.9,Sea,Pacific,80.69
2024-08-13,0,0.8,49668.3,Air,Intra-Asia,80.69
2024-08-13,15,0.66,101912.71,Air,Suez,80.69
2024-08-13,0,0.54,7335.79,Sea,Suez,80.69
2024-08-13,0,0.62,1430.46,Sea,Intra-Asia,80.69
2024-08-13,6,0.45,5279.16,Sea,Pacific,80.69
2024-08-13,7,0.75,81687.38,Air,Pacific,80.69
2024-08-13,0,0.29,3572.66,Sea,Intra-Asia,80.69
2024-08-13,0,0.15,3015.3,Sea,Commodity,80.69
2024-02-06,0,0.64,3891.72,Sea,Commodity,78.59
2024-02-06,0,0.42,6909.72,Sea,Pacific,78.59
2024-02-06,0,0.27,5069.84,Sea,Suez,78.59
2024-02-06,0,0.84,7587.24,Sea,Commodity,78.59
2024-02-06,0,0.43,3991.84,Sea,Atlantic,78.59
2024-02-06,0,0.24,5673.62,Sea,Suez,78.59
2024-02-06,0,0.51,1217.06,Sea,Intra-Asia,78.59
2024-02-06,0,0.89,6406.16,Sea,Pacific,78.59
2024-02-06,1,0.29,4541.44,Sea,Intra-Asia,78.59
2024-02-06,0,0.68,7572.6,Sea,Suez,78.59
2024-02-06,0,0.11,3142.41,Sea,Suez,78.59
2024-02-06,0,0.69,5898.94,Sea,Intra-Asia,78.59
2024-02-06,0,0.72,2502.6,Sea,Commodity,78.59
2024-02-06,0,0.67,3324.97,Air,Atlantic,78.59
2024-02-06,0,0.89,6409.94,Sea,Intra-Asia,78.59
2024-02-06,0,0.22,822.89,Sea,Commodity,78.59
2025-11-21,0,0.81,8310.61,Sea,Intra-Asia,62.56
2025-11-21,0,0.82,2724.54,Sea,Commodity,62.56
2025-11-21,0,0.68,1619.52,Sea,Suez,62.56
2025-11-21,0,0.33,3676.79,Sea,Pacific,62.56
2025-11-21,0,0.13,4634.13,Sea,Atlantic,62.56
2025-11-21,0,0.48,3558.66,Sea,Commodity,62.56
2025-11-21,0,0.89,663.39,Sea,Commodity,62.56
2025-11-21,0,0.48,50402.88,Air,Suez,62.56
2025-11-21,1,0.48,5089.72,Sea,Pacific,62.56
2025-11-21,0,0.42,76530.19,Air,Intra-Asia,62.56
2025-11-21,0,0.16,1065.46,Sea,Commodity,62.56
2025-11-21,0,0.44,58259.52,Air,Suez,62.56
2025-11-21,0,0.26,2059.47,Sea,Intra-Asia,62.56
2025-04-01,2,0.61,3038.14,Sea,Commodity,74.49
2025-04-01,0,0.47,2878.26,Sea,Pacific,74.49
2025-04-01,0,0.6,57464.0,Air,Intra-Asia,74.49
2025-04-01,3,0.71,6315.45,Sea,Pacific,74.49
2025-04-01,0,0.24,5872.02,Sea,Commodity,74.49
2025-04-01,0,0.17,1587.69,Sea,Suez,74.49
2025-04-01,0,0.15,466.32,Sea,Intra-Asia,74.49
2025-04-01,0,0.68,4986.24,Sea,Pacific,74.49
2025-04-01,6,0.17,8131.97,Sea,Suez,74.49
2025-04-01,1,0.2,5377.68,Sea,Intra-Asia,74.49
2025-04-01,0,0.1,5332.25,Sea,Intra-Asia,74.49
2025-04-01,9,0.59,1983.04,Sea,Suez,74.49
2025-04-01,0,0.5,1182.75,Sea,Pacific,74.49
2025-04-01,9,0.78,1560.7,Sea,Suez,74.49
2024-03-11,3,0.73,7143.38,Air,Commodity,82.21
2024-03-11,0,0.9,62041.65,Air,Atlantic,82.21
2024-03-11,2,0.34,471.68,Sea,Commodity,82.21
2024-03-11,0,0.39,2570.81,Sea,Atlantic,82.21
2024-03-11,0,0.81,44787.54,Air,Commodity,82.21
2024-03-11,0,0.19,4117.4,Sea,Commodity,82.21
2024-03-11,0,0.49,430.61,Sea,Suez,82.21
2024-03-11,0,0.14,4194.63,Sea,Atlantic,82.21
2024-03-11,0,0.45,6216.88,Sea,Suez,82.21
2024-03-11,0,0.61,2669.38,Sea,Atlantic,82.21
2024-03-11,0,0.49,74582.69,Air,Suez,82.21
2024-03-11,0,0.71,5643.0,Sea,Suez,82.21
2024-03-11,0,0.87,4739.52,Sea,Suez,82.21
2025-06-11,0,0.2,4832.4,Sea,Commodity,69.77
2025-06-11,0,0.45,1502.2,Sea,Atlantic,69.77
2025-06-11,0,0.27,3666.49,Sea,Suez,69.77
2025-06-11,18,0.3,5874.96,Sea,Suez,69.77
2025-06-11,0,0.64,3904.02,Sea,Suez,69.77
2025-06-11,0,0.3,43736.55,Air,Suez,69.77
2025-06-11,0,0.18,3363.59,Sea,Suez,69.77
2025-06-11,0,0.67,2066.62,Sea,Atlantic,69.77
2025-06-11,0,0.65,2441.17,Air,Intra-Asia,69.77
2025-06-11,0,0.8,3719.7,Sea,Intra-Asia,69.77
2025-06-11,0,0.23,363.46,Sea,Suez,69.77
2025-06-11,0,0.8,7542.9,Sea,Suez,69.77
2024-05-21,0,0.51,16302.72,Air,Suez,82.88
2024-05-21,8,0.5,8870.4,Sea,Suez,82.88
2024-05-21,0,0.12,6646.64,Air,Intra-Asia,82.88
2024-05-21,0,0.5,5742.75,Sea,Pacific,82.88
2024-05-21,0,0.36,493.68,Sea,Suez,82.88
2024-05-21,0,0.86,6099.87,Sea,Atlantic,82.88
2024-05-21,0,0.85,8982.68,Sea,Suez,82.88
2024-05-21,0,0.45,2206.17,Sea,Pacific,82.88
2024-05-21,0,0.36,73221.72,Air,Pacific,82.88
2024-07-05,0,0.88,2607.56,Sea,Commodity,86.54
2024-07-05,0,0.33,3807.79,Sea,Commodity,86.54
2024-07-05,0,0.18,4572.5,Sea,Pacific,86.54
2024-07-05,9,0.51,3005.5,Sea,Suez,86.54
2024-07-05,3,0.56,1655.78,Sea,Pacific,86.54
2024-07-05,12,0.3,1873.04,Sea,Suez,86.54
2024-07-05,0,0.12,35789.6,Air,Atlantic,86.54
2024-07-05,0,0.77,2599.24,Sea,Intra-Asia,86.54
2024-07-05,0,0.61,6130.88,Sea,Atlantic,86.54
2024-07-05,9,0.83,149139.14,Air,Pacific,86.54
2024-07-05,0,0.11,919.64,Sea,Suez,86.54
2024-07-05,0,0.28,2473.6,Sea,Suez,86.54
2024-07-05,0,0.6,61432.8,Air,Suez,86.54
2024-07-05,0,0.28,33278.08,Air,Atlantic,86.54
2024-07-05,0,0.13,5308.74,Sea,Suez,86.54
2024-07-05,0,0.13,2708.61,Sea,Commodity,86.54
2024-07-05,0,0.66,83868.18,Air,Suez,86.54
2024-07-05,0,0.82,2123.94,Sea,Intra-Asia,86.54
2024-07-05,0,0.16,2869.84,Sea,Commodity,86.54
2024-07-05,0,0.76,378.4,Sea,Pacific,86.54
2024-07-05,0,0.77,35834.54,Air,Suez,86.54
2024-10-24,0,0.44,5621.76,Sea,Suez,74.38
2024-10-24,0,0.45,21731.88,Air,Atlantic,74.38
2024-10-24,0,0.59,6809.17,Sea,Atlantic,74.38
2024-10-24,0,0.52,2672.92,Sea,Intra-Asia,74.38
2024-10-24,0,0.13,124.86,Sea,Commodity,74.38
2024-10-24,0,0.77,5286.99,Sea,Intra-Asia,74.38
2024-10-24,0,0.2,4361.4,Sea,Pacific,74.38
2024-10-24,0,0.11,57533.52,Air,Pacific,74.38
2024-10-24,0,0.34,4939.91,Sea,Pacific,74.38
2024-10-24,5,0.31,4718.56,Sea,Commodity,74.38
2024-10-24,1,0.31,2275.47,Sea,Suez,74.38
2024-10-24,0,0.12,731.92,Sea,Intra-Asia,74.38
2024-10-24,0,0.83,7290.72,Sea,Suez,74.38
2024-10-24,0,0.81,2014.53,Sea,Suez,74.38
2024-10-24,1,0.77,895.62,Sea,Commodity,74.38
2024-10-24,0,0.21,4079.51,Sea,Pacific,74.38
2024-07-12,0,0.43,337.48,Sea,Suez,85.03
2024-07-12,0,0.38,2455.02,Sea,Suez,85.03
2024-07-12,14,0.77,140744.73,Air,Suez,85.03
2024-07-12,0,0.71,6473.2,Sea,Intra-Asia,85.03
2024-07-12,0,0.66,90624.38,Air,Suez,85.03
2024-07-12,2,0.67,4089.16,Sea,Commodity,85.03
2024-07-12,0,0.78,6983.83,Sea,Suez,85.03
2024-07-12,0,0.45,4635.65,Sea,Intra-Asia,85.03
2024-07-12,0,0.72,78669.36,Air,Suez,85.03
2024-07-12,0,0.13,85.31,Sea,Atlantic,85.03
2024-07-12,0,0.58,5104.98,Sea,Pacific,85.03
2025-03-18,0,0.59,3686.41,Sea,Atlantic,70.56
2025-03-18,0,0.21,3386.18,Sea,Intra-Asia,70.56
2025-03-18,0,0.39,6514.93,Sea,Pacific,70.56
2025-03-18,0,0.74,2868.39,Sea,Commodity,70.56
2025-03-18,2,0.75,6306.3,Sea,Pacific,70.56
2025-03-18,0,0.62,2638.17,Sea,Suez,70.56
2025-03-18,0,0.43,1862.57,Sea,Suez,70.56
2025-03-18,0,0.37,2981.81,Sea,Atlantic,70.56
2025-03-18,0,0.52,2312.68,Sea,Commodity,70.56
2025-03-18,0,0.24,4057.9,Air,Atlantic,70.56
2025-03-18,0,0.55,2368.4,Sea,Suez,70.56
2025-03-18,0,0.54,2328.48,Sea,Intra-Asia,70.56
2025-03-18,0,0.22,2973.75,Sea,Suez,70.56
2025-02-19,0,0.51,3457.14,Sea,Intra-Asia,76.04
2025-02-19,0,0.77,2766.51,Sea,Pacific,76.04
2025-02-19,0,0.53,7208.6,Sea,Pacific,76.04
2025-02-19,0,0.84,52128.12,Air,Commodity,76.04
2025-02-19,0,0.71,8403.8,Sea,Pacific,76.04
2025-02-19,0,0.21,836.11,Sea,Suez,76.04
2025-02-19,2,0.28,5539.78,Sea,Pacific,76.04
2025-02-19,0,0.52,1023.72,Sea,Suez,76.04
2025-02-19,0,0.19,4670.75,Sea,Commodity,76.04
2025-02-19,0,0.34,2486.37,Sea,Pacific,76.04
2025-02-19,0,0.43,444.73,Sea,Suez,76.04
2025-02-19,7,0.22,124612.75,Air,Suez,76.04
2025-02-19,5,0.38,114928.16,Air,Commodity,76.04
2024-12-13,0,0.79,8843.5,Sea,Suez,74.49
2024-12-13,0,0.56,3193.32,Sea,Suez,74.49
2024-12-13,0,0.62,1214.19,Sea,Suez,74.49
2024-12-13,0,0.12,1883.84,Sea,Intra-Asia,74.49
2024-12-13,0,0.3,24031.15,Air,Pacific,74.49
2024-12-13,0,0.23,5531.93,Sea,Commodity,74.49
2024-12-13,0,0.28,4048.0,Sea,Pacific,74.49
2024-12-13,1,0.7,8030.72,Sea,Pacific,74.49
2024-12-13,0,0.82,1157.52,Sea,Intra-Asia,74.49
2024-12-13,0,0.51,59347.53,Air,Suez,74.49
2024-12-13,0,0.14,429.21,Sea,Suez,74.49
2024-12-13,0,0.79,1649.49,Sea,Atlantic,74.49
2024-12-13,0,0.85,5859.88,Sea,Commodity,74.49
2024-12-13,11,0.86,12755.14,Sea,Suez,74.49
2024-12-13,0,0.89,38305.58,Air,Suez,74.49
2024-12-13,0,0.51,4277.07,Sea,Suez,74.49
2024-12-13,0,0.49,1449.77,Sea,Pacific,74.49
2024-12-13,0,0.51,3288.03,Sea,Suez,74.49
2024-12-13,0,0.62,1534.95,Sea,Pacific,74.49
2024-06-28,0,0.59,494.49,Sea,Commodity,86.41
2024-06-28,0,0.28,1608.96,Sea,Intra-Asia,86.41
2024-06-28,0,0.67,8330.8,Air,Atlantic,86.41
2024-06-28,0,0.11,1494.62,Sea,Commodity,86.41
2024-06-28,0,0.3,122.85,Sea,Intra-Asia,86.41
2024-06-28,0,0.89,7464.56,Sea,Atlantic,86.41
2024-06-28,0,0.39,6403.04,Sea,Pacific,86.41
2024-06-28,0,0.34,5064.53,Sea,Atlantic,86.41
2024-06-28,18,0.73,1328.64,Sea,Suez,86.41
2024-06-28,0,0.12,1459.36,Sea,Commodity,86.41
2024-06-28,0,0.7,5480.8,Sea,Pacific,86.41
2024-06-28,0,0.79,1456.16,Sea,Intra-Asia,86.41
2024-06-28,0,0.62,3291.03,Sea,Atlantic,86.41
2024-06-28,0,0.25,2410.0,Sea,Atlantic,86.41
2025-10-21,0,0.57,310.86,Sea,Suez,61.32
2025-10-21,0,0.13,2069.59,Sea,Commodity,61.32
2025-10-21,0,0.26,2841.3,Sea,Suez,61.32
2025-10-21,0,0.78,27881.92,Air,Commodity,61.32
2025-10-21,0,0.43,6873.3,Sea,Suez,61.32
2025-10-21,0,0.64,2189.4,Sea,Intra-Asia,61.32
2025-10-21,13,0.89,8647.12,Sea,Suez,61.32
2025-10-21,0,0.58,5661.93,Sea,Suez,61.32
2025-10-21,0,0.68,1098.72,Sea,Commodity,61.32
2025-10-21,0,0.18,1796.55,Sea,Suez,61.32
2024-11-05,0,0.29,720.47,Sea,Atlantic,75.53
2024-11-05,0,0.12,419.44,Sea,Suez,75.53
2024-11-05,0,0.42,5074.37,Sea,Pacific,75.53
2024-11-05,0,0.27,862.97,Sea,Commodity,75.53
2024-11-05,0,0.87,2069.16,Sea,Suez,75.53
2024-11-05,0,0.44,2993.04,Sea,Commodity,75.53
2024-11-05,5,0.54,131.28,Sea,Atlantic,75.53
2024-11-05,0,0.42,3571.3,Sea,Commodity,75.53
2024-11-05,0,0.13,62100.28,Air,Atlantic,75.53
2024-11-05,1,0.84,27627.6,Air,Suez,75.53
2024-06-13,2,0.64,7134.82,Sea,Atlantic,82.75
2024-06-13,0,0.25,13358.12,Air,Suez,82.75
2024-06-13,0,0.68,2470.44,Sea,Atlantic,82.75
2024-06-13,0,0.25,2475.0,Sea,Intra-Asia,82.75
2024-06-13,0,0.66,4914.43,Sea,Atlantic,82.75
2024-06-13,0,0.34,6043.4,Air,Suez,82.75
2024-06-13,0,0.35,3067.88,Sea,Commodity,82.75
2024-06-13,0,0.14,26026.77,Air,Atlantic,82.75
2024-06-13,0,0.42,6545.49,Sea,Intra-Asia,82.75
2024-06-13,0,0.39,5188.18,Sea,Atlantic,82.75
2024-06-13,0,0.59,5080.05,Sea,Atlantic,82.75
2024-06-13,0,0.66,3280.16,Sea,Suez,82.75
2025-01-23,0,0.76,4890.16,Sea,Commodity,78.29
2025-01-23,0,0.84,17274.84,Air,Commodity,78.29
2025-01-23,0,0.74,8320.68,Sea,Suez,78.29
2025-01-23,0,0.66,436.58,Sea,Commodity,78.29
2025-01-23,0,0.46,5764.81,Sea,Commodity,78.29
2025-01-23,0,0.39,23386.06,Air,Suez,78.29
2025-01-23,0,0.65,3901.42,Sea,Atlantic,78.29
2025-01-23,0,0.76,5671.6,Sea,Commodity,78.29
2025-01-23,0,0.25,38671.88,Air,Atlantic,78.29
2025-01-23,0,0.58,1429.11,Sea,Suez,78.29
2025-01-23,0,0.74,4555.32,Sea,Atlantic,78.29
2025-01-23,0,0.2,1965.0,Sea,Atlantic,78.29
2025-01-23,0,0.77,6190.57,Sea,Intra-Asia,78.29
2025-01-23,0,0.37,10142.11,Air,Commodity,78.29
2025-01-23,2,0.57,53400.57,Air,Commodity,78.29
2025-01-23,0,0.56,6978.66,Sea,Suez,78.29
2025-01-23,0,0.9,1805.0,Sea,Pacific,78.29
2025-11-18,0,0.36,39359.76,Air,Intra-Asia,64.89
2025-11-18,0,0.2,5005.8,Sea,Suez,64.89
2025-11-18,0,0.23,2566.39,Sea,Commodity,64.89
2025-11-18,0,0.18,14790.71,Air,Suez,64.89
2025-11-18,3,0.32,1680.69,Sea,Intra-Asia,64.89
2025-11-18,0,0.65,4582.88,Sea,Commodity,64.89
2025-11-18,2,0.31,4084.52,Sea,Atlantic,64.89
2025-11-18,1,0.87,2415.11,Sea,Atlantic,64.89
2025-11-18,1,0.28,2685.06,Sea,Commodity,64.89
2025-11-18,0,0.85,2846.23,Sea,Intra-Asia,64.89
2025-10-09,0,0.11,1353.65,Sea,Intra-Asia,65.22
2025-10-09,13,0.42,78368.66,Air,Suez,65.22
2025-10-09,0,0.55,4194.3,Sea,Commodity,65.22
2025-10-09,17,0.82,6161.79,Sea,Suez,65.22
2025-10-09,0,0.14,51589.56,Air,Suez,65.22
2025-10-09,0,0.42,63643.69,Air,Suez,65.22
2025-10-09,0,0.19,4707.05,Sea,Pacific,65.22
2025-10-09,0,0.66,3939.18,Sea,Atlantic,65.22
2025-10-09,0,0.72,55558.58,Air,Suez,65.22
2025-10-09,0,0.26,1334.34,Sea,Intra-Asia,65.22
2025-10-09,0,0.74,131.37,Sea,Atlantic,65.22
2025-10-09,0,0.35,495.45,Sea,Atlantic,65.22
2025-10-09,0,0.75,92958.25,Air,Pacific,65.22
2025-10-09,0,0.19,5769.72,Sea,Atlantic,65.22
2025-10-09,0,0.44,545.04,Sea,Atlantic,65.22
2025-10-09,0,0.82,707.98,Sea,Pacific,65.22
2025-10-09,0,0.44,62837.28,Air,Atlantic,65.22
2024-10-30,0,0.42,5250.45,Sea,Pacific,72.55
2024-10-30,0,0.5,2622.75,Sea,Suez,72.55
2024-10-30,0,0.12,3525.76,Sea,Suez,72.55
2024-10-30,0,0.42,6301.25,Sea,Commodity,72.55
2024-10-30,0,0.58,6487.48,Sea,Commodity,72.55
2024-10-30,0,0.49,3785.34,Sea,Suez,72.55
2024-10-30,0,0.37,26786.93,Air,Intra-Asia,72.55
2024-10-30,0,0.35,1572.08,Sea,Pacific,72.55
2024-10-30,0,0.37,65886.04,Air,Suez,72.55
2024-10-30,3,0.7,440.39,Sea,Atlantic,72.55
2024-10-30,2,0.68,144364.38,Air,Intra-Asia,72.55
2024-10-30,0,0.24,2404.98,Sea,Commodity,72.55
2025-10-28,0,0.89,7593.08,Sea,Suez,64.4
2025-10-28,0,0.41,2714.95,Sea,Atlantic,64.4
2025-10-28,3,0.64,838.86,Sea,Atlantic,64.4
2025-10-28,0,0.53,2020.37,Sea,Pacific,64.4
2025-10-28,0,0.8,1961.1,Sea,Atlantic,64.4
2025-10-28,0,0.71,8545.73,Sea,Suez,64.4
2025-10-28,0,0.52,4802.44,Sea,Suez,64.4
2025-10-28,0,0.63,2934.0,Sea,Pacific,64.4
2025-10-28,0,0.23,59707.89,Air,Atlantic,64.4
2025-10-28,0,0.26,29916.81,Air,Commodity,64.4
2025-10-28,0,0.3,4359.55,Sea,Commodity,64.4
2025-10-28,0,0.12,2672.88,Sea,Commodity,64.4
2025-10-28,0,0.29,1659.59,Sea,Suez,64.4
2025-10-28,0,0.83,5299.68,Sea,Intra-Asia,64.4
2025-10-28,0,0.39,51313.24,Air,Atlantic,64.4
2025-11-05,5,0.22,1337.97,Sea,Pacific,63.52
2025-11-05,0,0.59,2318.22,Sea,Pacific,63.52
2025-11-05,0,0.3,37687.65,Air,Suez,63.52
2025-11-05,0,0.68,47050.08,Air,Suez,63.52
2025-11-05,0,0.54,5864.32,Sea,Suez,63.52
2025-11-05,0,0.11,44902.28,Air,Pacific,63.52
2025-11-05,1,0.53,122768.96,Air,Atlantic,63.52
2025-11-05,2,0.89,1645.02,Sea,Atlantic,63.52
2025-11-05,0,0.57,5141.75,Sea,Commodity,63.52
2025-11-05,0,0.83,4756.17,Sea,Pacific,63.52
2024-09-09,12,0.22,14107.1,Air,Suez,71.84
2024-09-09,0,0.14,1635.9,Sea,Intra-Asia,71.84
2024-09-09,0,0.77,1185.9,Sea,Suez,71.84
2024-09-09,0,0.87,2935.9,Sea,Atlantic,71.84
2024-09-09,0,0.67,5285.55,Sea,Suez,71.84
2024-09-09,0,0.68,3403.68,Sea,Pacific,71.84
2024-09-09,0,0.41,454.02,Sea,Intra-Asia,71.84
2024-09-09,2,0.79,125616.78,Air,Atlantic,71.84
2024-09-09,0,0.15,117.87,Sea,Suez,71.84
2024-09-09,0,0.34,2225.74,Air,Commodity,71.84
2024-09-09,0,0.75,1487.5,Sea,Commodity,71.84
2025-11-25,0,0.28,2702.08,Sea,Intra-Asia,62.48
2025-11-25,0,0.78,170.88,Sea,Pacific,62.48
2025-11-25,0,0.48,1688.68,Sea,Intra-Asia,62.48
2025-11-25,0,0.6,84911.2,Air,Atlantic,62.48
2025-11-25,0,0.51,8354.83,Air,Pacific,62.48
2025-11-25,0,0.44,75770.64,Air,Suez,62.48
2025-11-25,0,0.73,6705.48,Sea,Suez,62.48
2025-11-25,0,0.76,88610.72,Air,Suez,62.48
2025-11-25,17,0.4,142499.28,Air,Suez,62.48
2025-11-25,0,0.58,6421.91,Sea,Suez,62.48
2025-11-25,0,0.8,4671.0,Sea,Suez,62.48
2025-11-25,0,0.7,1382.1,Sea,Suez,62.48
2025-05-29,0,0.42,4835.81,Sea,Suez,64.15
2025-05-29,0,0.88,7377.12,Sea,Pacific,64.15
2025-05-29,0,0.67,2505.84,Sea,Suez,64.15
2025-05-29,0,0.17,2665.26,Sea,Pacific,64.15
2025-05-29,0,0.73,6804.95,Sea,Intra-Asia,64.15
2025-05-29,0,0.81,2322.23,Sea,Atlantic,64.15
2025-05-29,4,0.39,7535.68,Sea,Intra-Asia,64.15
2025-05-29,0,0.38,520.26,Sea,Suez,64.15
2025-05-29,0,0.84,3657.0,Sea,Atlantic,64.15
2025-05-29,0,0.25,50771.88,Air,Suez,64.15
2024-03-21,0,0.4,2845.5,Sea,Intra-Asia,85.78
2024-03-21,0,0.2,2805.6,Sea,Suez,85.78
2024-03-21,0,0.43,1101.1,Sea,Atlantic,85.78
2024-03-21,0,0.88,2082.1,Sea,Commodity,85.78
2024-03-21,0,0.53,7432.74,Sea,Atlantic,85.78
2024-03-21,0,0.33,3039.72,Sea,Commodity,85.78
2024-03-21,0,0.52,3363.0,Sea,Intra-Asia,85.78
2024-03-21,0,0.54,3816.12,Sea,Commodity,85.78
2024-03-21,0,0.71,7253.82,Sea,Pacific,85.78
2024-03-21,0,0.12,1048.88,Sea,Pacific,85.78
2024-03-21,0,0.44,23585.76,Air,Pacific,85.78
2024-03-21,0,0.6,2525.6,Air,Atlantic,85.78
2024-03-21,0,0.16,258.68,Sea,Suez,85.78
2024-03-21,0,0.66,5751.9,Sea,Suez,85.78
2024-03-21,0,0.79,234.49,Sea,Atlantic,85.78
2025-10-07,0,0.67,577.82,Sea,Intra-Asia,65.45
2025-10-07,0,0.46,6996.32,Sea,Pacific,65.45
2025-10-07,0,0.77,4518.81,Sea,Suez,65.45
2025-10-07,0,0.67,6632.4,Sea,Pacific,65.45
2025-10-07,0,0.57,2925.54,Sea,Intra-Asia,65.45
2025-10-07,0,0.36,31042.0,Air,Intra-Asia,65.45
2025-10-07,0,0.65,2621.02,Sea,Suez,65.45
2025-10-07,0,0.34,32730.17,Air,Suez,65.45
2025-10-07,0,0.64,5580.1,Sea,Suez,65.45
2025-10-07,0,0.32,53077.86,Air,Atlantic,65.45
2025-10-07,0,0.54,2893.66,Sea,Pacific,65.45
2025-10-07,6,0.79,133673.94,Air,Pacific,65.45
2025-10-07,0,0.26,1522.08,Sea,Intra-Asia,65.45
2025-10-07,0,0.52,2827.96,Sea,Pacific,65.45
2025-10-07,0,0.18,4294.02,Sea,Atlantic,65.45
2024-04-09,0,0.45,1107.8,Sea,Suez,89.42
2024-04-09,0,0.87,536.69,Sea,Suez,89.42
2024-04-09,0,0.58,2727.08,Sea,Suez,89.42
2024-04-09,0,0.57,1364.33,Sea,Pacific,89.42
2024-04-09,0,0.8,3085.2,Sea,Suez,89.42
2024-04-09,1,0.32,2094.18,Sea,Atlantic,89.42
2024-04-09,0,0.5,6306.75,Sea,Suez,89.42
2024-04-09,0,0.32,951.06,Air,Pacific,89.42
2024-04-09,0,0.34,5012.27,Sea,Intra-Asia,89.42
2024-04-09,0,0.25,2747.5,Sea,Atlantic,89.42
2024-04-09,0,0.51,6170.61,Sea,Pacific,89.42
2024-04-09,0,0.43,5207.34,Sea,Suez,89.42
2024-04-09,0,0.12,16287.04,Air,Pacific,89.42
2025-12-17,0,0.84,4566.88,Sea,Atlantic,59.68
2025-12-17,0,0.67,2528.38,Sea,Commodity,59.68
2025-12-17,0,0.26,6293.07,Sea,Suez,59.68
2025-12-17,0,0.58,5667.46,Sea,Suez,59.68
2025-12-17,0,0.55,34773.47,Air,Suez,59.68
2025-12-17,3,0.15,31809.69,Air,Commodity,59.68
2025-12-17,0,0.21,5547.24,Sea,Suez,59.68
2025-12-17,0,0.2,32623.8,Air,Atlantic,59.68
2025-12-17,0,0.86,2205.96,Sea,Pacific,59.68
2025-12-17,0,0.73,483.53,Sea,Commodity,59.68
2025-12-17,2,0.62,5767.0,Sea,Atlantic,59.68
2024-12-17,0,0.77,4794.93,Sea,Pacific,73.19
2024-12-17,0,0.47,5932.92,Sea,Pacific,73.19
2024-12-17,0,0.5,63797.25,Air,Pacific,73.19
2024-12-17,0,0.3,3085.55,Sea,Pacific,73.19
2024-12-17,0,0.71,3978.32,Sea,Suez,73.19
2024-12-17,9,0.68,174125.95,Air,Suez,73.19
2024-12-17,0,0.52,303.24,Sea,Commodity,73.19
2024-12-17,0,0.89,714.42,Sea,Atlantic,73.19
2024-12-17,0,0.18,5052.76,Sea,Suez,73.19
2025-06-26,0,0.84,6289.12,Sea,Commodity,67.73
2025-06-26,18,0.23,3309.18,Sea,Suez,67.73
2025-06-26,0,0.3,5453.5,Sea,Intra-Asia,67.73
2025-06-26,0,0.56,7090.98,Sea,Pacific,67.73
2025-06-26,0,0.47,23786.07,Air,Intra-Asia,67.73
2025-06-26,0,0.79,11558.03,Air,Intra-Asia,67.73
2025-06-26,0,0.38,509.91,Sea,Suez,67.73
2025-06-26,0,0.47,705.6,Sea,Atlantic,67.73
2025-06-26,0,0.52,43589.04,Air,Suez,67.73
2025-06-26,0,0.45,422.68,Sea,Intra-Asia,67.73
2025-06-26,0,0.66,6464.87,Sea,Suez,67.73
2025-06-26,0,0.37,6511.61,Sea,Commodity,67.73
2025-06-26,0,0.46,5683.05,Sea,Pacific,67.73
2025-06-26,0,0.85,4345.65,Sea,Commodity,67.73
2025-06-26,0,0.78,4960.86,Sea,Intra-Asia,67.73
2025-04-17,0,0.18,3940.02,Sea,Atlantic,67.96
2025-04-17,0,0.81,5891.55,Sea,Commodity,67.96
2025-04-17,13,0.89,18309.58,Sea,Suez,67.96
2025-04-17,1,0.68,3738.5,Sea,Pacific,67.96
2025-04-17,0,0.35,477.23,Sea,Suez,67.96
2025-04-17,0,0.33,46984.25,Air,Commodity,67.96
2025-04-17,0,0.3,4738.5,Sea,Atlantic,67.96
2024-07-18,0,0.32,2315.94,Sea,Intra-Asia,85.11
2024-07-18,0,0.21,5449.84,Sea,Suez,85.11
2024-07-18,0,0.36,4876.28,Sea,Intra-Asia,85.11
2024-07-18,0,0.42,208.74,Sea,Suez,85.11
2024-07-18,0,0.89,9356.44,Sea,Suez,85.11
2024-07-18,0,0.88,306.44,Sea,Intra-Asia,85.11
2024-07-18,0,0.28,4710.4,Sea,Intra-Asia,85.11
2024-07-18,0,0.25,2523.75,Sea,Atlantic,85.11
2024-07-18,4,0.55,603.58,Sea,Intra-Asia,85.11
2024-07-18,0,0.22,1531.1,Sea,Atlantic,85.11
2024-07-18,4,0.1,953.48,Sea,Atlantic,85.11
2024-07-18,0,0.44,2766.24,Sea,Suez,85.11
2024-07-18,0,0.5,5516.25,Sea,Atlantic,85.11
2024-07-18,0,0.1,377.85,Sea,Pacific,85.11
2024-07-18,0,0.16,5358.04,Sea,Atlantic,85.11
2024-05-09,0,0.24,298.84,Sea,Intra-Asia,83.88
2024-05-09,0,0.59,2167.17,Sea,Atlantic,83.88
2024-05-09,0,0.33,16875.71,Air,Suez,83.88
2024-05-09,0,0.71,62242.29,Air,Intra-Asia,83.88
2024-05-09,0,0.48,3577.16,Sea,Pacific,83.88
2024-05-09,0,0.81,7392.95,Sea,Atlantic,83.88
2024-09-11,0,0.32,63488.7,Air,Commodity,70.61
2024-09-11,0,0.77,1878.86,Sea,Suez,70.61
2024-09-11,0,0.43,1599.45,Sea,Suez,70.61
2024-09-11,1,0.64,4327.96,Sea,Commodity,70.61
2024-09-11,0,0.71,7425.68,Sea,Suez,70.61
2024-09-11,0,0.5,4698.0,Sea,Suez,70.61
2024-09-11,0,0.51,42671.09,Air,Suez,70.61
2024-09-11,0,0.12,1576.96,Sea,Suez,70.61
2024-09-11,0,0.48,4733.78,Sea,Suez,70.61
2024-09-11,0,0.19,255.25,Sea,Suez,70.61
2024-09-11,0,0.18,733.96,Sea,Intra-Asia,70.61
2024-09-11,0,0.65,5937.52,Sea,Suez,70.61
2024-09-11,0,0.67,5070.12,Sea,Atlantic,70.61
2024-09-11,0,0.42,1272.32,Sea,Suez,70.61
2024-09-11,0,0.24,5209.24,Sea,Atlantic,70.61
2025-04-16,0,0.17,5072.53,Sea,Suez,65.85
2025-04-16,0,0.81,5695.16,Sea,Pacific,65.85
2025-04-16,0,0.53,4556.34,Sea,Suez,65.85
2025-04-16,0,0.43,7849.27,Air,Commodity,65.85
2025-04-16,0,0.39,2601.39,Sea,Commodity,65.85
2025-04-16,0,0.89,881.69,Sea,Pacific,65.85
2025-04-16,0,0.27,23853.78,Air,Intra-Asia,65.85
2025-04-16,0,0.16,3645.88,Sea,Pacific,65.85
2025-07-07,15,0.62,12764.3,Sea,Suez,69.58
2025-07-07,0,0.41,3647.67,Sea,Suez,69.58
2025-07-07,0,0.74,6757.29,Sea,Commodity,69.58
2025-07-07,0,0.62,6342.3,Sea,Intra-Asia,69.58
2025-07-07,0,0.14,3832.68,Sea,Suez,69.58
2025-07-07,5,0.75,6101.54,Sea,Pacific,69.58
2025-07-07,0,0.73,1621.01,Sea,Suez,69.58
2025-07-07,0,0.33,14264.25,Air,Atlantic,69.58
2025-07-08,0,0.64,212.38,Sea,Intra-Asia,70.15
2025-07-08,0,0.31,70962.04,Air,Suez,70.15
2025-07-08,0,0.29,6113.95,Sea,Suez,70.15
2025-07-08,0,0.62,19441.62,Air,Intra-Asia,70.15
2025-07-08,0,0.64,5848.24,Sea,Intra-Asia,70.15
2025-07-08,0,0.82,3321.5,Sea,Atlantic,70.15
2025-07-08,0,0.72,69795.88,Air,Commodity,70.15
2025-07-08,0,0.37,6043.07,Sea,Intra-Asia,70.15
2025-07-08,0,0.57,3705.98,Sea,Suez,70.15
2024-10-18,11,0.38,71224.56,Air,Suez,73.06
2024-10-18,0,0.54,71088.71,Air,Atlantic,73.06
2024-10-18,0,0.86,5763.21,Sea,Atlantic,73.06
2024-10-18,0,0.89,1800.23,Sea,Suez,73.06
2024-10-18,0,0.39,5993.68,Sea,Pacific,73.06
2024-10-18,0,0.68,1008.84,Sea,Pacific,73.06
2024-10-18,0,0.49,16734.19,Air,Intra-Asia,73.06
2024-10-18,0,0.57,77490.49,Air,Suez,73.06
2024-10-18,0,0.47,3527.26,Sea,Pacific,73.06
2024-10-18,0,0.48,34171.72,Air,Suez,73.06
2024-10-18,0,0.43,3781.63,Sea,Atlantic,73.06
2024-07-31,0,0.29,4641.42,Sea,Commodity,80.72
2024-07-31,0,0.41,614.76,Sea,Suez,80.72
2024-07-31,0,0.31,3138.11,Sea,Suez,80.72
2024-07-31,0,0.87,7647.37,Sea,Suez,80.72
2024-07-31,3,0.65,12257.19,Sea,Pacific,80.72
2024-07-31,0,0.55,23085.7,Air,Suez,80.72
2024-07-31,0,0.7,7621.95,Sea,Intra-Asia,80.72
2024-07-31,3,0.49,6934.76,Sea,Intra-Asia,80.72
2024-07-31,0,0.79,1367.56,Sea,Suez,80.72
2024-07-31,0,0.17,2698.61,Sea,Suez,80.72
2024-07-31,0,0.39,3948.3,Sea,Atlantic,80.72
2025-08-01,0,0.85,8742.18,Sea,Commodity,69.67
2025-08-01,0,0.79,6232.78,Sea,Atlantic,69.67
2025-08-01,0,0.18,3070.36,Sea,Commodity,69.67
2025-08-01,0,0.76,1659.68,Sea,Intra-Asia,69.67
2025-08-01,0,0.75,24274.25,Air,Intra-Asia,69.67
2025-08-01,0,0.29,37695.74,Air,Suez,69.67
2025-08-01,0,0.45,841.0,Sea,Pacific,69.67
2025-08-01,0,0.63,37177.85,Air,Suez,69.67
2025-08-01,0,0.61,3999.24,Sea,Suez,69.67
2025-08-01,0,0.24,586.52,Sea,Pacific,69.67
2025-08-01,0,0.86,7717.14,Sea,Pacific,69.67
2025-08-01,0,0.21,5706.36,Sea,Pacific,69.67
2025-08-01,4,0.17,2411.37,Sea,Intra-Asia,69.67
2025-08-01,7,0.29,835.92,Sea,Pacific,69.67
2025-08-01,8,0.17,9030.53,Sea,Suez,69.67
2024-06-11,0,0.45,1297.02,Sea,Atlantic,81.92
2024-06-11,0,0.82,1645.28,Sea,Suez,81.92
2024-06-11,0,0.4,2445.8,Sea,Suez,81.92
2024-06-11,0,0.53,6245.46,Sea,Suez,81.92
2024-06-11,10,0.39,11001.02,Sea,Suez,81.92
2024-06-11,0,0.67,4229.27,Sea,Pacific,81.92
2024-06-11,0,0.34,219.09,Sea,Intra-Asia,81.92
2024-06-11,0,0.83,4522.85,Sea,Suez,81.92
2024-06-11,0,0.34,48089.25,Air,Commodity,81.92
2024-06-11,0,0.27,5845.18,Sea,Suez,81.92
2024-06-11,0,0.54,64185.66,Air,Commodity,81.92
2024-06-11,0,0.77,5816.22,Sea,Suez,81.92
2024-06-11,0,0.12,836.64,Sea,Commodity,81.92
2025-08-18,0,0.11,1178.27,Sea,Intra-Asia,66.6
2025-08-18,0,0.53,3398.13,Sea,Suez,66.6
2025-08-18,0,0.11,59.94,Sea,Suez,66.6
2025-08-18,0,0.26,1053.36,Sea,Intra-Asia,66.6
2025-08-18,0,0.84,6859.52,Sea,Suez,66.6
2025-08-18,10,0.14,2770.66,Sea,Suez,66.6
2025-08-18,0,0.14,1691.76,Sea,Commodity,66.6
2025-08-18,0,0.68,7389.48,Sea,Suez,66.6
2025-08-18,0,0.39,3259.55,Sea,Suez,66.6
2025-08-18,0,0.63,987.78,Sea,Commodity,66.6
2025-08-18,0,0.59,7499.23,Sea,Suez,66.6
2025-08-18,0,0.31,1060.44,Sea,Commodity,66.6
2025-08-18,0,0.5,2798.25,Sea,Intra-Asia,66.6
2025-08-18,0,0.1,1281.5,Sea,Commodity,66.6
2025-08-18,0,0.77,5587.01,Sea,Atlantic,66.6
2025-07-15,0,0.11,1173.27,Sea,Intra-Asia,68.71
2025-07-15,0,0.56,5127.72,Sea,Atlantic,68.71
2025-07-15,0,0.4,1052.8,Sea,Suez,68.71
2025-07-15,0,0.7,1740.8,Sea,Commodity,68.71
2025-07-15,1,0.42,76597.36,Air,Atlantic,68.71
2025-07-15,0,0.25,2061.25,Sea,Suez,68.71
2025-07-15,0,0.11,4836.27,Sea,Intra-Asia,68.71
2025-07-15,0,0.43,1509.37,Sea,Atlantic,68.71
2025-07-15,0,0.44,66892.32,Air,Atlantic,68.71
2025-07-15,0,0.61,5202.71,Sea,Commodity,68.71
2025-07-15,0,0.59,7787.02,Sea,Commodity,68.71
2025-07-15,0,0.18,1935.79,Sea,Atlantic,68.71
2025-07-15,10,0.2,6322.56,Sea,Suez,68.71
2025-10-03,0,0.22,5059.34,Sea,Intra-Asia,64.53
2025-10-03,2,0.27,3112.52,Sea,Atlantic,64.53
2025-10-03,0,0.18,2113.38,Sea,Commodity,64.53
2025-10-03,0,0.49,1063.86,Sea,Commodity,64.53
2025-10-03,0,0.81,4859.85,Sea,Atlantic,64.53
2025-10-03,0,0.56,2492.1,Sea,Suez,64.53
2025-10-03,0,0.85,3891.48,Sea,Pacific,64.53
2025-10-03,10,0.72,919.17,Sea,Suez,64.53
2025-10-03,0,0.87,7467.85,Sea,Intra-Asia,64.53
2025-10-03,0,0.78,3791.4,Sea,Pacific,64.53
2024-02-13,0,0.35,5392.58,Sea,Suez,82.77
2024-02-13,0,0.13,5254.5,Sea,Atlantic,82.77
2024-02-13,0,0.41,5779.59,Sea,Commodity,82.77
2024-02-13,0,0.85,325.6,Sea,Commodity,82.77
2024-02-13,2,0.45,5641.52,Sea,Pacific,82.77
2024-02-13,1,0.31,1772.43,Sea,Commodity,82.77
2024-02-13,0,0.64,5227.5,Sea,Commodity,82.77
2024-02-13,9,0.37,2772.88,Sea,Suez,82.77
2024-02-13,0,0.68,76257.72,Air,Suez,82.77
2024-02-13,0,0.7,4573.0,Sea,Suez,82.77
2024-02-13,4,0.53,564.65,Sea,Intra-Asia,82.77
2024-02-13,0,0.55,6981.2,Sea,Suez,82.77
2024-02-13,0,0.59,6114.5,Sea,Pacific,82.77
2024-02-13,0,0.21,1664.36,Sea,Commodity,82.77
2024-02-13,0,0.72,56230.24,Air,Commodity,82.77
2025-05-30,0,0.3,1068.6,Sea,Suez,63.9
2025-05-30,0,0.48,6278.16,Sea,Pacific,63.9
2025-05-30,0,0.22,858.27,Sea,Atlantic,63.9
2025-05-30,0,0.29,5823.06,Sea,Suez,63.9
2025-05-30,0,0.72,1892.0,Sea,Suez,63.9
2025-05-30,0,0.89,5644.49,Sea,Intra-Asia,63.9
2025-05-30,0,0.36,2775.08,Sea,Intra-Asia,63.9
2025-05-30,0,0.2,4657.8,Sea,Pacific,63.9
2024-01-10,0,0.29,222.53,Sea,Intra-Asia,76.8
2024-01-10,0,0.26,3965.22,Sea,Suez,76.8
2024-01-10,0,0.59,721.86,Sea,Pacific,76.8
2024-01-10,0,0.7,2161.55,Sea,Intra-Asia,76.8
2024-01-10,0,0.79,6351.82,Sea,Commodity,76.8
2024-01-10,0,0.84,8264.36,Sea,Pacific,76.8
2024-01-10,0,0.5,6450.75,Sea,Intra-Asia,76.8
2024-01-10,0,0.14,5380.23,Sea,Atlantic,76.8
2024-01-10,0,0.17,5679.76,Sea,Commodity,76.8
2024-04-15,0,0.11,2715.62,Sea,Suez,90.1
2024-04-15,0,0.37,3921.63,Sea,Suez,90.1
2024-04-15,0,0.76,1036.64,Sea,Suez,90.1
2024-04-15,0,0.3,4453.8,Sea,Suez,90.1
2024-04-15,0,0.16,5443.88,Sea,Atlantic,90.1
2024-04-15,0,0.78,4935.94,Sea,Atlantic,90.1
2024-04-15,0,0.75,1033.38,Sea,Atlantic,90.1
2024-04-15,0,0.39,437.85,Sea,Suez,90.1
2024-04-15,0,0.69,2349.1,Sea,Intra-Asia,90.1
2024-04-15,0,0.52,4072.84,Sea,Pacific,90.1
2024-04-15,0,0.52,4718.08,Sea,Suez,90.1
2024-04-15,0,0.54,35048.86,Air,Atlantic,90.1
2024-04-15,0,0.37,2237.21,Sea,Atlantic,90.1
2024-04-15,0,0.84,2013.88,Air,Commodity,90.1
2024-04-15,0,0.42,4989.88,Sea,Commodity,90.1
2024-04-15,0,0.21,2861.05,Sea,Atlantic,90.1
2025-09-24,0,0.12,5386.64,Sea,Atlantic,69.31
2025-09-24,0,0.21,4665.15,Air,Atlantic,69.31
2025-09-24,0,0.53,468.94,Sea,Pacific,69.31
2025-09-24,0,0.49,24806.26,Air,Atlantic,69.31
2025-09-24,0,0.2,572.4,Sea,Pacific,69.31
2025-09-24,0,0.84,205.16,Sea,Pacific,69.31
2025-09-24,0,0.43,4310.02,Air,Suez,69.31
2025-09-24,0,0.16,27695.58,Air,Atlantic,69.31
2025-09-24,0,0.79,2186.49,Sea,Atlantic,69.31
2025-09-24,0,0.22,4710.42,Sea,Pacific,69.31
2025-09-24,0,0.37,1273.42,Sea,Intra-Asia,69.31
2025-09-24,0,0.41,3945.18,Sea,Suez,69.31
2025-01-29,0,0.64,2456.72,Sea,Atlantic,76.58
2025-01-29,0,0.84,8817.28,Sea,Intra-Asia,76.58
2025-01-29,0,0.88,8726.02,Sea,Suez,76.58
2025-01-29,0,0.62,2843.91,Sea,Suez,76.58
2025-01-29,0,0.36,5558.32,Sea,Intra-Asia,76.58
2025-01-29,0,0.32,2392.5,Sea,Suez,76.58
2025-01-29,0,0.6,772.0,Sea,Suez,76.58
2025-01-29,0,0.4,3490.2,Sea,Pacific,76.58
2024-03-07,0,0.73,4717.71,Sea,Atlantic,82.96
2024-03-07,0,0.52,4808.52,Sea,Suez,82.96
2024-03-07,0,0.18,1745.81,Air,Intra-Asia,82.96
2024-03-07,0,0.59,5730.36,Sea,Pacific,82.96
2024-03-07,0,0.89,6254.01,Sea,Pacific,82.96
2024-03-07,0,0.29,2753.51,Sea,Suez,82.96
2024-03-07,0,0.59,6426.78,Sea,Intra-Asia,82.96
2024-03-07,0,0.4,464.8,Sea,Atlantic,82.96
2024-03-07,0,0.26,3899.7,Sea,Atlantic,82.96
2024-03-07,0,0.47,1910.26,Sea,Suez,82.96
2025-01-16,0,0.23,14301.21,Air,Intra-Asia,81.29
2025-01-16,0,0.31,2432.67,Sea,Suez,81.29
2025-01-16,0,0.24,4520.42,Sea,Suez,81.29
2025-01-16,1,0.33,1695.09,Sea,Commodity,81.29
2025-01-16,0,0.34,30106.45,Air,Intra-Asia,81.29
2025-01-16,0,0.54,4439.82,Sea,Atlantic,81.29
2025-01-16,0,0.68,3394.44,Sea,Atlantic,81.29
2025-01-16,0,0.62,281.07,Sea,Suez,81.29
2025-01-16,0,0.53,5873.67,Sea,Pacific,81.29
2024-11-06,0,0.36,43937.52,Air,Intra-Asia,74.92
2024-11-06,0,0.45,111.65,Sea,Suez,74.92
2024-11-06,0,0.61,7041.33,Sea,Suez,74.92
2024-11-06,0,0.76,2968.24,Sea,Pacific,74.92
2024-11-06,0,0.8,348.3,Sea,Atlantic,74.92
2024-11-06,0,0.26,1729.35,Sea,Atlantic,74.92
2024-11-06,0,0.62,2875.5,Sea,Pacific,74.92
2024-11-06,0,0.65,4811.4,Sea,Commodity,74.92
2024-11-06,0,0.74,825.63,Sea,Atlantic,74.92
2024-11-06,0,0.5,1100.25,Sea,Atlantic,74.92
2024-11-06,0,0.46,2434.55,Sea,Intra-Asia,74.92
2024-11-06,2,0.61,5390.92,Sea,Commodity,74.92
2024-11-06,0,0.43,35864.4,Air,Commodity,74.92
2025-06-30,0,0.59,2094.82,Sea,Suez,67.61
2025-06-30,0,0.38,4622.31,Sea,Suez,67.61
2025-06-30,0,0.32,5707.02,Sea,Pacific,67.61
2025-06-30,0,0.64,81631.0,Air,Suez,67.61
2025-06-30,0,0.61,3185.38,Sea,Pacific,67.61
2025-06-30,0,0.64,7352.94,Sea,Intra-Asia,67.61
2025-06-30,0,0.85,8405.48,Sea,Suez,67.61
2025-06-30,2,0.2,4941.42,Sea,Pacific,67.61
2025-06-30,0,0.35,1834.65,Sea,Atlantic,67.61
2025-06-30,14,0.39,2051.65,Sea,Suez,67.61
2025-06-30,0,0.77,3459.47,Sea,Pacific,67.61
2024-10-11,0,0.78,4156.3,Sea,Pacific,79.04
2024-10-11,0,0.67,5439.19,Sea,Commodity,79.04
2024-10-11,0,0.85,4027.45,Sea,Intra-Asia,79.04
2024-10-11,0,0.31,5220.74,Sea,Intra-Asia,79.04
2024-10-11,0,0.55,18925.5,Air,Suez,79.04
2024-10-10,0,0.66,683.09,Sea,Commodity,79.4
2024-10-10,5,0.58,357.16,Sea,Commodity,79.4
2024-10-10,0,0.12,2823.52,Sea,Atlantic,79.4
2024-10-10,0,0.41,1099.8,Sea,Intra-Asia,79.4
2024-10-10,0,0.27,25690.83,Air,Atlantic,79.4
2024-10-10,0,0.84,59546.08,Air,Pacific,79.4
2024-10-10,0,0.82,58518.46,Air,Commodity,79.4
2024-10-10,0,0.46,4039.09,Sea,Intra-Asia,79.4
2024-10-10,2,0.37,5808.73,Sea,Commodity,79.4
2024-10-10,0,0.14,51965.76,Air,Suez,79.4
2024-10-10,0,0.21,445.88,Sea,Pacific,79.4
2024-10-10,0,0.79,1004.19,Sea,Suez,79.4
2024-09-18,0,0.88,6717.24,Sea,Atlantic,73.65
2024-09-18,0,0.67,666.33,Sea,Commodity,73.65
2024-09-18,0,0.8,4907.7,Sea,Suez,73.65
2024-09-18,0,0.88,4301.44,Sea,Commodity,73.65
2024-09-18,0,0.21,5509.13,Sea,Pacific,73.65
2024-09-18,0,0.89,5285.39,Sea,Suez,73.65
2024-09-18,0,0.39,833.31,Sea,Intra-Asia,73.65
2024-09-18,0,0.21,1245.09,Sea,Commodity,73.65
2024-09-18,0,0.18,1515.12,Sea,Pacific,73.65
2024-09-18,0,0.56,9892.74,Air,Suez,73.65
2024-09-18,0,0.41,795.24,Sea,Intra-Asia,73.65
2024-09-18,0,0.34,3701.08,Sea,Pacific,73.65
2024-12-10,0,0.22,3674.03,Sea,Suez,72.19
2024-12-10,0,0.17,2695.09,Sea,Atlantic,72.19
2024-12-10,0,0.55,6769.62,Sea,Atlantic,72.19
2024-12-10,0,0.48,4903.98,Sea,Pacific,72.19
2024-12-10,0,0.87,89438.36,Air,Atlantic,72.19
2024-12-10,0,0.11,32313.77,Air,Intra-Asia,72.19
2024-12-10,0,0.39,3670.3,Sea,Commodity,72.19
2024-12-10,0,0.19,3101.73,Sea,Suez,72.19
2025-04-29,0,0.54,3137.75,Sea,Suez,64.25
2025-04-29,0,0.67,75463.96,Air,Commodity,64.25
2025-04-29,0,0.73,908.25,Sea,Suez,64.25
2025-04-29,2,0.88,4996.29,Sea,Atlantic,64.25
2025-04-29,0,0.72,1250.44,Sea,Pacific,64.25
2025-04-22,0,0.58,10810.36,Air,Pacific,67.44
2025-04-22,0,0.55,20792.48,Air,Suez,67.44
2025-04-22,0,0.58,4007.67,Sea,Intra-Asia,67.44
2025-04-22,2,0.85,93294.58,Air,Commodity,67.44
2025-04-22,0,0.71,5458.32,Sea,Intra-Asia,67.44
2025-04-22,0,0.13,1641.89,Sea,Commodity,67.44
2025-04-22,0,0.49,34984.46,Air,Suez,67.44
2025-04-22,0,0.51,1845.97,Sea,Intra-Asia,67.44
2025-04-22,0,0.51,2551.9,Sea,Suez,67.44
2025-04-22,12,0.73,603.42,Sea,Suez,67.44
2025-04-22,1,0.65,2564.59,Sea,Intra-Asia,67.44
2025-11-17,1,0.18,2630.4,Sea,Intra-Asia,64.2
2025-11-17,0,0.29,461.82,Sea,Atlantic,64.2
2025-11-17,0,0.15,4298.7,Sea,Suez,64.2
2025-11-17,0,0.52,3586.44,Sea,Suez,64.2
2025-11-17,0,0.57,4626.0,Sea,Suez,64.2
2025-11-17,0,0.18,14608.99,Air,Intra-Asia,64.2
2025-11-17,0,0.77,2465.61,Sea,Suez,64.2
2025-11-17,0,0.4,3499.3,Sea,Pacific,64.2
2025-11-17,3,0.63,5582.51,Sea,Intra-Asia,64.2
2025-05-22,4,0.28,6722.5,Sea,Intra-Asia,64.44
2025-05-22,0,0.5,6009.75,Sea,Commodity,64.44
2025-05-22,0,0.74,6286.62,Sea,Commodity,64.44
2025-05-22,0,0.61,6149.39,Sea,Intra-Asia,64.44
2025-05-22,0,0.19,4968.84,Sea,Atlantic,64.44
